mtllib ArmaduraFerro.mtl
o steel
usemtl steel
v -0.95000 1.02000 -0.28601
v -0.86739 1.02000 -0.35872
v -0.78478 1.02000 -0.43156
v -0.70217 1.02000 -0.50480
v -0.61957 1.02000 -0.52222
v 0.61957 1.02000 -0.52222
v 0.70217 1.02000 -0.50480
v 0.78478 1.02000 -0.43156
v 0.86739 1.02000 -0.35872
v 0.95000 1.02000 -0.28601
v -1.01085 0.92000 -0.29913
v -0.92295 0.92000 -0.37518
v -0.83505 0.92000 -0.45137
v -0.74715 0.92000 -0.52801
v -0.65925 0.92000 -0.54634
v -0.57135 0.92000 -0.54988
v 0.57135 0.92000 -0.54988
v 0.65925 0.92000 -0.54634
v 0.74715 0.92000 -0.52801
v 0.83505 0.92000 -0.45137
v 0.92295 0.92000 -0.37518
v 1.01085 0.92000 -0.29913
v -1.07169 0.82000 -0.31195
v -0.97850 0.82000 -0.39126
v -0.88531 0.82000 -0.47073
v -0.79212 0.82000 -0.55070
v -0.69893 0.82000 -0.56992
v -0.60574 0.82000 -0.57383
v -0.51255 0.82000 -0.58137
v 0.51255 0.82000 -0.58137
v 0.60574 0.82000 -0.57383
v 0.69893 0.82000 -0.56992
v 0.79212 0.82000 -0.55070
v 0.88531 0.82000 -0.47073
v 0.97850 0.82000 -0.39126
v 1.07169 0.82000 -0.31195
v -1.13254 0.72000 -0.32420
v -1.03406 0.72000 -0.40662
v -0.93558 0.72000 -0.48922
v -0.83709 0.72000 -0.57237
v -0.73861 0.72000 -0.59244
v -0.64013 0.72000 -0.59670
v -0.54165 0.72000 -0.60493
v -0.44317 0.72000 -0.61855
v -0.34469 0.72000 -0.63764
v -0.24620 0.72000 -0.65979
v -0.14772 0.72000 -0.67996
v -0.04924 0.72000 -0.69213
v 0.04924 0.72000 -0.69213
v 0.14772 0.72000 -0.67996
v 0.24620 0.72000 -0.65979
v 0.34469 0.72000 -0.63764
v 0.44317 0.72000 -0.61855
v 0.54165 0.72000 -0.60493
v 0.64013 0.72000 -0.59670
v 0.73861 0.72000 -0.59244
v 0.83709 0.72000 -0.57237
v 0.93558 0.72000 -0.48922
v 1.03406 0.72000 -0.40662
v 1.13254 0.72000 -0.32420
v -1.18175 0.62000 -0.33559
v -1.07899 0.62000 -0.42091
v -0.97622 0.62000 -0.50642
v -0.87346 0.62000 -0.59252
v -0.77070 0.62000 -0.61338
v -0.66794 0.62000 -0.61798
v -0.56518 0.62000 -0.62685
v -0.46242 0.62000 -0.64153
v -0.35966 0.62000 -0.66212
v -0.25690 0.62000 -0.68600
v -0.15414 0.62000 -0.70775
v -0.05138 0.62000 -0.72086
v 0.05138 0.62000 -0.72086
v 0.15414 0.62000 -0.70775
v 0.25690 0.62000 -0.68600
v 0.35966 0.62000 -0.66212
v 0.46242 0.62000 -0.64153
v 0.56518 0.62000 -0.62685
v 0.66794 0.62000 -0.61798
v 0.77070 0.62000 -0.61338
v 0.87346 0.62000 -0.59252
v 0.97622 0.62000 -0.50642
v 1.07899 0.62000 -0.42091
v 1.18175 0.62000 -0.33559
v -1.18968 0.52000 -0.34587
v -1.08623 0.52000 -0.43381
v -0.98278 0.52000 -0.52195
v -0.87933 0.52000 -0.61072
v -0.77588 0.52000 -0.63229
v -0.67243 0.52000 -0.63719
v -0.56898 0.52000 -0.64664
v -0.46553 0.52000 -0.66228
v -0.36208 0.52000 -0.68422
v -0.25863 0.52000 -0.70966
v -0.15518 0.52000 -0.73284
v -0.05173 0.52000 -0.74681
v 0.05173 0.52000 -0.74681
v 0.15518 0.52000 -0.73284
v 0.25863 0.52000 -0.70966
v 0.36208 0.52000 -0.68422
v 0.46553 0.52000 -0.66228
v 0.56898 0.52000 -0.64664
v 0.67243 0.52000 -0.63719
v 0.77588 0.52000 -0.63229
v 0.87933 0.52000 -0.61072
v 0.98278 0.52000 -0.52195
v 1.08623 0.52000 -0.43381
v 1.18968 0.52000 -0.34587
v -1.19762 0.42000 -0.35482
v -1.09348 0.42000 -0.44504
v -0.98934 0.42000 -0.53546
v -0.88520 0.42000 -0.62655
v -0.78106 0.42000 -0.64874
v -0.67692 0.42000 -0.65390
v -0.57277 0.42000 -0.66386
v -0.46863 0.42000 -0.68034
v -0.36449 0.42000 -0.70344
v -0.26035 0.42000 -0.73025
v -0.15621 0.42000 -0.75466
v -0.05207 0.42000 -0.76938
v 0.05207 0.42000 -0.76938
v 0.15621 0.42000 -0.75466
v 0.26035 0.42000 -0.73025
v 0.36449 0.42000 -0.70344
v 0.46863 0.42000 -0.68034
v 0.57277 0.42000 -0.66386
v 0.67692 0.42000 -0.65390
v 0.78106 0.42000 -0.64874
v 0.88520 0.42000 -0.62655
v 0.98934 0.42000 -0.53546
v 1.09348 0.42000 -0.44504
v 1.19762 0.42000 -0.35482
v -1.20556 0.32000 -0.36223
v -1.10072 0.32000 -0.45433
v -0.99589 0.32000 -0.54665
v -0.89106 0.32000 -0.63966
v -0.78623 0.32000 -0.66236
v -0.68140 0.32000 -0.66775
v -0.57657 0.32000 -0.67812
v -0.47174 0.32000 -0.69529
v -0.36691 0.32000 -0.71936
v -0.26208 0.32000 -0.74730
v -0.15725 0.32000 -0.77273
v -0.05242 0.32000 -0.78807
v 0.05242 0.32000 -0.78807
v 0.15725 0.32000 -0.77273
v 0.26208 0.32000 -0.74730
v 0.36691 0.32000 -0.71936
v 0.47174 0.32000 -0.69529
v 0.57657 0.32000 -0.67812
v 0.68140 0.32000 -0.66775
v 0.78623 0.32000 -0.66236
v 0.89106 0.32000 -0.63966
v 0.99589 0.32000 -0.54665
v 1.10072 0.32000 -0.45433
v 1.20556 0.32000 -0.36223
v -1.21349 0.22000 -0.36793
v -1.10797 0.22000 -0.46149
v -1.00245 0.22000 -0.55527
v -0.89693 0.22000 -0.64976
v -0.79141 0.22000 -0.67286
v -0.68589 0.22000 -0.67841
v -0.58037 0.22000 -0.68910
v -0.47484 0.22000 -0.70681
v -0.36932 0.22000 -0.73163
v -0.26380 0.22000 -0.76043
v -0.15828 0.22000 -0.78665
v -0.05276 0.22000 -0.80246
v 0.05276 0.22000 -0.80246
v 0.15828 0.22000 -0.78665
v 0.26380 0.22000 -0.76043
v 0.36932 0.22000 -0.73163
v 0.47484 0.22000 -0.70681
v 0.58037 0.22000 -0.68910
v 0.68589 0.22000 -0.67841
v 0.79141 0.22000 -0.67286
v 0.89693 0.22000 -0.64976
v 1.00245 0.22000 -0.55527
v 1.10797 0.22000 -0.46149
v 1.21349 0.22000 -0.36793
v -1.21143 0.12000 -0.37181
v -1.10609 0.12000 -0.46636
v -1.00075 0.12000 -0.56112
v -0.89540 0.12000 -0.65662
v -0.79006 0.12000 -0.67999
v -0.68472 0.12000 -0.68565
v -0.57938 0.12000 -0.69657
v -0.47404 0.12000 -0.71463
v -0.36870 0.12000 -0.73996
v -0.26335 0.12000 -0.76935
v -0.15801 0.12000 -0.79611
v -0.05267 0.12000 -0.81225
v 0.05267 0.12000 -0.81225
v 0.15801 0.12000 -0.79611
v 0.26335 0.12000 -0.76935
v 0.36870 0.12000 -0.73996
v 0.47404 0.12000 -0.71463
v 0.57938 0.12000 -0.69657
v 0.68472 0.12000 -0.68565
v 0.79006 0.12000 -0.67999
v 0.89540 0.12000 -0.65662
v 1.00075 0.12000 -0.56112
v 1.10609 0.12000 -0.46636
v 1.21143 0.12000 -0.37181
v -1.16381 0.02000 -0.37377
v -1.06261 0.02000 -0.46882
v -0.96141 0.02000 -0.56408
v -0.86021 0.02000 -0.66009
v -0.75901 0.02000 -0.68359
v -0.65781 0.02000 -0.68931
v -0.55660 0.02000 -0.70034
v -0.45540 0.02000 -0.71858
v -0.35420 0.02000 -0.74417
v -0.25300 0.02000 -0.77386
v -0.15180 0.02000 -0.80089
v -0.05060 0.02000 -0.81719
v 0.05060 0.02000 -0.81719
v 0.15180 0.02000 -0.80089
v 0.25300 0.02000 -0.77386
v 0.35420 0.02000 -0.74417
v 0.45540 0.02000 -0.71858
v 0.55660 0.02000 -0.70034
v 0.65781 0.02000 -0.68931
v 0.75901 0.02000 -0.68359
v 0.86021 0.02000 -0.66009
v 0.96141 0.02000 -0.56408
v 1.06261 0.02000 -0.46882
v 1.16381 0.02000 -0.37377
v -1.11619 -0.08000 -0.37377
v -1.01913 -0.08000 -0.46882
v -0.92207 -0.08000 -0.56408
v -0.82501 -0.08000 -0.66009
v -0.72795 -0.08000 -0.68359
v -0.63089 -0.08000 -0.68931
v -0.53383 -0.08000 -0.70034
v -0.43677 -0.08000 -0.71858
v -0.33971 -0.08000 -0.74417
v -0.24265 -0.08000 -0.77386
v -0.14559 -0.08000 -0.80089
v -0.04853 -0.08000 -0.81719
v 0.04853 -0.08000 -0.81719
v 0.14559 -0.08000 -0.80089
v 0.24265 -0.08000 -0.77386
v 0.33971 -0.08000 -0.74417
v 0.43677 -0.08000 -0.71858
v 0.53383 -0.08000 -0.70034
v 0.63089 -0.08000 -0.68931
v 0.72795 -0.08000 -0.68359
v 0.82501 -0.08000 -0.66009
v 0.92207 -0.08000 -0.56408
v 1.01913 -0.08000 -0.46882
v 1.11619 -0.08000 -0.37377
v -1.06857 -0.18000 -0.37181
v -0.97565 -0.18000 -0.46636
v -0.88273 -0.18000 -0.56112
v -0.78981 -0.18000 -0.65662
v -0.69689 -0.18000 -0.67999
v -0.60398 -0.18000 -0.68565
v -0.51106 -0.18000 -0.69657
v -0.41814 -0.18000 -0.71463
v -0.32522 -0.18000 -0.73996
v -0.23230 -0.18000 -0.76935
v -0.13938 -0.18000 -0.79611
v -0.04646 -0.18000 -0.81225
v 0.04646 -0.18000 -0.81225
v 0.13938 -0.18000 -0.79611
v 0.23230 -0.18000 -0.76935
v 0.32522 -0.18000 -0.73996
v 0.41814 -0.18000 -0.71463
v 0.51106 -0.18000 -0.69657
v 0.60398 -0.18000 -0.68565
v 0.69689 -0.18000 -0.67999
v 0.78981 -0.18000 -0.65662
v 0.88273 -0.18000 -0.56112
v 0.97565 -0.18000 -0.46636
v 1.06857 -0.18000 -0.37181
v -1.02095 -0.28000 -0.36793
v -0.93217 -0.28000 -0.46149
v -0.84340 -0.28000 -0.55527
v -0.75462 -0.28000 -0.64976
v -0.66584 -0.28000 -0.67286
v -0.57706 -0.28000 -0.67841
v -0.48828 -0.28000 -0.68910
v -0.39950 -0.28000 -0.70681
v -0.31072 -0.28000 -0.73163
v -0.22195 -0.28000 -0.76043
v -0.13317 -0.28000 -0.78665
v -0.04439 -0.28000 -0.80246
v 0.04439 -0.28000 -0.80246
v 0.13317 -0.28000 -0.78665
v 0.22195 -0.28000 -0.76043
v 0.31072 -0.28000 -0.73163
v 0.39950 -0.28000 -0.70681
v 0.48828 -0.28000 -0.68910
v 0.57706 -0.28000 -0.67841
v 0.66584 -0.28000 -0.67286
v 0.75462 -0.28000 -0.64976
v 0.84340 -0.28000 -0.55527
v 0.93217 -0.28000 -0.46149
v 1.02095 -0.28000 -0.36793
v -0.97333 -0.38000 -0.36223
v -0.88870 -0.38000 -0.45433
v -0.80406 -0.38000 -0.54665
v -0.71942 -0.38000 -0.63966
v -0.63478 -0.38000 -0.66236
v -0.55014 -0.38000 -0.66775
v -0.46551 -0.38000 -0.67812
v -0.38087 -0.38000 -0.69529
v -0.29623 -0.38000 -0.71936
v -0.21159 -0.38000 -0.74730
v -0.12696 -0.38000 -0.77273
v -0.04232 -0.38000 -0.78807
v 0.04232 -0.38000 -0.78807
v 0.12696 -0.38000 -0.77273
v 0.21159 -0.38000 -0.74730
v 0.29623 -0.38000 -0.71936
v 0.38087 -0.38000 -0.69529
v 0.46551 -0.38000 -0.67812
v 0.55014 -0.38000 -0.66775
v 0.63478 -0.38000 -0.66236
v 0.71942 -0.38000 -0.63966
v 0.80406 -0.38000 -0.54665
v 0.88870 -0.38000 -0.45433
v 0.97333 -0.38000 -0.36223
v -0.92571 -0.48000 -0.35482
v -0.84522 -0.48000 -0.44504
v -0.76472 -0.48000 -0.53546
v -0.68422 -0.48000 -0.62655
v -0.60373 -0.48000 -0.64874
v -0.52323 -0.48000 -0.65390
v -0.44273 -0.48000 -0.66386
v -0.36224 -0.48000 -0.68034
v -0.28174 -0.48000 -0.70344
v -0.20124 -0.48000 -0.73025
v -0.12075 -0.48000 -0.75466
v -0.04025 -0.48000 -0.76938
v 0.04025 -0.48000 -0.76938
v 0.12075 -0.48000 -0.75466
v 0.20124 -0.48000 -0.73025
v 0.28174 -0.48000 -0.70344
v 0.36224 -0.48000 -0.68034
v 0.44273 -0.48000 -0.66386
v 0.52323 -0.48000 -0.65390
v 0.60373 -0.48000 -0.64874
v 0.68422 -0.48000 -0.62655
v 0.76472 -0.48000 -0.53546
v 0.84522 -0.48000 -0.44504
v 0.92571 -0.48000 -0.35482
v -0.87810 -0.58000 -0.34587
v -0.80174 -0.58000 -0.43381
v -0.72538 -0.58000 -0.52195
v -0.64903 -0.58000 -0.61072
v -0.57267 -0.58000 -0.63229
v -0.49631 -0.58000 -0.63719
v -0.41996 -0.58000 -0.64664
v -0.34360 -0.58000 -0.66228
v -0.26725 -0.58000 -0.68422
v -0.19089 -0.58000 -0.70966
v -0.11453 -0.58000 -0.73284
v -0.03818 -0.58000 -0.74681
v 0.03818 -0.58000 -0.74681
v 0.11453 -0.58000 -0.73284
v 0.19089 -0.58000 -0.70966
v 0.26725 -0.58000 -0.68422
v 0.34360 -0.58000 -0.66228
v 0.41996 -0.58000 -0.64664
v 0.49631 -0.58000 -0.63719
v 0.57267 -0.58000 -0.63229
v 0.64903 -0.58000 -0.61072
v 0.72538 -0.58000 -0.52195
v 0.80174 -0.58000 -0.43381
v 0.87810 -0.58000 -0.34587
v -0.87610 -0.68000 -0.33559
v -0.79992 -0.68000 -0.42091
v -0.72374 -0.68000 -0.50642
v -0.64756 -0.68000 -0.59252
v -0.57137 -0.68000 -0.61338
v -0.49519 -0.68000 -0.61798
v -0.41901 -0.68000 -0.62685
v -0.34282 -0.68000 -0.64153
v -0.26664 -0.68000 -0.66212
v -0.19046 -0.68000 -0.68600
v -0.11427 -0.68000 -0.70775
v -0.03809 -0.68000 -0.72086
v 0.03809 -0.68000 -0.72086
v 0.11427 -0.68000 -0.70775
v 0.19046 -0.68000 -0.68600
v 0.26664 -0.68000 -0.66212
v 0.34282 -0.68000 -0.64153
v 0.41901 -0.68000 -0.62685
v 0.49519 -0.68000 -0.61798
v 0.57137 -0.68000 -0.61338
v 0.64756 -0.68000 -0.59252
v 0.72374 -0.68000 -0.50642
v 0.79992 -0.68000 -0.42091
v 0.87610 -0.68000 -0.33559
v -0.90208 -0.78000 -0.32420
v -0.82364 -0.78000 -0.40662
v -0.74519 -0.78000 -0.48922
v -0.66675 -0.78000 -0.57237
v -0.58831 -0.78000 -0.59244
v -0.50987 -0.78000 -0.59670
v -0.43143 -0.78000 -0.60493
v -0.35299 -0.78000 -0.61855
v -0.27455 -0.78000 -0.63764
v -0.19610 -0.78000 -0.65979
v -0.11766 -0.78000 -0.67996
v -0.03922 -0.78000 -0.69213
v 0.03922 -0.78000 -0.69213
v 0.11766 -0.78000 -0.67996
v 0.19610 -0.78000 -0.65979
v 0.27455 -0.78000 -0.63764
v 0.35299 -0.78000 -0.61855
v 0.43143 -0.78000 -0.60493
v 0.50987 -0.78000 -0.59670
v 0.58831 -0.78000 -0.59244
v 0.66675 -0.78000 -0.57237
v 0.74519 -0.78000 -0.48922
v 0.82364 -0.78000 -0.40662
v 0.90208 -0.78000 -0.32420
v -0.92805 -0.88000 -0.31195
v -0.84735 -0.88000 -0.39126
v -0.76665 -0.88000 -0.47073
v -0.68595 -0.88000 -0.55070
v -0.60525 -0.88000 -0.56992
v -0.52455 -0.88000 -0.57383
v -0.44385 -0.88000 -0.58137
v -0.36315 -0.88000 -0.59384
v -0.28245 -0.88000 -0.61133
v -0.20175 -0.88000 -0.63162
v -0.12105 -0.88000 -0.65010
v -0.04035 -0.88000 -0.66124
v 0.04035 -0.88000 -0.66124
v 0.12105 -0.88000 -0.65010
v 0.20175 -0.88000 -0.63162
v 0.28245 -0.88000 -0.61133
v 0.36315 -0.88000 -0.59384
v 0.44385 -0.88000 -0.58137
v 0.52455 -0.88000 -0.57383
v 0.60525 -0.88000 -0.56992
v 0.68595 -0.88000 -0.55070
v 0.76665 -0.88000 -0.47073
v 0.84735 -0.88000 -0.39126
v 0.92805 -0.88000 -0.31195
v -0.95403 -0.98000 -0.29913
v -0.87107 -0.98000 -0.37518
v -0.78811 -0.98000 -0.45137
v -0.70515 -0.98000 -0.52801
v -0.62219 -0.98000 -0.54634
v -0.53923 -0.98000 -0.54988
v -0.45627 -0.98000 -0.55669
v -0.37331 -0.98000 -0.56796
v -0.29036 -0.98000 -0.58377
v -0.20740 -0.98000 -0.60211
v -0.12444 -0.98000 -0.61882
v -0.04148 -0.98000 -0.62889
v 0.04148 -0.98000 -0.62889
v 0.12444 -0.98000 -0.61882
v 0.20740 -0.98000 -0.60211
v 0.29036 -0.98000 -0.58377
v 0.37331 -0.98000 -0.56796
v 0.45627 -0.98000 -0.55669
v 0.53923 -0.98000 -0.54988
v 0.62219 -0.98000 -0.54634
v 0.70515 -0.98000 -0.52801
v 0.78811 -0.98000 -0.45137
v 0.87107 -0.98000 -0.37518
v 0.95403 -0.98000 -0.29913
v -0.98000 -1.08000 -0.28601
v -0.89478 -1.08000 -0.35872
v -0.80957 -1.08000 -0.43156
v -0.72435 -1.08000 -0.50480
v -0.63913 -1.08000 -0.52222
v -0.55391 -1.08000 -0.52537
v -0.46870 -1.08000 -0.53145
v -0.38348 -1.08000 -0.54149
v -0.29826 -1.08000 -0.55558
v -0.21304 -1.08000 -0.57193
v -0.12783 -1.08000 -0.58682
v -0.04261 -1.08000 -0.59580
v 0.04261 -1.08000 -0.59580
v 0.12783 -1.08000 -0.58682
v 0.21304 -1.08000 -0.57193
v 0.29826 -1.08000 -0.55558
v 0.38348 -1.08000 -0.54149
v 0.46870 -1.08000 -0.53145
v 0.55391 -1.08000 -0.52537
v 0.63913 -1.08000 -0.52222
v 0.72435 -1.08000 -0.50480
v 0.80957 -1.08000 -0.43156
v 0.89478 -1.08000 -0.35872
v 0.98000 -1.08000 -0.28601
v -0.95000 1.02000 0.28600
v -0.86739 1.02000 0.35868
v -0.78478 1.02000 0.43140
v -0.70217 1.02000 0.50421
v -0.61957 1.02000 0.52056
v 0.61957 1.02000 0.52056
v 0.70217 1.02000 0.50421
v 0.78478 1.02000 0.43140
v 0.86739 1.02000 0.35868
v 0.95000 1.02000 0.28600
v -1.01085 0.92000 0.29912
v -0.92295 0.92000 0.37513
v -0.83505 0.92000 0.45118
v -0.74715 0.92000 0.52735
v -0.65925 0.92000 0.54447
v -0.57135 0.92000 0.54535
v 0.57135 0.92000 0.54535
v 0.65925 0.92000 0.54447
v 0.74715 0.92000 0.52735
v 0.83505 0.92000 0.45118
v 0.92295 0.92000 0.37513
v 1.01085 0.92000 0.29912
v -1.07169 0.82000 0.31194
v -0.97850 0.82000 0.39122
v -0.88531 0.82000 0.47053
v -0.79212 0.82000 0.54997
v -0.69893 0.82000 0.56785
v -0.60574 0.82000 0.56883
v -0.51255 0.82000 0.57071
v 0.51255 0.82000 0.57071
v 0.60574 0.82000 0.56883
v 0.69893 0.82000 0.56785
v 0.79212 0.82000 0.54997
v 0.88531 0.82000 0.47053
v 0.97850 0.82000 0.39122
v 1.07169 0.82000 0.31194
v -1.13254 0.72000 0.32419
v -1.03406 0.72000 0.40657
v -0.93558 0.72000 0.48900
v -0.83709 0.72000 0.57157
v -0.73861 0.72000 0.59017
v -0.64013 0.72000 0.59124
v -0.54165 0.72000 0.59330
v -0.44317 0.72000 0.59670
v -0.34469 0.72000 0.60148
v -0.24620 0.72000 0.60701
v -0.14772 0.72000 0.61206
v -0.04924 0.72000 0.61510
v 0.04924 0.72000 0.61510
v 0.14772 0.72000 0.61206
v 0.24620 0.72000 0.60701
v 0.34469 0.72000 0.60148
v 0.44317 0.72000 0.59670
v 0.54165 0.72000 0.59330
v 0.64013 0.72000 0.59124
v 0.73861 0.72000 0.59017
v 0.83709 0.72000 0.57157
v 0.93558 0.72000 0.48900
v 1.03406 0.72000 0.40657
v 1.13254 0.72000 0.32419
v -1.18175 0.62000 0.33558
v -1.07899 0.62000 0.42086
v -0.97622 0.62000 0.50618
v -0.87346 0.62000 0.59166
v -0.77070 0.62000 0.61094
v -0.66794 0.62000 0.61209
v -0.56518 0.62000 0.61431
v -0.46242 0.62000 0.61798
v -0.35966 0.62000 0.62313
v -0.25690 0.62000 0.62910
v -0.15414 0.62000 0.63454
v -0.05138 0.62000 0.63781
v 0.05138 0.62000 0.63781
v 0.15414 0.62000 0.63454
v 0.25690 0.62000 0.62910
v 0.35966 0.62000 0.62313
v 0.46242 0.62000 0.61798
v 0.56518 0.62000 0.61431
v 0.66794 0.62000 0.61209
v 0.77070 0.62000 0.61094
v 0.87346 0.62000 0.59166
v 0.97622 0.62000 0.50618
v 1.07899 0.62000 0.42086
v 1.18175 0.62000 0.33558
v -1.18968 0.52000 0.34586
v -1.08623 0.52000 0.43375
v -0.98278 0.52000 0.52170
v -0.87933 0.52000 0.60980
v -0.77588 0.52000 0.62969
v -0.67243 0.52000 0.63092
v -0.56898 0.52000 0.63328
v -0.46553 0.52000 0.63719
v -0.36208 0.52000 0.64267
v -0.25863 0.52000 0.64904
v -0.15518 0.52000 0.65483
v -0.05173 0.52000 0.65832
v 0.05173 0.52000 0.65832
v 0.15518 0.52000 0.65483
v 0.25863 0.52000 0.64904
v 0.36208 0.52000 0.64267
v 0.46553 0.52000 0.63719
v 0.56898 0.52000 0.63328
v 0.67243 0.52000 0.63092
v 0.77588 0.52000 0.62969
v 0.87933 0.52000 0.60980
v 0.98278 0.52000 0.52170
v 1.08623 0.52000 0.43375
v 1.18968 0.52000 0.34586
v -1.19762 0.42000 0.35481
v -1.09348 0.42000 0.44497
v -0.98934 0.42000 0.53520
v -0.88520 0.42000 0.62558
v -0.78106 0.42000 0.64600
v -0.67692 0.42000 0.64730
v -0.57277 0.42000 0.64979
v -0.46863 0.42000 0.65390
v -0.36449 0.42000 0.65968
v -0.26035 0.42000 0.66638
v -0.15621 0.42000 0.67248
v -0.05207 0.42000 0.67616
v 0.05207 0.42000 0.67616
v 0.15621 0.42000 0.67248
v 0.26035 0.42000 0.66638
v 0.36449 0.42000 0.65968
v 0.46863 0.42000 0.65390
v 0.57277 0.42000 0.64979
v 0.67692 0.42000 0.64730
v 0.78106 0.42000 0.64600
v 0.88520 0.42000 0.62558
v 0.98934 0.42000 0.53520
v 1.09348 0.42000 0.44497
v 1.19762 0.42000 0.35481
v -1.20556 0.32000 0.36221
v -1.10072 0.32000 0.45427
v -0.99589 0.32000 0.54637
v -0.89106 0.32000 0.63865
v -0.78623 0.32000 0.65951
v -0.68140 0.32000 0.66086
v -0.57657 0.32000 0.66345
v -0.47174 0.32000 0.66775
v -0.36691 0.32000 0.67376
v -0.26208 0.32000 0.68075
v -0.15725 0.32000 0.68711
v -0.05242 0.32000 0.69094
v 0.05242 0.32000 0.69094
v 0.15725 0.32000 0.68711
v 0.26208 0.32000 0.68075
v 0.36691 0.32000 0.67376
v 0.47174 0.32000 0.66775
v 0.57657 0.32000 0.66345
v 0.68140 0.32000 0.66086
v 0.78623 0.32000 0.65951
v 0.89106 0.32000 0.63865
v 0.99589 0.32000 0.54637
v 1.10072 0.32000 0.45427
v 1.20556 0.32000 0.36221
v -1.21349 0.22000 0.36792
v -1.10797 0.22000 0.46142
v -1.00245 0.22000 0.55498
v -0.89693 0.22000 0.64872
v -0.79141 0.22000 0.66992
v -0.68589 0.22000 0.67131
v -0.58037 0.22000 0.67398
v -0.47484 0.22000 0.67841
v -0.36932 0.22000 0.68461
v -0.26380 0.22000 0.69181
v -0.15828 0.22000 0.69837
v -0.05276 0.22000 0.70232
v 0.05276 0.22000 0.70232
v 0.15828 0.22000 0.69837
v 0.26380 0.22000 0.69181
v 0.36932 0.22000 0.68461
v 0.47484 0.22000 0.67841
v 0.58037 0.22000 0.67398
v 0.68589 0.22000 0.67131
v 0.79141 0.22000 0.66992
v 0.89693 0.22000 0.64872
v 1.00245 0.22000 0.55498
v 1.10797 0.22000 0.46142
v 1.21349 0.22000 0.36792
v -1.21143 0.12000 0.37180
v -1.10609 0.12000 0.46629
v -1.00075 0.12000 0.56083
v -0.89540 0.12000 0.65556
v -0.79006 0.12000 0.67699
v -0.68472 0.12000 0.67840
v -0.57938 0.12000 0.68113
v -0.47404 0.12000 0.68565
v -0.36870 0.12000 0.69198
v -0.26335 0.12000 0.69933
v -0.15801 0.12000 0.70602
v -0.05267 0.12000 0.71005
v 0.05267 0.12000 0.71005
v 0.15801 0.12000 0.70602
v 0.26335 0.12000 0.69933
v 0.36870 0.12000 0.69198
v 0.47404 0.12000 0.68565
v 0.57938 0.12000 0.68113
v 0.68472 0.12000 0.67840
v 0.79006 0.12000 0.67699
v 0.89540 0.12000 0.65556
v 1.00075 0.12000 0.56083
v 1.10609 0.12000 0.46629
v 1.21143 0.12000 0.37180
v -1.16381 0.02000 0.37376
v -1.06261 0.02000 0.46875
v -0.96141 0.02000 0.56379
v -0.86021 0.02000 0.65902
v -0.75901 0.02000 0.68056
v -0.65781 0.02000 0.68199
v -0.55660 0.02000 0.68475
v -0.45540 0.02000 0.68931
v -0.35420 0.02000 0.69571
v -0.25300 0.02000 0.70313
v -0.15180 0.02000 0.70989
v -0.05060 0.02000 0.71396
v 0.05060 0.02000 0.71396
v 0.15180 0.02000 0.70989
v 0.25300 0.02000 0.70313
v 0.35420 0.02000 0.69571
v 0.45540 0.02000 0.68931
v 0.55660 0.02000 0.68475
v 0.65781 0.02000 0.68199
v 0.75901 0.02000 0.68056
v 0.86021 0.02000 0.65902
v 0.96141 0.02000 0.56379
v 1.06261 0.02000 0.46875
v 1.16381 0.02000 0.37376
v -1.11619 -0.08000 0.37376
v -1.01913 -0.08000 0.46875
v -0.92207 -0.08000 0.56379
v -0.82501 -0.08000 0.65902
v -0.72795 -0.08000 0.68056
v -0.63089 -0.08000 0.68199
v -0.53383 -0.08000 0.68475
v -0.43677 -0.08000 0.68931
v -0.33971 -0.08000 0.69571
v -0.24265 -0.08000 0.70313
v -0.14559 -0.08000 0.70989
v -0.04853 -0.08000 0.71396
v 0.04853 -0.08000 0.71396
v 0.14559 -0.08000 0.70989
v 0.24265 -0.08000 0.70313
v 0.33971 -0.08000 0.69571
v 0.43677 -0.08000 0.68931
v 0.53383 -0.08000 0.68475
v 0.63089 -0.08000 0.68199
v 0.72795 -0.08000 0.68056
v 0.82501 -0.08000 0.65902
v 0.92207 -0.08000 0.56379
v 1.01913 -0.08000 0.46875
v 1.11619 -0.08000 0.37376
v -1.06857 -0.18000 0.37180
v -0.97565 -0.18000 0.46629
v -0.88273 -0.18000 0.56083
v -0.78981 -0.18000 0.65556
v -0.69689 -0.18000 0.67699
v -0.60398 -0.18000 0.67840
v -0.51106 -0.18000 0.68113
v -0.41814 -0.18000 0.68565
v -0.32522 -0.18000 0.69198
v -0.23230 -0.18000 0.69933
v -0.13938 -0.18000 0.70602
v -0.04646 -0.18000 0.71005
v 0.04646 -0.18000 0.71005
v 0.13938 -0.18000 0.70602
v 0.23230 -0.18000 0.69933
v 0.32522 -0.18000 0.69198
v 0.41814 -0.18000 0.68565
v 0.51106 -0.18000 0.68113
v 0.60398 -0.18000 0.67840
v 0.69689 -0.18000 0.67699
v 0.78981 -0.18000 0.65556
v 0.88273 -0.18000 0.56083
v 0.97565 -0.18000 0.46629
v 1.06857 -0.18000 0.37180
v -1.02095 -0.28000 0.36792
v -0.93217 -0.28000 0.46142
v -0.84340 -0.28000 0.55498
v -0.75462 -0.28000 0.64872
v -0.66584 -0.28000 0.66992
v -0.57706 -0.28000 0.67131
v -0.48828 -0.28000 0.67398
v -0.39950 -0.28000 0.67841
v -0.31072 -0.28000 0.68461
v -0.22195 -0.28000 0.69181
v -0.13317 -0.28000 0.69837
v -0.04439 -0.28000 0.70232
v 0.04439 -0.28000 0.70232
v 0.13317 -0.28000 0.69837
v 0.22195 -0.28000 0.69181
v 0.31072 -0.28000 0.68461
v 0.39950 -0.28000 0.67841
v 0.48828 -0.28000 0.67398
v 0.57706 -0.28000 0.67131
v 0.66584 -0.28000 0.66992
v 0.75462 -0.28000 0.64872
v 0.84340 -0.28000 0.55498
v 0.93217 -0.28000 0.46142
v 1.02095 -0.28000 0.36792
v -0.97333 -0.38000 0.36221
v -0.88870 -0.38000 0.45427
v -0.80406 -0.38000 0.54637
v -0.71942 -0.38000 0.63865
v -0.63478 -0.38000 0.65951
v -0.55014 -0.38000 0.66086
v -0.46551 -0.38000 0.66345
v -0.38087 -0.38000 0.66775
v -0.29623 -0.38000 0.67376
v -0.21159 -0.38000 0.68075
v -0.12696 -0.38000 0.68711
v -0.04232 -0.38000 0.69094
v 0.04232 -0.38000 0.69094
v 0.12696 -0.38000 0.68711
v 0.21159 -0.38000 0.68075
v 0.29623 -0.38000 0.67376
v 0.38087 -0.38000 0.66775
v 0.46551 -0.38000 0.66345
v 0.55014 -0.38000 0.66086
v 0.63478 -0.38000 0.65951
v 0.71942 -0.38000 0.63865
v 0.80406 -0.38000 0.54637
v 0.88870 -0.38000 0.45427
v 0.97333 -0.38000 0.36221
v -0.92571 -0.48000 0.35481
v -0.84522 -0.48000 0.44497
v -0.76472 -0.48000 0.53520
v -0.68422 -0.48000 0.62558
v -0.60373 -0.48000 0.64600
v -0.52323 -0.48000 0.64730
v -0.44273 -0.48000 0.64979
v -0.36224 -0.48000 0.65390
v -0.28174 -0.48000 0.65968
v -0.20124 -0.48000 0.66638
v -0.12075 -0.48000 0.67248
v -0.04025 -0.48000 0.67616
v 0.04025 -0.48000 0.67616
v 0.12075 -0.48000 0.67248
v 0.20124 -0.48000 0.66638
v 0.28174 -0.48000 0.65968
v 0.36224 -0.48000 0.65390
v 0.44273 -0.48000 0.64979
v 0.52323 -0.48000 0.64730
v 0.60373 -0.48000 0.64600
v 0.68422 -0.48000 0.62558
v 0.76472 -0.48000 0.53520
v 0.84522 -0.48000 0.44497
v 0.92571 -0.48000 0.35481
v -0.87810 -0.58000 0.34586
v -0.80174 -0.58000 0.43375
v -0.72538 -0.58000 0.52170
v -0.64903 -0.58000 0.60980
v -0.57267 -0.58000 0.62969
v -0.49631 -0.58000 0.63092
v -0.41996 -0.58000 0.63328
v -0.34360 -0.58000 0.63719
v -0.26725 -0.58000 0.64267
v -0.19089 -0.58000 0.64904
v -0.11453 -0.58000 0.65483
v -0.03818 -0.58000 0.65832
v 0.03818 -0.58000 0.65832
v 0.11453 -0.58000 0.65483
v 0.19089 -0.58000 0.64904
v 0.26725 -0.58000 0.64267
v 0.34360 -0.58000 0.63719
v 0.41996 -0.58000 0.63328
v 0.49631 -0.58000 0.63092
v 0.57267 -0.58000 0.62969
v 0.64903 -0.58000 0.60980
v 0.72538 -0.58000 0.52170
v 0.80174 -0.58000 0.43375
v 0.87810 -0.58000 0.34586
v -0.87610 -0.68000 0.33558
v -0.79992 -0.68000 0.42086
v -0.72374 -0.68000 0.50618
v -0.64756 -0.68000 0.59166
v -0.57137 -0.68000 0.61094
v -0.49519 -0.68000 0.61209
v -0.41901 -0.68000 0.61431
v -0.34282 -0.68000 0.61798
v -0.26664 -0.68000 0.62313
v -0.19046 -0.68000 0.62910
v -0.11427 -0.68000 0.63454
v -0.03809 -0.68000 0.63781
v 0.03809 -0.68000 0.63781
v 0.11427 -0.68000 0.63454
v 0.19046 -0.68000 0.62910
v 0.26664 -0.68000 0.62313
v 0.34282 -0.68000 0.61798
v 0.41901 -0.68000 0.61431
v 0.49519 -0.68000 0.61209
v 0.57137 -0.68000 0.61094
v 0.64756 -0.68000 0.59166
v 0.72374 -0.68000 0.50618
v 0.79992 -0.68000 0.42086
v 0.87610 -0.68000 0.33558
v -0.90208 -0.78000 0.32419
v -0.82364 -0.78000 0.40657
v -0.74519 -0.78000 0.48900
v -0.66675 -0.78000 0.57157
v -0.58831 -0.78000 0.59017
v -0.50987 -0.78000 0.59124
v -0.43143 -0.78000 0.59330
v -0.35299 -0.78000 0.59670
v -0.27455 -0.78000 0.60148
v -0.19610 -0.78000 0.60701
v -0.11766 -0.78000 0.61206
v -0.03922 -0.78000 0.61510
v 0.03922 -0.78000 0.61510
v 0.11766 -0.78000 0.61206
v 0.19610 -0.78000 0.60701
v 0.27455 -0.78000 0.60148
v 0.35299 -0.78000 0.59670
v 0.43143 -0.78000 0.59330
v 0.50987 -0.78000 0.59124
v 0.58831 -0.78000 0.59017
v 0.66675 -0.78000 0.57157
v 0.74519 -0.78000 0.48900
v 0.82364 -0.78000 0.40657
v 0.90208 -0.78000 0.32419
v -0.92805 -0.88000 0.31194
v -0.84735 -0.88000 0.39122
v -0.76665 -0.88000 0.47053
v -0.68595 -0.88000 0.54997
v -0.60525 -0.88000 0.56785
v -0.52455 -0.88000 0.56883
v -0.44385 -0.88000 0.57071
v -0.36315 -0.88000 0.57383
v -0.28245 -0.88000 0.57820
v -0.20175 -0.88000 0.58328
v -0.12105 -0.88000 0.58790
v -0.04035 -0.88000 0.59068
v 0.04035 -0.88000 0.59068
v 0.12105 -0.88000 0.58790
v 0.20175 -0.88000 0.58328
v 0.28245 -0.88000 0.57820
v 0.36315 -0.88000 0.57383
v 0.44385 -0.88000 0.57071
v 0.52455 -0.88000 0.56883
v 0.60525 -0.88000 0.56785
v 0.68595 -0.88000 0.54997
v 0.76665 -0.88000 0.47053
v 0.84735 -0.88000 0.39122
v 0.92805 -0.88000 0.31194
v -0.95403 -0.98000 0.29912
v -0.87107 -0.98000 0.37513
v -0.78811 -0.98000 0.45118
v -0.70515 -0.98000 0.52735
v -0.62219 -0.98000 0.54447
v -0.53923 -0.98000 0.54535
v -0.45627 -0.98000 0.54706
v -0.37331 -0.98000 0.54988
v -0.29036 -0.98000 0.55383
v -0.20740 -0.98000 0.55841
v -0.12444 -0.98000 0.56259
v -0.04148 -0.98000 0.56511
v 0.04148 -0.98000 0.56511
v 0.12444 -0.98000 0.56259
v 0.20740 -0.98000 0.55841
v 0.29036 -0.98000 0.55383
v 0.37331 -0.98000 0.54988
v 0.45627 -0.98000 0.54706
v 0.53923 -0.98000 0.54535
v 0.62219 -0.98000 0.54447
v 0.70515 -0.98000 0.52735
v 0.78811 -0.98000 0.45118
v 0.87107 -0.98000 0.37513
v 0.95403 -0.98000 0.29912
v -0.98000 -1.08000 0.28600
v -0.89478 -1.08000 0.35868
v -0.80957 -1.08000 0.43140
v -0.72435 -1.08000 0.50421
v -0.63913 -1.08000 0.52056
v -0.55391 -1.08000 0.52134
v -0.46870 -1.08000 0.52286
v -0.38348 -1.08000 0.52537
v -0.29826 -1.08000 0.52890
v -0.21304 -1.08000 0.53298
v -0.12783 -1.08000 0.53671
v -0.04261 -1.08000 0.53895
v 0.04261 -1.08000 0.53895
v 0.12783 -1.08000 0.53671
v 0.21304 -1.08000 0.53298
v 0.29826 -1.08000 0.52890
v 0.38348 -1.08000 0.52537
v 0.46870 -1.08000 0.52286
v 0.55391 -1.08000 0.52134
v 0.63913 -1.08000 0.52056
v 0.72435 -1.08000 0.50421
v 0.80957 -1.08000 0.43140
v 0.89478 -1.08000 0.35868
v 0.98000 -1.08000 0.28600
v -0.00100 0.98000 -0.03501
v -0.00071 1.01182 -0.04819
v -0.00000 1.02500 -0.08000
v 0.00071 1.01182 -0.11181
v 0.00100 0.98000 -0.12499
v 0.00071 0.94818 -0.11181
v 0.00000 0.93500 -0.08000
v -0.00071 0.94818 -0.04819
v 0.09483 0.98000 -0.03289
v 0.09542 1.01182 -0.04606
v 0.09686 1.02500 -0.07784
v 0.09829 1.01182 -0.10963
v 0.09889 0.98000 -0.12280
v 0.09829 0.94818 -0.10963
v 0.09686 0.93500 -0.07784
v 0.09542 0.94818 -0.04606
v 0.18421 0.98000 -0.02670
v 0.18547 1.01182 -0.03982
v 0.18850 1.02500 -0.07149
v 0.19153 1.01182 -0.10317
v 0.19278 0.98000 -0.11629
v 0.19153 0.94818 -0.10317
v 0.18850 0.93500 -0.07149
v 0.18547 0.94818 -0.03982
v 0.26287 0.98000 -0.01685
v 0.26495 1.01182 -0.02986
v 0.26997 1.02500 -0.06128
v 0.27499 1.01182 -0.09270
v 0.27707 0.98000 -0.10572
v 0.27499 0.94818 -0.09270
v 0.26997 0.93500 -0.06128
v 0.26495 0.94818 -0.02986
v 0.32574 0.98000 -0.00418
v 0.32900 1.01182 -0.01695
v 0.33689 1.02500 -0.04777
v 0.34478 1.01182 -0.07860
v 0.34805 0.98000 -0.09137
v 0.34478 0.94818 -0.07860
v 0.33689 0.93500 -0.04777
v 0.32900 0.94818 -0.01695
v 0.36747 0.98000 0.00948
v 0.37280 1.01182 -0.00258
v 0.38565 1.02500 -0.03169
v 0.39850 1.01182 -0.06079
v 0.40383 0.98000 -0.07285
v 0.39850 0.94818 -0.06079
v 0.38565 0.93500 -0.03169
v 0.37280 0.94818 -0.00258
v 0.38060 0.98000 0.01668
v 0.39027 1.01182 0.00772
v 0.41362 1.02500 -0.01389
v 0.43697 1.01182 -0.03551
v 0.44664 0.98000 -0.04446
v 0.43697 0.94818 -0.03551
v 0.41362 0.93500 -0.01389
v 0.39027 0.94818 0.00772
v 0.37626 0.98000 -0.00851
v 0.38886 1.01182 -0.00465
v 0.41929 1.02500 0.00465
v 0.44972 1.01182 0.01396
v 0.46232 0.98000 0.01781
v 0.44972 0.94818 0.01396
v 0.41929 0.93500 0.00465
v 0.38886 0.94818 -0.00465
v 0.37820 0.98000 -0.01502
v 0.38527 1.01182 -0.00390
v 0.40236 1.02500 0.02294
v 0.41944 1.01182 0.04979
v 0.42651 0.98000 0.06091
v 0.41944 0.94818 0.04979
v 0.40236 0.93500 0.02294
v 0.38527 0.94818 -0.00390
v 0.34963 0.98000 -0.00273
v 0.35376 1.01182 0.00978
v 0.36373 1.02500 0.04000
v 0.37370 1.01182 0.07022
v 0.37783 0.98000 0.08273
v 0.37370 0.94818 0.07022
v 0.36373 0.93500 0.04000
v 0.35376 0.94818 0.00978
v 0.29659 0.98000 0.01079
v 0.29920 1.01182 0.02371
v 0.30550 1.02500 0.05490
v 0.31179 1.01182 0.08609
v 0.31440 0.98000 0.09901
v 0.31179 0.94818 0.08609
v 0.30550 0.93500 0.05490
v 0.29920 0.94818 0.02371
v 0.22520 0.98000 0.02219
v 0.22684 1.01182 0.03527
v 0.23079 1.02500 0.06684
v 0.23475 1.01182 0.09841
v 0.23639 0.98000 0.11149
v 0.23475 0.94818 0.09841
v 0.23079 0.93500 0.06684
v 0.22684 0.94818 0.03527
v 0.14054 0.98000 0.03028
v 0.14145 1.01182 0.04343
v 0.14365 1.02500 0.07518
v 0.14585 1.01182 0.10692
v 0.14676 0.98000 0.12007
v 0.14585 0.94818 0.10692
v 0.14365 0.93500 0.07518
v 0.14145 0.94818 0.04343
v 0.04776 0.98000 0.03447
v 0.04805 1.01182 0.04765
v 0.04876 1.02500 0.07946
v 0.04947 1.01182 0.11127
v 0.04976 0.98000 0.12445
v 0.04947 0.94818 0.11127
v 0.04876 0.93500 0.07946
v 0.04805 0.94818 0.04765
v -0.04776 0.98000 0.03447
v -0.04805 1.01182 0.04765
v -0.04876 1.02500 0.07946
v -0.04947 1.01182 0.11127
v -0.04976 0.98000 0.12445
v -0.04947 0.94818 0.11127
v -0.04876 0.93500 0.07946
v -0.04805 0.94818 0.04765
v -0.14054 0.98000 0.03028
v -0.14145 1.01182 0.04343
v -0.14365 1.02500 0.07518
v -0.14585 1.01182 0.10692
v -0.14676 0.98000 0.12007
v -0.14585 0.94818 0.10692
v -0.14365 0.93500 0.07518
v -0.14145 0.94818 0.04343
v -0.22520 0.98000 0.02219
v -0.22684 1.01182 0.03527
v -0.23079 1.02500 0.06684
v -0.23475 1.01182 0.09841
v -0.23639 0.98000 0.11149
v -0.23475 0.94818 0.09841
v -0.23079 0.93500 0.06684
v -0.22684 0.94818 0.03527
v -0.29659 0.98000 0.01079
v -0.29920 1.01182 0.02371
v -0.30550 1.02500 0.05490
v -0.31179 1.01182 0.08609
v -0.31440 0.98000 0.09901
v -0.31179 0.94818 0.08609
v -0.30550 0.93500 0.05490
v -0.29920 0.94818 0.02371
v -0.34963 0.98000 -0.00273
v -0.35376 1.01182 0.00978
v -0.36373 1.02500 0.04000
v -0.37370 1.01182 0.07022
v -0.37783 0.98000 0.08273
v -0.37370 0.94818 0.07022
v -0.36373 0.93500 0.04000
v -0.35376 0.94818 0.00978
v -0.37820 0.98000 -0.01502
v -0.38527 1.01182 -0.00390
v -0.40236 1.02500 0.02294
v -0.41944 1.01182 0.04979
v -0.42651 0.98000 0.06091
v -0.41944 0.94818 0.04979
v -0.40236 0.93500 0.02294
v -0.38527 0.94818 -0.00390
v -0.37626 0.98000 -0.00851
v -0.38886 1.01182 -0.00465
v -0.41929 1.02500 0.00465
v -0.44972 1.01182 0.01396
v -0.46232 0.98000 0.01781
v -0.44972 0.94818 0.01396
v -0.41929 0.93500 0.00465
v -0.38886 0.94818 -0.00465
v -0.38060 0.98000 0.01668
v -0.39027 1.01182 0.00772
v -0.41362 1.02500 -0.01389
v -0.43697 1.01182 -0.03551
v -0.44664 0.98000 -0.04446
v -0.43697 0.94818 -0.03551
v -0.41362 0.93500 -0.01389
v -0.39027 0.94818 0.00772
v -0.36747 0.98000 0.00948
v -0.37280 1.01182 -0.00258
v -0.38565 1.02500 -0.03169
v -0.39850 1.01182 -0.06079
v -0.40383 0.98000 -0.07285
v -0.39850 0.94818 -0.06079
v -0.38565 0.93500 -0.03169
v -0.37280 0.94818 -0.00258
v -0.32574 0.98000 -0.00418
v -0.32900 1.01182 -0.01695
v -0.33689 1.02500 -0.04777
v -0.34478 1.01182 -0.07860
v -0.34805 0.98000 -0.09137
v -0.34478 0.94818 -0.07860
v -0.33689 0.93500 -0.04777
v -0.32900 0.94818 -0.01695
v -0.26287 0.98000 -0.01685
v -0.26495 1.01182 -0.02986
v -0.26997 1.02500 -0.06128
v -0.27499 1.01182 -0.09270
v -0.27707 0.98000 -0.10572
v -0.27499 0.94818 -0.09270
v -0.26997 0.93500 -0.06128
v -0.26495 0.94818 -0.02986
v -0.18421 0.98000 -0.02670
v -0.18547 1.01182 -0.03982
v -0.18850 1.02500 -0.07149
v -0.19153 1.01182 -0.10317
v -0.19278 0.98000 -0.11629
v -0.19153 0.94818 -0.10317
v -0.18850 0.93500 -0.07149
v -0.18547 0.94818 -0.03982
v -0.09483 0.98000 -0.03289
v -0.09542 1.01182 -0.04606
v -0.09686 1.02500 -0.07784
v -0.09829 1.01182 -0.10963
v -0.09889 0.98000 -0.12280
v -0.09829 0.94818 -0.10963
v -0.09686 0.93500 -0.07784
v -0.09542 0.94818 -0.04606
v 0.00100 0.98000 -0.03501
v 0.00071 1.01182 -0.04819
v -0.00000 1.02500 -0.08000
v -0.00071 1.01182 -0.11181
v -0.00100 0.98000 -0.12499
v -0.00071 0.94818 -0.11181
v -0.00000 0.93500 -0.08000
v 0.00071 0.94818 -0.04819
v -0.88196 -1.08000 -0.49004
v -0.88197 -1.05879 -0.49882
v -0.88200 -1.05000 -0.52004
v -0.88203 -1.05879 -0.54125
v -0.88204 -1.08000 -0.55004
v -0.88203 -1.10121 -0.54125
v -0.88200 -1.11000 -0.52004
v -0.88197 -1.10121 -0.49882
v -0.76430 -1.08000 -0.49019
v -0.76433 -1.05879 -0.49898
v -0.76440 -1.05000 -0.52019
v -0.76447 -1.05879 -0.54141
v -0.76450 -1.08000 -0.55019
v -0.76447 -1.10121 -0.54141
v -0.76440 -1.11000 -0.52019
v -0.76433 -1.10121 -0.49898
v -0.64648 -1.08000 -0.49082
v -0.64657 -1.05879 -0.49960
v -0.64680 -1.05000 -0.52082
v -0.64703 -1.05879 -0.54203
v -0.64712 -1.08000 -0.55081
v -0.64703 -1.10121 -0.54203
v -0.64680 -1.11000 -0.52082
v -0.64657 -1.10121 -0.49960
v -0.52840 -1.08000 -0.49272
v -0.52864 -1.05879 -0.50151
v -0.52920 -1.05000 -0.52271
v -0.52976 -1.05879 -0.54392
v -0.53000 -1.08000 -0.55270
v -0.52976 -1.10121 -0.54392
v -0.52920 -1.11000 -0.52271
v -0.52864 -1.10121 -0.50151
v -0.41009 -1.08000 -0.49712
v -0.41053 -1.05879 -0.50590
v -0.41160 -1.05000 -0.52708
v -0.41267 -1.05879 -0.54827
v -0.41311 -1.08000 -0.55704
v -0.41267 -1.10121 -0.54827
v -0.41160 -1.11000 -0.52708
v -0.41053 -1.10121 -0.50590
v -0.29191 -1.08000 -0.50462
v -0.29252 -1.05879 -0.51339
v -0.29400 -1.05000 -0.53455
v -0.29548 -1.05879 -0.55571
v -0.29609 -1.08000 -0.56448
v -0.29548 -1.10121 -0.55571
v -0.29400 -1.11000 -0.53455
v -0.29252 -1.10121 -0.51339
v -0.17445 -1.08000 -0.51358
v -0.17502 -1.05879 -0.52234
v -0.17640 -1.05000 -0.54351
v -0.17778 -1.05879 -0.56468
v -0.17835 -1.08000 -0.57345
v -0.17778 -1.10121 -0.56468
v -0.17640 -1.11000 -0.54351
v -0.17502 -1.10121 -0.52234
v -0.05799 -1.08000 -0.51990
v -0.05822 -1.05879 -0.52868
v -0.05880 -1.05000 -0.54989
v -0.05938 -1.05879 -0.57110
v -0.05961 -1.08000 -0.57988
v -0.05938 -1.10121 -0.57110
v -0.05880 -1.11000 -0.54989
v -0.05822 -1.10121 -0.52868
v 0.05799 -1.08000 -0.51990
v 0.05822 -1.05879 -0.52868
v 0.05880 -1.05000 -0.54989
v 0.05938 -1.05879 -0.57110
v 0.05961 -1.08000 -0.57988
v 0.05938 -1.10121 -0.57110
v 0.05880 -1.11000 -0.54989
v 0.05822 -1.10121 -0.52868
v 0.17445 -1.08000 -0.51358
v 0.17502 -1.05879 -0.52234
v 0.17640 -1.05000 -0.54351
v 0.17778 -1.05879 -0.56468
v 0.17835 -1.08000 -0.57345
v 0.17778 -1.10121 -0.56468
v 0.17640 -1.11000 -0.54351
v 0.17502 -1.10121 -0.52234
v 0.29191 -1.08000 -0.50462
v 0.29252 -1.05879 -0.51339
v 0.29400 -1.05000 -0.53455
v 0.29548 -1.05879 -0.55571
v 0.29609 -1.08000 -0.56448
v 0.29548 -1.10121 -0.55571
v 0.29400 -1.11000 -0.53455
v 0.29252 -1.10121 -0.51339
v 0.41009 -1.08000 -0.49712
v 0.41053 -1.05879 -0.50590
v 0.41160 -1.05000 -0.52708
v 0.41267 -1.05879 -0.54827
v 0.41311 -1.08000 -0.55704
v 0.41267 -1.10121 -0.54827
v 0.41160 -1.11000 -0.52708
v 0.41053 -1.10121 -0.50590
v 0.52840 -1.08000 -0.49272
v 0.52864 -1.05879 -0.50151
v 0.52920 -1.05000 -0.52271
v 0.52976 -1.05879 -0.54392
v 0.53000 -1.08000 -0.55270
v 0.52976 -1.10121 -0.54392
v 0.52920 -1.11000 -0.52271
v 0.52864 -1.10121 -0.50151
v 0.64648 -1.08000 -0.49082
v 0.64657 -1.05879 -0.49960
v 0.64680 -1.05000 -0.52082
v 0.64703 -1.05879 -0.54203
v 0.64712 -1.08000 -0.55081
v 0.64703 -1.10121 -0.54203
v 0.64680 -1.11000 -0.52082
v 0.64657 -1.10121 -0.49960
v 0.76430 -1.08000 -0.49019
v 0.76433 -1.05879 -0.49898
v 0.76440 -1.05000 -0.52019
v 0.76447 -1.05879 -0.54141
v 0.76450 -1.08000 -0.55019
v 0.76447 -1.10121 -0.54141
v 0.76440 -1.11000 -0.52019
v 0.76433 -1.10121 -0.49898
v 0.88196 -1.08000 -0.49004
v 0.88197 -1.05879 -0.49882
v 0.88200 -1.05000 -0.52004
v 0.88203 -1.05879 -0.54125
v 0.88204 -1.08000 -0.55004
v 0.88203 -1.10121 -0.54125
v 0.88200 -1.11000 -0.52004
v 0.88197 -1.10121 -0.49882
v -0.96844 1.16065 -0.13030
v -0.96675 1.13496 -0.11489
v -0.97552 1.16065 -0.12953
v -0.96838 1.13354 -0.11883
v -0.98167 1.16065 -0.12147
v -0.96999 1.13362 -0.11572
v -0.98685 1.16065 -0.10653
v -0.97352 1.13400 -0.10307
v -0.99103 1.16065 -0.08544
v -0.97695 1.13425 -0.08325
v -0.99419 1.16065 -0.05921
v -0.97974 1.13439 -0.05785
v -0.99631 1.16065 -0.02912
v -0.98168 1.13447 -0.02838
v -0.99737 1.16065 0.00336
v -0.98266 1.13450 0.00359
v -0.99737 1.16065 0.03664
v -0.98266 1.13450 0.03641
v -0.99631 1.16065 0.06912
v -0.98168 1.13447 0.06838
v -0.99419 1.16065 0.09921
v -0.97974 1.13439 0.09785
v -0.99103 1.16065 0.12544
v -0.97695 1.13425 0.12325
v -0.98685 1.16065 0.14653
v -0.97352 1.13400 0.14307
v -0.98167 1.16065 0.16147
v -0.96999 1.13362 0.15572
v -0.97552 1.16065 0.16953
v -0.96838 1.13354 0.15883
v -0.96844 1.16065 0.17030
v -0.96675 1.13496 0.15489
v -1.01514 1.12922 -0.17758
v -1.01324 1.10483 -0.16022
v -1.02444 1.12922 -0.17657
v -1.01628 1.10307 -0.16433
v -1.03253 1.12922 -0.16598
v -1.01917 1.10317 -0.15940
v -1.03934 1.12922 -0.14634
v -1.02415 1.10365 -0.14240
v -1.04483 1.12922 -0.11861
v -1.02885 1.10395 -0.11613
v -1.04899 1.12922 -0.08412
v -1.03261 1.10413 -0.08259
v -1.05177 1.12922 -0.04457
v -1.03519 1.10423 -0.04373
v -1.05316 1.12922 -0.00188
v -1.03651 1.10427 -0.00161
v -1.05316 1.12922 0.04188
v -1.03651 1.10427 0.04161
v -1.05177 1.12922 0.08457
v -1.03519 1.10423 0.08373
v -1.04899 1.12922 0.12412
v -1.03261 1.10413 0.12259
v -1.04483 1.12922 0.15861
v -1.02885 1.10395 0.15613
v -1.03934 1.12922 0.18634
v -1.02415 1.10365 0.18240
v -1.03253 1.12922 0.20598
v -1.01917 1.10317 0.19940
v -1.02444 1.12922 0.21657
v -1.01628 1.10307 0.20433
v -1.01514 1.12922 0.21758
v -1.01324 1.10483 0.20022
v -1.05729 1.08966 -0.22027
v -1.05501 1.06826 -0.19937
v -1.06861 1.08966 -0.21903
v -1.05843 1.06591 -0.20378
v -1.07844 1.08966 -0.20616
v -1.06184 1.06604 -0.19798
v -1.08672 1.08966 -0.18228
v -1.06803 1.06670 -0.17742
v -1.09341 1.08966 -0.14855
v -1.07384 1.06712 -0.14551
v -1.09846 1.08966 -0.10662
v -1.07848 1.06735 -0.10475
v -1.10184 1.08966 -0.05852
v -1.08166 1.06748 -0.05750
v -1.10354 1.08966 -0.00661
v -1.08328 1.06753 -0.00628
v -1.10354 1.08966 0.04661
v -1.08328 1.06753 0.04628
v -1.10184 1.08966 0.09852
v -1.08166 1.06748 0.09750
v -1.09846 1.08966 0.14662
v -1.07848 1.06735 0.14475
v -1.09341 1.08966 0.18855
v -1.07384 1.06712 0.18551
v -1.08672 1.08966 0.22228
v -1.06803 1.06670 0.21742
v -1.07844 1.08966 0.24616
v -1.06184 1.06604 0.23798
v -1.06861 1.08966 0.25903
v -1.05843 1.06591 0.24378
v -1.05729 1.08966 0.26027
v -1.05501 1.06826 0.23937
v -1.09393 1.04289 -0.25736
v -1.09131 1.02491 -0.23349
v -1.10699 1.04289 -0.25593
v -1.09493 1.02219 -0.23786
v -1.11834 1.04289 -0.24107
v -1.09871 1.02236 -0.23140
v -1.12790 1.04289 -0.21350
v -1.10603 1.02314 -0.20782
v -1.13561 1.04289 -0.17457
v -1.11288 1.02363 -0.17104
v -1.14144 1.04289 -0.12616
v -1.11832 1.02390 -0.12400
v -1.14535 1.04289 -0.07064
v -1.12204 1.02404 -0.06946
v -1.14731 1.04289 -0.01071
v -1.12392 1.02410 -0.01034
v -1.14731 1.04289 0.05071
v -1.12392 1.02410 0.05034
v -1.14535 1.04289 0.11064
v -1.12204 1.02404 0.10946
v -1.14144 1.04289 0.16616
v -1.11832 1.02390 0.16400
v -1.13561 1.04289 0.21457
v -1.11288 1.02363 0.21104
v -1.12790 1.04289 0.25350
v -1.10603 1.02314 0.24782
v -1.11834 1.04289 0.28107
v -1.09871 1.02236 0.27140
v -1.10699 1.04289 0.29593
v -1.09493 1.02219 0.27786
v -1.09393 1.04289 0.29736
v -1.09131 1.02491 0.27349
v -1.12418 0.99000 -0.28799
v -1.12131 0.97578 -0.26174
v -1.13869 0.99000 -0.28641
v -1.12495 0.97304 -0.26582
v -1.15129 0.99000 -0.26991
v -1.12898 0.97321 -0.25892
v -1.16190 0.99000 -0.23929
v -1.13732 0.97403 -0.23291
v -1.17047 0.99000 -0.19606
v -1.14508 0.97452 -0.19212
v -1.17695 0.99000 -0.14231
v -1.15120 0.97479 -0.13990
v -1.18128 0.99000 -0.08066
v -1.15538 0.97493 -0.07934
v -1.18346 0.99000 -0.01411
v -1.15749 0.97499 -0.01369
v -1.18346 0.99000 0.05411
v -1.15749 0.97499 0.05369
v -1.18128 0.99000 0.12066
v -1.15538 0.97493 0.11934
v -1.17695 0.99000 0.18231
v -1.15120 0.97479 0.17990
v -1.17047 0.99000 0.23606
v -1.14508 0.97452 0.23212
v -1.16190 0.99000 0.27929
v -1.13732 0.97403 0.27291
v -1.15129 0.99000 0.30991
v -1.12898 0.97321 0.29892
v -1.13869 0.99000 0.32641
v -1.12495 0.97304 0.30582
v -1.12418 0.99000 0.32799
v -1.12131 0.97578 0.30174
v -1.14736 0.93222 -0.31146
v -1.14429 0.92199 -0.28343
v -1.16297 0.93222 -0.30975
v -1.14785 0.91965 -0.28710
v -1.17653 0.93222 -0.29199
v -1.15203 0.91981 -0.27992
v -1.18795 0.93222 -0.25905
v -1.16122 0.92052 -0.25210
v -1.19718 0.93222 -0.21252
v -1.16971 0.92095 -0.20826
v -1.20414 0.93222 -0.15467
v -1.17637 0.92117 -0.15207
v -1.20881 0.93222 -0.08833
v -1.18091 0.92129 -0.08691
v -1.21115 0.93222 -0.01670
v -1.18320 0.92134 -0.01625
v -1.21115 0.93222 0.05670
v -1.18320 0.92134 0.05625
v -1.20881 0.93222 0.12833
v -1.18091 0.92129 0.12691
v -1.20414 0.93222 0.19467
v -1.17637 0.92117 0.19207
v -1.19718 0.93222 0.25252
v -1.16971 0.92095 0.24826
v -1.18795 0.93222 0.29905
v -1.16122 0.92052 0.29210
v -1.17653 0.93222 0.33199
v -1.15203 0.91981 0.31992
v -1.16297 0.93222 0.34975
v -1.14785 0.91965 0.32710
v -1.14736 0.93222 0.35146
v -1.14429 0.92199 0.32343
v -1.16291 0.87090 -0.32721
v -1.15972 0.86483 -0.29801
v -1.17927 0.87090 -0.32542
v -1.16316 0.86327 -0.30129
v -1.19347 0.87090 -0.30682
v -1.16742 0.86338 -0.29398
v -1.20544 0.87090 -0.27231
v -1.17721 0.86386 -0.26498
v -1.21510 0.87090 -0.22357
v -1.18622 0.86414 -0.21909
v -1.22240 0.87090 -0.16297
v -1.19326 0.86430 -0.16024
v -1.22729 0.87090 -0.09347
v -1.19804 0.86437 -0.09199
v -1.22974 0.87090 -0.01845
v -1.20045 0.86441 -0.01798
v -1.22974 0.87090 0.05845
v -1.20045 0.86441 0.05798
v -1.22729 0.87090 0.13347
v -1.19804 0.86437 0.13199
v -1.22240 0.87090 0.20297
v -1.19326 0.86430 0.20024
v -1.21510 0.87090 0.26357
v -1.18622 0.86414 0.25909
v -1.20544 0.87090 0.31231
v -1.17721 0.86386 0.30498
v -1.19347 0.87090 0.34682
v -1.16742 0.86338 0.33398
v -1.17927 0.87090 0.36542
v -1.16316 0.86327 0.34129
v -1.16291 0.87090 0.36721
v -1.15972 0.86483 0.33801
v -1.17049 0.80747 -0.33488
v -1.16723 0.80564 -0.30511
v -1.18720 0.80747 -0.33305
v -1.17060 0.80514 -0.30817
v -1.20172 0.80747 -0.31404
v -1.17489 0.80518 -0.30082
v -1.21395 0.80747 -0.27876
v -1.18499 0.80533 -0.27124
v -1.22383 0.80747 -0.22895
v -1.19425 0.80542 -0.22436
v -1.23128 0.80747 -0.16702
v -1.20148 0.80547 -0.16422
v -1.23628 0.80747 -0.09598
v -1.20638 0.80550 -0.09446
v -1.23879 0.80747 -0.01930
v -1.20886 0.80551 -0.01881
v -1.23879 0.80747 0.05930
v -1.20886 0.80551 0.05881
v -1.23628 0.80747 0.13598
v -1.20638 0.80550 0.13446
v -1.23128 0.80747 0.20702
v -1.20148 0.80547 0.20422
v -1.22383 0.80747 0.26895
v -1.19425 0.80542 0.26436
v -1.21395 0.80747 0.31876
v -1.18499 0.80533 0.31124
v -1.20172 0.80747 0.35404
v -1.17489 0.80518 0.34082
v -1.18720 0.80747 0.37305
v -1.17060 0.80514 0.34817
v -1.17049 0.80747 0.37488
v -1.16723 0.80564 0.34511
v -1.16990 0.74339 -0.33429
v -1.16664 0.74370 -0.30447
v -1.18659 0.74339 -0.33246
v -1.16994 0.74378 -0.30751
v -1.20108 0.74339 -0.31348
v -1.17417 0.74378 -0.30022
v -1.21329 0.74339 -0.27827
v -1.18426 0.74375 -0.27072
v -1.22315 0.74339 -0.22853
v -1.19351 0.74374 -0.22394
v -1.23060 0.74339 -0.16670
v -1.20073 0.74373 -0.16391
v -1.23559 0.74339 -0.09579
v -1.20563 0.74372 -0.09426
v -1.23809 0.74339 -0.01923
v -1.20809 0.74372 -0.01875
v -1.23809 0.74339 0.05923
v -1.20809 0.74372 0.05875
v -1.23559 0.74339 0.13579
v -1.20563 0.74372 0.13426
v -1.23060 0.74339 0.20670
v -1.20073 0.74373 0.20391
v -1.22315 0.74339 0.26853
v -1.19351 0.74374 0.26394
v -1.21329 0.74339 0.31827
v -1.18426 0.74375 0.31072
v -1.20108 0.74339 0.35348
v -1.17417 0.74378 0.34022
v -1.18659 0.74339 0.37246
v -1.16994 0.74378 0.34751
v -1.16990 0.74339 0.37429
v -1.16664 0.74370 0.34447
v -0.96700 0.87800 0.14000
v -0.96700 0.87800 0.14000
v -0.96700 0.87800 0.14000
v -0.96700 0.87800 0.14000
v -0.96700 0.87800 0.14000
v -0.96700 0.87800 0.14000
v -0.96700 0.87800 0.14000
v -0.96700 0.87800 0.14000
v -0.96700 0.86775 0.16475
v -0.94765 0.86775 0.15543
v -0.94287 0.86775 0.13449
v -0.95626 0.86775 0.11770
v -0.97774 0.86775 0.11770
v -0.99113 0.86775 0.13449
v -0.98635 0.86775 0.15543
v -0.96700 0.86775 0.16475
v -0.96700 0.84300 0.17500
v -0.93964 0.84300 0.16182
v -0.93288 0.84300 0.13221
v -0.95181 0.84300 0.10847
v -0.98219 0.84300 0.10847
v -1.00112 0.84300 0.13221
v -0.99436 0.84300 0.16182
v -0.96700 0.84300 0.17500
v -0.96700 0.81825 0.16475
v -0.94765 0.81825 0.15543
v -0.94287 0.81825 0.13449
v -0.95626 0.81825 0.11770
v -0.97774 0.81825 0.11770
v -0.99113 0.81825 0.13449
v -0.98635 0.81825 0.15543
v -0.96700 0.81825 0.16475
v -0.96700 0.80800 0.14000
v -0.96700 0.80800 0.14000
v -0.96700 0.80800 0.14000
v -0.96700 0.80800 0.14000
v -0.96700 0.80800 0.14000
v -0.96700 0.80800 0.14000
v -0.96700 0.80800 0.14000
v -0.96700 0.80800 0.14000
v -1.05771 1.04609 -0.17519
v -1.05566 1.02271 -0.15650
v -1.06714 1.04609 -0.17415
v -1.05824 1.02073 -0.16082
v -1.07532 1.04609 -0.16343
v -1.06079 1.02084 -0.15627
v -1.08222 1.04609 -0.14353
v -1.06575 1.02139 -0.13925
v -1.08780 1.04609 -0.11543
v -1.07049 1.02174 -0.11275
v -1.09200 1.04609 -0.08049
v -1.07429 1.02194 -0.07884
v -1.09482 1.04609 -0.04042
v -1.07691 1.02204 -0.03951
v -1.09623 1.04609 0.00283
v -1.07824 1.02209 0.00312
v -1.09623 1.04609 0.04717
v -1.07824 1.02209 0.04688
v -1.09482 1.04609 0.09042
v -1.07691 1.02204 0.08951
v -1.09200 1.04609 0.13049
v -1.07429 1.02194 0.12884
v -1.08780 1.04609 0.16543
v -1.07049 1.02174 0.16275
v -1.08222 1.04609 0.19353
v -1.06575 1.02139 0.18925
v -1.07532 1.04609 0.21343
v -1.06079 1.02084 0.20627
v -1.06714 1.04609 0.22415
v -1.05824 1.02073 0.21082
v -1.05771 1.04609 0.22519
v -1.05566 1.02271 0.20650
v -1.10262 1.00581 -0.22066
v -1.10038 0.98395 -0.20023
v -1.11419 1.00581 -0.21939
v -1.10429 0.98168 -0.20456
v -1.12424 1.00581 -0.20623
v -1.10809 0.98181 -0.19827
v -1.13270 1.00581 -0.18181
v -1.11449 0.98244 -0.17708
v -1.13954 1.00581 -0.14733
v -1.12046 0.98285 -0.14437
v -1.14470 1.00581 -0.10446
v -1.12521 0.98307 -0.10263
v -1.14816 1.00581 -0.05528
v -1.12847 0.98320 -0.05428
v -1.14990 1.00581 -0.00220
v -1.13012 0.98325 -0.00188
v -1.14990 1.00581 0.05220
v -1.13012 0.98325 0.05188
v -1.14816 1.00581 0.10528
v -1.12847 0.98320 0.10428
v -1.14470 1.00581 0.15446
v -1.12521 0.98307 0.15263
v -1.13954 1.00581 0.19733
v -1.12046 0.98285 0.19437
v -1.13270 1.00581 0.23181
v -1.11449 0.98244 0.22708
v -1.12424 1.00581 0.25623
v -1.10809 0.98181 0.24827
v -1.11419 1.00581 0.26939
v -1.10429 0.98168 0.25456
v -1.10262 1.00581 0.27066
v -1.10038 0.98395 0.25023
v -1.14188 0.95783 -0.26041
v -1.13931 0.93934 -0.23693
v -1.15532 0.95783 -0.25894
v -1.14352 0.93666 -0.24126
v -1.16700 0.95783 -0.24365
v -1.14779 0.93682 -0.23418
v -1.17683 0.95783 -0.21528
v -1.15540 0.93759 -0.20971
v -1.18477 0.95783 -0.17522
v -1.16247 0.93807 -0.17176
v -1.19077 0.95783 -0.12541
v -1.16807 0.93833 -0.12328
v -1.19479 0.95783 -0.06828
v -1.17190 0.93847 -0.06711
v -1.19681 0.95783 -0.00660
v -1.17384 0.93854 -0.00623
v -1.19681 0.95783 0.05660
v -1.17384 0.93854 0.05623
v -1.19479 0.95783 0.11828
v -1.17190 0.93847 0.11711
v -1.19077 0.95783 0.17541
v -1.16807 0.93833 0.17328
v -1.18477 0.95783 0.22522
v -1.16247 0.93807 0.22176
v -1.17683 0.95783 0.26528
v -1.15540 0.93759 0.25971
v -1.16700 0.95783 0.29365
v -1.14779 0.93682 0.28418
v -1.15532 0.95783 0.30894
v -1.14352 0.93666 0.29126
v -1.14188 0.95783 0.31041
v -1.13931 0.93934 0.28693
v -1.17458 0.90326 -0.29352
v -1.17174 0.88848 -0.26757
v -1.18958 0.90326 -0.29188
v -1.17607 0.88573 -0.27163
v -1.20261 0.90326 -0.27481
v -1.18066 0.88590 -0.26400
v -1.21359 0.90326 -0.24315
v -1.18936 0.88672 -0.23686
v -1.22245 0.90326 -0.19844
v -1.19740 0.88721 -0.19456
v -1.22915 0.90326 -0.14285
v -1.20374 0.88749 -0.14047
v -1.23363 0.90326 -0.07910
v -1.20806 0.88763 -0.07780
v -1.23588 0.90326 -0.01027
v -1.21024 0.88769 -0.00986
v -1.23588 0.90326 0.06027
v -1.21024 0.88769 0.05986
v -1.23363 0.90326 0.12910
v -1.20806 0.88763 0.12780
v -1.22915 0.90326 0.19285
v -1.20374 0.88749 0.19047
v -1.22245 0.90326 0.24844
v -1.19740 0.88721 0.24456
v -1.21359 0.90326 0.29315
v -1.18936 0.88672 0.28686
v -1.20261 0.90326 0.32481
v -1.18066 0.88590 0.31400
v -1.18958 0.90326 0.34188
v -1.17607 0.88573 0.32163
v -1.17458 0.90326 0.34352
v -1.17174 0.88848 0.31757
v -1.19996 0.84338 -0.31922
v -1.19691 0.83257 -0.29140
v -1.21617 0.84338 -0.31744
v -1.20122 0.83014 -0.29505
v -1.23025 0.84338 -0.29900
v -1.20603 0.83030 -0.28707
v -1.24211 0.84338 -0.26479
v -1.21565 0.83104 -0.25791
v -1.25169 0.84338 -0.21647
v -1.22448 0.83148 -0.21225
v -1.25893 0.84338 -0.15640
v -1.23141 0.83172 -0.15382
v -1.26377 0.84338 -0.08749
v -1.23612 0.83184 -0.08609
v -1.26620 0.84338 -0.01312
v -1.23849 0.83189 -0.01267
v -1.26620 0.84338 0.06312
v -1.23849 0.83189 0.06267
v -1.26377 0.84338 0.13749
v -1.23612 0.83184 0.13609
v -1.25893 0.84338 0.20640
v -1.23141 0.83172 0.20382
v -1.25169 0.84338 0.26647
v -1.22448 0.83148 0.26225
v -1.24211 0.84338 0.31479
v -1.21565 0.83104 0.30791
v -1.23025 0.84338 0.34900
v -1.20603 0.83030 0.33707
v -1.21617 0.84338 0.36744
v -1.20122 0.83014 0.34505
v -1.19996 0.84338 0.36922
v -1.19691 0.83257 0.34140
v -1.21742 0.77958 -0.33690
v -1.21424 0.77291 -0.30783
v -1.23447 0.77958 -0.33503
v -1.21847 0.77121 -0.31107
v -1.24927 0.77958 -0.31564
v -1.22340 0.77133 -0.30290
v -1.26174 0.77958 -0.27967
v -1.23369 0.77186 -0.27238
v -1.27181 0.77958 -0.22887
v -1.24309 0.77216 -0.22442
v -1.27942 0.77958 -0.16571
v -1.25044 0.77233 -0.16300
v -1.28452 0.77958 -0.09327
v -1.25542 0.77241 -0.09180
v -1.28707 0.77958 -0.01507
v -1.25794 0.77245 -0.01460
v -1.28707 0.77958 0.06507
v -1.25794 0.77245 0.06460
v -1.28452 0.77958 0.14327
v -1.25542 0.77241 0.14180
v -1.27942 0.77958 0.21571
v -1.25044 0.77233 0.21300
v -1.27181 0.77958 0.27887
v -1.24309 0.77216 0.27442
v -1.26174 0.77958 0.32967
v -1.23369 0.77186 0.32238
v -1.24927 0.77958 0.36564
v -1.22340 0.77133 0.35290
v -1.23447 0.77958 0.38503
v -1.21847 0.77121 0.36107
v -1.21742 0.77958 0.38690
v -1.21424 0.77291 0.35783
v -1.22657 0.71335 -0.34616
v -1.22331 0.71091 -0.31644
v -1.24405 0.71335 -0.34425
v -1.22748 0.71025 -0.31943
v -1.25923 0.71335 -0.32436
v -1.23246 0.71030 -0.31117
v -1.27202 0.71335 -0.28747
v -1.24312 0.71050 -0.27996
v -1.28235 0.71335 -0.23537
v -1.25283 0.71062 -0.23079
v -1.29015 0.71335 -0.17059
v -1.26040 0.71069 -0.16781
v -1.29538 0.71335 -0.09630
v -1.26553 0.71072 -0.09478
v -1.29800 0.71335 -0.01610
v -1.26812 0.71073 -0.01562
v -1.29800 0.71335 0.06610
v -1.26812 0.71073 0.06562
v -1.29538 0.71335 0.14630
v -1.26553 0.71072 0.14478
v -1.29015 0.71335 0.22059
v -1.26040 0.71069 0.21781
v -1.28235 0.71335 0.28537
v -1.25283 0.71062 0.28079
v -1.27202 0.71335 0.33747
v -1.24312 0.71050 0.32996
v -1.25923 0.71335 0.37436
v -1.23246 0.71030 0.36117
v -1.24405 0.71335 0.39425
v -1.22748 0.71025 0.36943
v -1.22657 0.71335 0.39616
v -1.22331 0.71091 0.36644
v -1.22718 0.64622 -0.34678
v -1.22392 0.64805 -0.31701
v -1.24469 0.64622 -0.34486
v -1.22808 0.64855 -0.31999
v -1.25990 0.64622 -0.32494
v -1.23306 0.64852 -0.31172
v -1.27271 0.64622 -0.28799
v -1.24375 0.64836 -0.28047
v -1.28306 0.64622 -0.23580
v -1.25348 0.64827 -0.23122
v -1.29087 0.64622 -0.17092
v -1.26107 0.64822 -0.16813
v -1.29610 0.64622 -0.09650
v -1.26621 0.64820 -0.09498
v -1.29873 0.64622 -0.01617
v -1.26880 0.64819 -0.01569
v -1.29873 0.64622 0.06617
v -1.26880 0.64819 0.06569
v -1.29610 0.64622 0.14650
v -1.26621 0.64820 0.14498
v -1.29087 0.64622 0.22092
v -1.26107 0.64822 0.21813
v -1.28306 0.64622 0.28580
v -1.25348 0.64827 0.28122
v -1.27271 0.64622 0.33799
v -1.24375 0.64836 0.33047
v -1.25990 0.64622 0.37494
v -1.23306 0.64852 0.36172
v -1.24469 0.64622 0.39486
v -1.22808 0.64855 0.36999
v -1.22718 0.64622 0.39678
v -1.22392 0.64805 0.36701
v -1.21924 0.57977 -0.33875
v -1.21601 0.58373 -0.30918
v -1.23638 0.57977 -0.33687
v -1.21996 0.58478 -0.31227
v -1.25125 0.57977 -0.31738
v -1.22471 0.58471 -0.30430
v -1.26379 0.57977 -0.28123
v -1.23510 0.58438 -0.27377
v -1.27391 0.57977 -0.23017
v -1.24459 0.58419 -0.22562
v -1.28156 0.57977 -0.16669
v -1.25200 0.58408 -0.16392
v -1.28668 0.57977 -0.09388
v -1.25702 0.58403 -0.09237
v -1.28925 0.57977 -0.01528
v -1.25955 0.58401 -0.01480
v -1.28925 0.57977 0.06528
v -1.25955 0.58401 0.06480
v -1.28668 0.57977 0.14388
v -1.25702 0.58403 0.14237
v -1.28156 0.57977 0.21669
v -1.25200 0.58408 0.21392
v -1.27391 0.57977 0.28017
v -1.24459 0.58419 0.27562
v -1.26379 0.57977 0.33123
v -1.23510 0.58438 0.32377
v -1.25125 0.57977 0.36738
v -1.22471 0.58471 0.35430
v -1.23638 0.57977 0.38687
v -1.21996 0.58478 0.36227
v -1.21924 0.57977 0.38875
v -1.21601 0.58373 0.35918
v -1.01400 0.77600 0.14500
v -1.01400 0.77600 0.14500
v -1.01400 0.77600 0.14500
v -1.01400 0.77600 0.14500
v -1.01400 0.77600 0.14500
v -1.01400 0.77600 0.14500
v -1.01400 0.77600 0.14500
v -1.01400 0.77600 0.14500
v -1.01400 0.76575 0.16975
v -0.99465 0.76575 0.16043
v -0.98987 0.76575 0.13949
v -1.00326 0.76575 0.12270
v -1.02474 0.76575 0.12270
v -1.03813 0.76575 0.13949
v -1.03335 0.76575 0.16043
v -1.01400 0.76575 0.16975
v -1.01400 0.74100 0.18000
v -0.98664 0.74100 0.16682
v -0.97988 0.74100 0.13721
v -0.99881 0.74100 0.11347
v -1.02919 0.74100 0.11347
v -1.04812 0.74100 0.13721
v -1.04136 0.74100 0.16682
v -1.01400 0.74100 0.18000
v -1.01400 0.71625 0.16975
v -0.99465 0.71625 0.16043
v -0.98987 0.71625 0.13949
v -1.00326 0.71625 0.12270
v -1.02474 0.71625 0.12270
v -1.03813 0.71625 0.13949
v -1.03335 0.71625 0.16043
v -1.01400 0.71625 0.16975
v -1.01400 0.70600 0.14500
v -1.01400 0.70600 0.14500
v -1.01400 0.70600 0.14500
v -1.01400 0.70600 0.14500
v -1.01400 0.70600 0.14500
v -1.01400 0.70600 0.14500
v -1.01400 0.70600 0.14500
v -1.01400 0.70600 0.14500
v -1.14728 0.92238 -0.22037
v -1.14491 0.90168 -0.19879
v -1.15907 0.92238 -0.21908
v -1.14847 0.89923 -0.20321
v -1.16931 0.92238 -0.20567
v -1.15204 0.89937 -0.19716
v -1.17794 0.92238 -0.18078
v -1.15853 0.90006 -0.17574
v -1.18491 0.92238 -0.14564
v -1.16463 0.90050 -0.14249
v -1.19017 0.92238 -0.10194
v -1.16948 0.90074 -0.10000
v -1.19369 0.92238 -0.05183
v -1.17280 0.90087 -0.05076
v -1.19546 0.92238 0.00228
v -1.17449 0.90093 0.00261
v -1.19546 0.92238 0.05772
v -1.17449 0.90093 0.05739
v -1.19369 0.92238 0.11183
v -1.17280 0.90087 0.11076
v -1.19017 0.92238 0.16194
v -1.16948 0.90074 0.16000
v -1.18491 0.92238 0.20564
v -1.16463 0.90050 0.20249
v -1.17794 0.92238 0.24078
v -1.15853 0.90006 0.23574
v -1.16931 0.92238 0.26567
v -1.15204 0.89937 0.25716
v -1.15907 0.92238 0.27908
v -1.14847 0.89923 0.26321
v -1.14728 0.92238 0.28037
v -1.14491 0.90168 0.25879
v -1.18923 0.87330 -0.26285
v -1.18670 0.85431 -0.23977
v -1.20302 0.87330 -0.26134
v -1.19148 0.85166 -0.24406
v -1.21500 0.87330 -0.24565
v -1.19621 0.85182 -0.23639
v -1.22509 0.87330 -0.21654
v -1.20409 0.85258 -0.21109
v -1.23324 0.87330 -0.17544
v -1.21137 0.85305 -0.17204
v -1.23940 0.87330 -0.12433
v -1.21712 0.85331 -0.12224
v -1.24352 0.87330 -0.06571
v -1.22105 0.85345 -0.06457
v -1.24559 0.87330 -0.00243
v -1.22304 0.85351 -0.00206
v -1.24559 0.87330 0.06243
v -1.22304 0.85351 0.06206
v -1.24352 0.87330 0.12571
v -1.22105 0.85345 0.12457
v -1.23940 0.87330 0.18433
v -1.21712 0.85331 0.18224
v -1.23324 0.87330 0.23544
v -1.21137 0.85305 0.23204
v -1.22509 0.87330 0.27654
v -1.20409 0.85258 0.27109
v -1.21500 0.87330 0.30565
v -1.19621 0.85182 0.29639
v -1.20302 0.87330 0.32134
v -1.19148 0.85166 0.30406
v -1.18923 0.87330 0.32285
v -1.18670 0.85431 0.29977
v -1.22445 0.81716 -0.29851
v -1.22164 0.80183 -0.27287
v -1.23992 0.81716 -0.29682
v -1.22663 0.79906 -0.27692
v -1.25336 0.81716 -0.27922
v -1.23177 0.79924 -0.26858
v -1.26468 0.81716 -0.24657
v -1.24082 0.80006 -0.24037
v -1.27382 0.81716 -0.20045
v -1.24913 0.80055 -0.19662
v -1.28072 0.81716 -0.14312
v -1.25567 0.80083 -0.14077
v -1.28535 0.81716 -0.07736
v -1.26012 0.80097 -0.07608
v -1.28767 0.81716 -0.00638
v -1.26238 0.80103 -0.00597
v -1.28767 0.81716 0.06638
v -1.26238 0.80103 0.06597
v -1.28535 0.81716 0.13736
v -1.26012 0.80097 0.13608
v -1.28072 0.81716 0.20312
v -1.25567 0.80083 0.20077
v -1.27382 0.81716 0.26045
v -1.24913 0.80055 0.25662
v -1.26468 0.81716 0.30657
v -1.24082 0.80006 0.30037
v -1.25336 0.81716 0.33922
v -1.23177 0.79924 0.32858
v -1.23992 0.81716 0.35682
v -1.22663 0.79906 0.33692
v -1.22445 0.81716 0.35851
v -1.22164 0.80183 0.33287
v -1.25211 0.75526 -0.32652
v -1.24909 0.74387 -0.29894
v -1.26890 0.75526 -0.32469
v -1.25414 0.74137 -0.30257
v -1.28349 0.75526 -0.30559
v -1.25956 0.74154 -0.29380
v -1.29578 0.75526 -0.27015
v -1.26959 0.74230 -0.26335
v -1.30570 0.75526 -0.22010
v -1.27875 0.74275 -0.21592
v -1.31319 0.75526 -0.15788
v -1.28593 0.74299 -0.15533
v -1.31821 0.75526 -0.08652
v -1.29081 0.74312 -0.08512
v -1.32073 0.75526 -0.00948
v -1.29328 0.74317 -0.00904
v -1.32073 0.75526 0.06948
v -1.29328 0.74317 0.06904
v -1.31821 0.75526 0.14652
v -1.29081 0.74312 0.14512
v -1.31319 0.75526 0.21788
v -1.28593 0.74299 0.21533
v -1.30570 0.75526 0.28010
v -1.27875 0.74275 0.27592
v -1.29578 0.75526 0.33015
v -1.26959 0.74230 0.32335
v -1.28349 0.75526 0.36559
v -1.25956 0.74154 0.35380
v -1.26890 0.75526 0.38469
v -1.25414 0.74137 0.36257
v -1.25211 0.75526 0.38652
v -1.24909 0.74387 0.35894
v -1.27158 0.68906 -0.34624
v -1.26842 0.68178 -0.31731
v -1.28930 0.68906 -0.34430
v -1.27343 0.67996 -0.32052
v -1.30469 0.68906 -0.32414
v -1.27901 0.68009 -0.31149
v -1.31766 0.68906 -0.28675
v -1.28979 0.68065 -0.27950
v -1.32813 0.68906 -0.23393
v -1.29958 0.68098 -0.22950
v -1.33604 0.68906 -0.16827
v -1.30722 0.68116 -0.16557
v -1.34134 0.68906 -0.09296
v -1.31241 0.68125 -0.09149
v -1.34399 0.68906 -0.01166
v -1.31502 0.68129 -0.01119
v -1.34399 0.68906 0.07166
v -1.31502 0.68129 0.07119
v -1.34134 0.68906 0.15296
v -1.31241 0.68125 0.15149
v -1.33604 0.68906 0.22827
v -1.30722 0.68116 0.22557
v -1.32813 0.68906 0.29393
v -1.29958 0.68098 0.28950
v -1.31766 0.68906 0.34675
v -1.28979 0.68065 0.33950
v -1.30469 0.68906 0.38414
v -1.27901 0.68009 0.37149
v -1.28930 0.68906 0.40430
v -1.27343 0.67996 0.38052
v -1.27158 0.68906 0.40624
v -1.26842 0.68178 0.37731
v -1.28241 0.62008 -0.35720
v -1.27916 0.61703 -0.32753
v -1.30064 0.62008 -0.35520
v -1.28413 0.61621 -0.33046
v -1.31648 0.62008 -0.33446
v -1.28979 0.61627 -0.32130
v -1.32983 0.62008 -0.29597
v -1.30099 0.61653 -0.28848
v -1.34060 0.62008 -0.24162
v -1.31115 0.61667 -0.23705
v -1.34874 0.62008 -0.17405
v -1.31905 0.61675 -0.17127
v -1.35419 0.62008 -0.09654
v -1.32441 0.61679 -0.09503
v -1.35692 0.62008 -0.01288
v -1.32711 0.61681 -0.01239
v -1.35692 0.62008 0.07288
v -1.32711 0.61681 0.07239
v -1.35419 0.62008 0.15654
v -1.32441 0.61679 0.15503
v -1.34874 0.62008 0.23405
v -1.31905 0.61675 0.23127
v -1.34060 0.62008 0.30162
v -1.31115 0.61667 0.29705
v -1.32983 0.62008 0.35597
v -1.30099 0.61653 0.34848
v -1.31648 0.62008 0.39446
v -1.28979 0.61627 0.38130
v -1.30064 0.62008 0.41520
v -1.28413 0.61621 0.39046
v -1.28241 0.62008 0.41720
v -1.27916 0.61703 0.38753
v -1.28433 0.54994 -0.35914
v -1.28107 0.55116 -0.32934
v -1.30265 0.54994 -0.35714
v -1.28602 0.55149 -0.33222
v -1.31857 0.54994 -0.33629
v -1.29170 0.55146 -0.32304
v -1.33198 0.54994 -0.29761
v -1.30298 0.55136 -0.29007
v -1.34281 0.54994 -0.24298
v -1.31320 0.55130 -0.23839
v -1.35099 0.54994 -0.17507
v -1.32115 0.55127 -0.17228
v -1.35647 0.54994 -0.09718
v -1.32654 0.55125 -0.09566
v -1.35922 0.54994 -0.01309
v -1.32925 0.55124 -0.01261
v -1.35922 0.54994 0.07309
v -1.32925 0.55124 0.07261
v -1.35647 0.54994 0.15718
v -1.32654 0.55125 0.15566
v -1.35099 0.54994 0.23507
v -1.32115 0.55127 0.23228
v -1.34281 0.54994 0.30298
v -1.31320 0.55130 0.29839
v -1.33198 0.54994 0.35761
v -1.30298 0.55136 0.35007
v -1.31857 0.54994 0.39629
v -1.29170 0.55146 0.38304
v -1.30265 0.54994 0.41714
v -1.28602 0.55149 0.39222
v -1.28433 0.54994 0.41914
v -1.28107 0.55116 0.38934
v -1.27730 0.48026 -0.35203
v -1.27409 0.48573 -0.32271
v -1.29529 0.48026 -0.35006
v -1.27908 0.48715 -0.32577
v -1.31092 0.48026 -0.32959
v -1.28471 0.48705 -0.31668
v -1.32409 0.48026 -0.29162
v -1.29571 0.48661 -0.28425
v -1.33472 0.48026 -0.23799
v -1.30569 0.48635 -0.23349
v -1.34275 0.48026 -0.17132
v -1.31347 0.48622 -0.16858
v -1.34813 0.48026 -0.09485
v -1.31875 0.48615 -0.09336
v -1.35082 0.48026 -0.01230
v -1.32140 0.48611 -0.01183
v -1.35082 0.48026 0.07230
v -1.32140 0.48611 0.07183
v -1.34813 0.48026 0.15485
v -1.31875 0.48615 0.15336
v -1.34275 0.48026 0.23132
v -1.31347 0.48622 0.22858
v -1.33472 0.48026 0.29799
v -1.30569 0.48635 0.29349
v -1.32409 0.48026 0.35162
v -1.29571 0.48661 0.34425
v -1.31092 0.48026 0.38959
v -1.28471 0.48705 0.37668
v -1.29529 0.48026 0.41006
v -1.27908 0.48715 0.38577
v -1.27730 0.48026 0.41203
v -1.27409 0.48573 0.38271
v -1.26149 0.41267 -0.33602
v -1.25833 0.42024 -0.30717
v -1.27873 0.41267 -0.33414
v -1.26293 0.42212 -0.31045
v -1.29370 0.41267 -0.31452
v -1.26813 0.42200 -0.30192
v -1.30632 0.41267 -0.27814
v -1.27854 0.42141 -0.27093
v -1.31650 0.41267 -0.22676
v -1.28804 0.42107 -0.22235
v -1.32420 0.41267 -0.16289
v -1.29547 0.42089 -0.16020
v -1.32935 0.41267 -0.08962
v -1.30051 0.42080 -0.08816
v -1.33194 0.41267 -0.01053
v -1.30305 0.42076 -0.01006
v -1.33194 0.41267 0.07053
v -1.30305 0.42076 0.07006
v -1.32935 0.41267 0.14962
v -1.30051 0.42080 0.14816
v -1.32420 0.41267 0.22289
v -1.29547 0.42089 0.22020
v -1.31650 0.41267 0.28676
v -1.28804 0.42107 0.28235
v -1.30632 0.41267 0.33814
v -1.27854 0.42141 0.33093
v -1.29370 0.41267 0.37452
v -1.26813 0.42200 0.36192
v -1.27873 0.41267 0.39414
v -1.26293 0.42212 0.37045
v -1.26149 0.41267 0.39602
v -1.25833 0.42024 0.36717
v -1.06100 0.67400 0.15000
v -1.06100 0.67400 0.15000
v -1.06100 0.67400 0.15000
v -1.06100 0.67400 0.15000
v -1.06100 0.67400 0.15000
v -1.06100 0.67400 0.15000
v -1.06100 0.67400 0.15000
v -1.06100 0.67400 0.15000
v -1.06100 0.66375 0.17475
v -1.04165 0.66375 0.16543
v -1.03687 0.66375 0.14449
v -1.05026 0.66375 0.12770
v -1.07174 0.66375 0.12770
v -1.08513 0.66375 0.14449
v -1.08035 0.66375 0.16543
v -1.06100 0.66375 0.17475
v -1.06100 0.63900 0.18500
v -1.03364 0.63900 0.17182
v -1.02688 0.63900 0.14221
v -1.04581 0.63900 0.11847
v -1.07619 0.63900 0.11847
v -1.09512 0.63900 0.14221
v -1.08836 0.63900 0.17182
v -1.06100 0.63900 0.18500
v -1.06100 0.61425 0.17475
v -1.04165 0.61425 0.16543
v -1.03687 0.61425 0.14449
v -1.05026 0.61425 0.12770
v -1.07174 0.61425 0.12770
v -1.08513 0.61425 0.14449
v -1.08035 0.61425 0.16543
v -1.06100 0.61425 0.17475
v -1.06100 0.60400 0.15000
v -1.06100 0.60400 0.15000
v -1.06100 0.60400 0.15000
v -1.06100 0.60400 0.15000
v -1.06100 0.60400 0.15000
v -1.06100 0.60400 0.15000
v -1.06100 0.60400 0.15000
v -1.06100 0.60400 0.15000
v -1.23596 0.78928 -0.26466
v -1.23332 0.77156 -0.24060
v -1.25007 0.78928 -0.26312
v -1.23788 0.76883 -0.24486
v -1.26233 0.78928 -0.24706
v -1.24250 0.76900 -0.23730
v -1.27266 0.78928 -0.21728
v -1.25058 0.76979 -0.21155
v -1.28099 0.78928 -0.17521
v -1.25806 0.77028 -0.17166
v -1.28729 0.78928 -0.12292
v -1.26396 0.77055 -0.12073
v -1.29151 0.78928 -0.06293
v -1.26800 0.77069 -0.06174
v -1.29363 0.78928 0.00182
v -1.27004 0.77075 0.00220
v -1.29363 0.78928 0.06818
v -1.27004 0.77075 0.06780
v -1.29151 0.78928 0.13293
v -1.26800 0.77069 0.13174
v -1.28729 0.78928 0.19292
v -1.26396 0.77055 0.19073
v -1.28099 0.78928 0.24521
v -1.25806 0.77028 0.24166
v -1.27266 0.78928 0.28728
v -1.25058 0.76979 0.28155
v -1.26233 0.78928 0.31706
v -1.24250 0.76900 0.30730
v -1.25007 0.78928 0.33312
v -1.23788 0.76883 0.31486
v -1.23596 0.78928 0.33466
v -1.23332 0.77156 0.31060
v -1.27377 0.73167 -0.30295
v -1.27100 0.71581 -0.27764
v -1.28968 0.73167 -0.30121
v -1.27664 0.71303 -0.28166
v -1.30351 0.73167 -0.28310
v -1.28230 0.71320 -0.27265
v -1.31516 0.73167 -0.24951
v -1.29168 0.71402 -0.24341
v -1.32456 0.73167 -0.20207
v -1.30024 0.71452 -0.19830
v -1.33166 0.73167 -0.14309
v -1.30697 0.71479 -0.14078
v -1.33642 0.73167 -0.07545
v -1.31155 0.71494 -0.07418
v -1.33881 0.73167 -0.00242
v -1.31387 0.71500 -0.00202
v -1.33881 0.73167 0.07242
v -1.31387 0.71500 0.07202
v -1.33642 0.73167 0.14545
v -1.31155 0.71494 0.14418
v -1.33166 0.73167 0.21309
v -1.30697 0.71479 0.21078
v -1.32456 0.73167 0.27207
v -1.30024 0.71452 0.26830
v -1.31516 0.73167 0.31951
v -1.29168 0.71402 0.31341
v -1.30351 0.73167 0.35310
v -1.28230 0.71320 0.34265
v -1.28968 0.73167 0.37121
v -1.27664 0.71303 0.35166
v -1.27377 0.73167 0.37295
v -1.27100 0.71581 0.34764
v -1.30381 0.66786 -0.33337
v -1.30082 0.65589 -0.30602
v -1.32116 0.66786 -0.33147
v -1.30659 0.65333 -0.30964
v -1.33622 0.66786 -0.31173
v -1.31260 0.65350 -0.30009
v -1.34892 0.66786 -0.27512
v -1.32303 0.65427 -0.26839
v -1.35917 0.66786 -0.22341
v -1.33251 0.65473 -0.21927
v -1.36691 0.66786 -0.15912
v -1.33993 0.65498 -0.15660
v -1.37210 0.66786 -0.08539
v -1.34498 0.65512 -0.08401
v -1.37470 0.66786 -0.00579
v -1.34752 0.65517 -0.00535
v -1.37470 0.66786 0.07579
v -1.34752 0.65517 0.07535
v -1.37210 0.66786 0.15539
v -1.34498 0.65512 0.15401
v -1.36691 0.66786 0.22912
v -1.33993 0.65498 0.22660
v -1.35917 0.66786 0.29341
v -1.33251 0.65473 0.28927
v -1.34892 0.66786 0.34512
v -1.32303 0.65427 0.33839
v -1.33622 0.66786 0.38173
v -1.31260 0.65350 0.37009
v -1.32116 0.66786 0.40147
v -1.30659 0.65333 0.37964
v -1.30381 0.66786 0.40337
v -1.30082 0.65589 0.37602
v -1.32538 0.59932 -0.35521
v -1.32223 0.59145 -0.32643
v -1.34376 0.59932 -0.35320
v -1.32802 0.58951 -0.32962
v -1.35972 0.59932 -0.33229
v -1.33425 0.58964 -0.31974
v -1.37317 0.59932 -0.29351
v -1.34550 0.59024 -0.28632
v -1.38403 0.59932 -0.23873
v -1.35566 0.59059 -0.23433
v -1.39223 0.59932 -0.17063
v -1.36360 0.59078 -0.16795
v -1.39772 0.59932 -0.09253
v -1.36897 0.59088 -0.09106
v -1.40048 0.59932 -0.00821
v -1.37168 0.59092 -0.00774
v -1.40048 0.59932 0.07821
v -1.37168 0.59092 0.07774
v -1.39772 0.59932 0.16253
v -1.36897 0.59088 0.16106
v -1.39223 0.59932 0.24063
v -1.36360 0.59078 0.23795
v -1.38403 0.59932 0.30873
v -1.35566 0.59059 0.30433
v -1.37317 0.59932 0.36351
v -1.34550 0.59024 0.35632
v -1.35972 0.59932 0.40229
v -1.33425 0.58964 0.38974
v -1.34376 0.59932 0.42320
v -1.32802 0.58951 0.39962
v -1.32538 0.59932 0.42521
v -1.32223 0.59145 0.39643
v -1.33798 0.52765 -0.36797
v -1.33474 0.52400 -0.33837
v -1.35696 0.52765 -0.36589
v -1.34051 0.52302 -0.34124
v -1.37345 0.52765 -0.34430
v -1.34685 0.52309 -0.33120
v -1.38734 0.52765 -0.30425
v -1.35859 0.52339 -0.29678
v -1.39855 0.52765 -0.24768
v -1.36918 0.52357 -0.24313
v -1.40702 0.52765 -0.17736
v -1.37741 0.52366 -0.17458
v -1.41269 0.52765 -0.09670
v -1.38299 0.52371 -0.09519
v -1.41554 0.52765 -0.00962
v -1.38580 0.52373 -0.00914
v -1.41554 0.52765 0.07962
v -1.38580 0.52373 0.07914
v -1.41269 0.52765 0.16670
v -1.38299 0.52371 0.16519
v -1.40702 0.52765 0.24736
v -1.37741 0.52366 0.24458
v -1.39855 0.52765 0.31768
v -1.36918 0.52357 0.31313
v -1.38734 0.52765 0.37425
v -1.35859 0.52339 0.36678
v -1.37345 0.52765 0.41430
v -1.34685 0.52309 0.40120
v -1.35696 0.52765 0.43589
v -1.34051 0.52302 0.41124
v -1.33798 0.52765 0.43797
v -1.33474 0.52400 0.40837
v -1.34132 0.45453 -0.37135
v -1.33806 0.45514 -0.34153
v -1.36046 0.45453 -0.36926
v -1.34381 0.45531 -0.34431
v -1.37708 0.45453 -0.34749
v -1.35018 0.45529 -0.33423
v -1.39109 0.45453 -0.30710
v -1.36206 0.45524 -0.29955
v -1.40240 0.45453 -0.25006
v -1.37276 0.45521 -0.24546
v -1.41094 0.45453 -0.17914
v -1.38107 0.45520 -0.17634
v -1.41666 0.45453 -0.09780
v -1.38670 0.45519 -0.09628
v -1.41953 0.45453 -0.01000
v -1.38954 0.45518 -0.00951
v -1.41953 0.45453 0.08000
v -1.38954 0.45518 0.07951
v -1.41666 0.45453 0.16780
v -1.38670 0.45519 0.16628
v -1.41094 0.45453 0.24914
v -1.38107 0.45520 0.24634
v -1.40240 0.45453 0.32006
v -1.37276 0.45521 0.31546
v -1.39109 0.45453 0.37710
v -1.36206 0.45524 0.36955
v -1.37708 0.45453 0.41749
v -1.35018 0.45529 0.40423
v -1.36046 0.45453 0.43926
v -1.34381 0.45531 0.41431
v -1.34132 0.45453 0.44135
v -1.33806 0.45514 0.41153
v -1.33532 0.38165 -0.36527
v -1.33210 0.38652 -0.33585
v -1.35417 0.38165 -0.36321
v -1.33787 0.38780 -0.33879
v -1.37054 0.38165 -0.34176
v -1.34419 0.38771 -0.32878
v -1.38434 0.38165 -0.30198
v -1.35583 0.38731 -0.29457
v -1.39548 0.38165 -0.24579
v -1.36632 0.38708 -0.24127
v -1.40389 0.38165 -0.17594
v -1.37449 0.38695 -0.17318
v -1.40953 0.38165 -0.09581
v -1.38003 0.38689 -0.09432
v -1.41235 0.38165 -0.00932
v -1.38281 0.38686 -0.00885
v -1.41235 0.38165 0.07932
v -1.38281 0.38686 0.07885
v -1.40953 0.38165 0.16581
v -1.38003 0.38689 0.16432
v -1.40389 0.38165 0.24594
v -1.37449 0.38695 0.24318
v -1.39548 0.38165 0.31579
v -1.36632 0.38708 0.31127
v -1.38434 0.38165 0.37198
v -1.35583 0.38731 0.36457
v -1.37054 0.38165 0.41176
v -1.34419 0.38771 0.39878
v -1.35417 0.38165 0.43321
v -1.33787 0.38780 0.40879
v -1.33532 0.38165 0.43527
v -1.33210 0.38652 0.40585
v -1.32011 0.31071 -0.34988
v -1.31700 0.31976 -0.32145
v -1.33824 0.31071 -0.34789
v -1.32279 0.32192 -0.32475
v -1.35398 0.31071 -0.32727
v -1.32897 0.32178 -0.31495
v -1.36725 0.31071 -0.28902
v -1.34002 0.32111 -0.28194
v -1.37796 0.31071 -0.23499
v -1.35002 0.32072 -0.23066
v -1.38605 0.31071 -0.16782
v -1.35782 0.32051 -0.16518
v -1.39147 0.31071 -0.09078
v -1.36311 0.32040 -0.08934
v -1.39419 0.31071 -0.00762
v -1.36578 0.32036 -0.00716
v -1.39419 0.31071 0.07762
v -1.36578 0.32036 0.07716
v -1.39147 0.31071 0.16078
v -1.36311 0.32040 0.15934
v -1.38605 0.31071 0.23782
v -1.35782 0.32051 0.23518
v -1.37796 0.31071 0.30499
v -1.35002 0.32072 0.30066
v -1.36725 0.31071 0.35902
v -1.34002 0.32111 0.35194
v -1.35398 0.31071 0.39727
v -1.32897 0.32178 0.38495
v -1.33824 0.31071 0.41789
v -1.32279 0.32192 0.39475
v -1.32011 0.31071 0.41988
v -1.31700 0.31976 0.39145
v -1.29606 0.24336 -0.32552
v -1.29303 0.25446 -0.29782
v -1.31304 0.24336 -0.32367
v -1.29819 0.25693 -0.30141
v -1.32779 0.24336 -0.30435
v -1.30371 0.25676 -0.29249
v -1.34022 0.24336 -0.26852
v -1.31389 0.25601 -0.26167
v -1.35025 0.24336 -0.21791
v -1.32317 0.25557 -0.21371
v -1.35782 0.24336 -0.15499
v -1.33043 0.25533 -0.15242
v -1.36290 0.24336 -0.08282
v -1.33537 0.25520 -0.08142
v -1.36545 0.24336 -0.00492
v -1.33786 0.25515 -0.00448
v -1.36545 0.24336 0.07492
v -1.33786 0.25515 0.07448
v -1.36290 0.24336 0.15282
v -1.33537 0.25520 0.15142
v -1.35782 0.24336 0.22499
v -1.33043 0.25533 0.22242
v -1.35025 0.24336 0.28791
v -1.32317 0.25557 0.28371
v -1.34022 0.24336 0.33852
v -1.31389 0.25601 0.33167
v -1.32779 0.24336 0.37435
v -1.30371 0.25676 0.36249
v -1.31304 0.24336 0.39367
v -1.29819 0.25693 0.37141
v -1.29606 0.24336 0.39552
v -1.29303 0.25446 0.36782
v -1.10800 0.57200 0.15500
v -1.10800 0.57200 0.15500
v -1.10800 0.57200 0.15500
v -1.10800 0.57200 0.15500
v -1.10800 0.57200 0.15500
v -1.10800 0.57200 0.15500
v -1.10800 0.57200 0.15500
v -1.10800 0.57200 0.15500
v -1.10800 0.56175 0.17975
v -1.08865 0.56175 0.17043
v -1.08387 0.56175 0.14949
v -1.09726 0.56175 0.13270
v -1.11874 0.56175 0.13270
v -1.13213 0.56175 0.14949
v -1.12735 0.56175 0.17043
v -1.10800 0.56175 0.17975
v -1.10800 0.53700 0.19000
v -1.08064 0.53700 0.17682
v -1.07388 0.53700 0.14721
v -1.09281 0.53700 0.12347
v -1.12319 0.53700 0.12347
v -1.14212 0.53700 0.14721
v -1.13536 0.53700 0.17682
v -1.10800 0.53700 0.19000
v -1.10800 0.51225 0.17975
v -1.08865 0.51225 0.17043
v -1.08387 0.51225 0.14949
v -1.09726 0.51225 0.13270
v -1.11874 0.51225 0.13270
v -1.13213 0.51225 0.14949
v -1.12735 0.51225 0.17043
v -1.10800 0.51225 0.17975
v -1.10800 0.50200 0.15500
v -1.10800 0.50200 0.15500
v -1.10800 0.50200 0.15500
v -1.10800 0.50200 0.15500
v -1.10800 0.50200 0.15500
v -1.10800 0.50200 0.15500
v -1.10800 0.50200 0.15500
v -1.10800 0.50200 0.15500
v -1.32252 0.64679 -0.30681
v -1.31967 0.63229 -0.28071
v -1.33886 0.64679 -0.30503
v -1.32523 0.62954 -0.28461
v -1.35304 0.64679 -0.28645
v -1.33092 0.62971 -0.27554
v -1.36500 0.64679 -0.25197
v -1.34059 0.63053 -0.24563
v -1.37465 0.64679 -0.20329
v -1.34942 0.63102 -0.19938
v -1.38194 0.64679 -0.14277
v -1.35636 0.63130 -0.14037
v -1.38682 0.64679 -0.07334
v -1.36108 0.63144 -0.07204
v -1.38927 0.64679 0.00160
v -1.36346 0.63150 0.00201
v -1.38927 0.64679 0.07840
v -1.36346 0.63150 0.07799
v -1.38682 0.64679 0.15334
v -1.36108 0.63144 0.15204
v -1.38194 0.64679 0.22277
v -1.35636 0.63130 0.22037
v -1.37465 0.64679 0.28329
v -1.34942 0.63102 0.27938
v -1.36500 0.64679 0.33197
v -1.34059 0.63053 0.32563
v -1.35304 0.64679 0.36645
v -1.33092 0.62971 0.35554
v -1.33886 0.64679 0.38503
v -1.32523 0.62954 0.36461
v -1.32252 0.64679 0.38681
v -1.31967 0.63229 0.36071
v -1.35502 0.58114 -0.33972
v -1.35206 0.56861 -0.31263
v -1.37290 0.58114 -0.33776
v -1.35853 0.56599 -0.31623
v -1.38844 0.58114 -0.31742
v -1.36513 0.56616 -0.30593
v -1.40153 0.58114 -0.27968
v -1.37595 0.56695 -0.27303
v -1.41209 0.58114 -0.22637
v -1.38573 0.56742 -0.22229
v -1.42007 0.58114 -0.16011
v -1.39338 0.56768 -0.15761
v -1.42542 0.58114 -0.08410
v -1.39858 0.56781 -0.08273
v -1.42810 0.58114 -0.00205
v -1.40120 0.56787 -0.00161
v -1.42810 0.58114 0.08205
v -1.40120 0.56787 0.08161
v -1.42542 0.58114 0.16410
v -1.39858 0.56781 0.16273
v -1.42007 0.58114 0.24011
v -1.39338 0.56768 0.23761
v -1.41209 0.58114 0.30637
v -1.38573 0.56742 0.30229
v -1.40153 0.58114 0.35968
v -1.37595 0.56695 0.35303
v -1.38844 0.58114 0.39742
v -1.36513 0.56616 0.38593
v -1.37290 0.58114 0.41776
v -1.35853 0.56599 0.39623
v -1.35502 0.58114 0.41972
v -1.35206 0.56861 0.39263
v -1.37879 0.51035 -0.36379
v -1.37566 0.50189 -0.33518
v -1.39781 0.51035 -0.36171
v -1.38221 0.49984 -0.33834
v -1.41432 0.51035 -0.34007
v -1.38908 0.49998 -0.32763
v -1.42824 0.51035 -0.29994
v -1.40078 0.50061 -0.29280
v -1.43948 0.51035 -0.24326
v -1.41132 0.50098 -0.23889
v -1.44796 0.51035 -0.17279
v -1.41953 0.50118 -0.17012
v -1.45365 0.51035 -0.09196
v -1.42509 0.50128 -0.09051
v -1.45650 0.51035 -0.00471
v -1.42790 0.50133 -0.00425
v -1.45650 0.51035 0.08471
v -1.42790 0.50133 0.08425
v -1.45365 0.51035 0.17196
v -1.42509 0.50128 0.17051
v -1.44796 0.51035 0.25279
v -1.41953 0.50118 0.25012
v -1.43948 0.51035 0.32326
v -1.41132 0.50098 0.31889
v -1.42824 0.51035 0.37994
v -1.40078 0.50061 0.37280
v -1.41432 0.51035 0.42007
v -1.38908 0.49998 0.40763
v -1.39781 0.51035 0.44171
v -1.38221 0.49984 0.41834
v -1.37879 0.51035 0.44379
v -1.37566 0.50189 0.41518
v -1.39328 0.43606 -0.37846
v -1.39005 0.43180 -0.34894
v -1.41298 0.43606 -0.37630
v -1.39660 0.43067 -0.35175
v -1.43010 0.43606 -0.35388
v -1.40362 0.43075 -0.34083
v -1.44453 0.43606 -0.31229
v -1.41589 0.43110 -0.30485
v -1.45617 0.43606 -0.25355
v -1.42690 0.43131 -0.24901
v -1.46496 0.43606 -0.18052
v -1.43545 0.43141 -0.17775
v -1.47086 0.43606 -0.09676
v -1.44125 0.43147 -0.09525
v -1.47381 0.43606 -0.00634
v -1.44416 0.43150 -0.00586
v -1.47381 0.43606 0.08634
v -1.44416 0.43150 0.08586
v -1.47086 0.43606 0.17676
v -1.44125 0.43147 0.17525
v -1.46496 0.43606 0.26052
v -1.43545 0.43141 0.25775
v -1.45617 0.43606 0.33355
v -1.42690 0.43131 0.32901
v -1.44453 0.43606 0.39229
v -1.41589 0.43110 0.38485
v -1.43010 0.43606 0.43388
v -1.40362 0.43075 0.42083
v -1.41298 0.43606 0.45630
v -1.39660 0.43067 0.43175
v -1.39328 0.43606 0.45846
v -1.39005 0.43180 0.42894
v -1.39814 0.36000 -0.38338
v -1.39488 0.36000 -0.35356
v -1.41808 0.36000 -0.38120
v -1.40143 0.36000 -0.35625
v -1.43540 0.36000 -0.35852
v -1.40849 0.36000 -0.34526
v -1.45000 0.36000 -0.31643
v -1.42096 0.36000 -0.30889
v -1.46178 0.36000 -0.25700
v -1.43213 0.36000 -0.25241
v -1.47067 0.36000 -0.18312
v -1.44081 0.36000 -0.18032
v -1.47664 0.36000 -0.09837
v -1.44667 0.36000 -0.09684
v -1.47963 0.36000 -0.00688
v -1.44963 0.36000 -0.00640
v -1.47963 0.36000 0.08688
v -1.44963 0.36000 0.08640
v -1.47664 0.36000 0.17837
v -1.44667 0.36000 0.17684
v -1.47067 0.36000 0.26312
v -1.44081 0.36000 0.26032
v -1.46178 0.36000 0.33700
v -1.43213 0.36000 0.33241
v -1.45000 0.36000 0.39643
v -1.42096 0.36000 0.38889
v -1.43540 0.36000 0.43852
v -1.40849 0.36000 0.42526
v -1.41808 0.36000 0.46120
v -1.40143 0.36000 0.43625
v -1.39814 0.36000 0.46338
v -1.39488 0.36000 0.43356
v -1.39328 0.28394 -0.37846
v -1.39005 0.28820 -0.34894
v -1.41298 0.28394 -0.37630
v -1.39660 0.28933 -0.35175
v -1.43010 0.28394 -0.35388
v -1.40362 0.28925 -0.34083
v -1.44453 0.28394 -0.31229
v -1.41589 0.28890 -0.30485
v -1.45617 0.28394 -0.25355
v -1.42690 0.28869 -0.24901
v -1.46496 0.28394 -0.18052
v -1.43545 0.28859 -0.17775
v -1.47086 0.28394 -0.09676
v -1.44125 0.28853 -0.09525
v -1.47381 0.28394 -0.00634
v -1.44416 0.28850 -0.00586
v -1.47381 0.28394 0.08634
v -1.44416 0.28850 0.08586
v -1.47086 0.28394 0.17676
v -1.44125 0.28853 0.17525
v -1.46496 0.28394 0.26052
v -1.43545 0.28859 0.25775
v -1.45617 0.28394 0.33355
v -1.42690 0.28869 0.32901
v -1.44453 0.28394 0.39229
v -1.41589 0.28890 0.38485
v -1.43010 0.28394 0.43388
v -1.40362 0.28925 0.42083
v -1.41298 0.28394 0.45630
v -1.39660 0.28933 0.43175
v -1.39328 0.28394 0.45846
v -1.39005 0.28820 0.42894
v -1.37879 0.20965 -0.36379
v -1.37566 0.21811 -0.33518
v -1.39781 0.20965 -0.36171
v -1.38221 0.22016 -0.33834
v -1.41432 0.20965 -0.34007
v -1.38908 0.22002 -0.32763
v -1.42824 0.20965 -0.29994
v -1.40078 0.21939 -0.29280
v -1.43948 0.20965 -0.24326
v -1.41132 0.21902 -0.23889
v -1.44796 0.20965 -0.17279
v -1.41953 0.21882 -0.17012
v -1.45365 0.20965 -0.09196
v -1.42509 0.21872 -0.09051
v -1.45650 0.20965 -0.00471
v -1.42790 0.21867 -0.00425
v -1.45650 0.20965 0.08471
v -1.42790 0.21867 0.08425
v -1.45365 0.20965 0.17196
v -1.42509 0.21872 0.17051
v -1.44796 0.20965 0.25279
v -1.41953 0.21882 0.25012
v -1.43948 0.20965 0.32326
v -1.41132 0.21902 0.31889
v -1.42824 0.20965 0.37994
v -1.40078 0.21939 0.37280
v -1.41432 0.20965 0.42007
v -1.38908 0.22002 0.40763
v -1.39781 0.20965 0.44171
v -1.38221 0.22016 0.41834
v -1.37879 0.20965 0.44379
v -1.37566 0.21811 0.41518
v -1.35502 0.13886 -0.33972
v -1.35206 0.15139 -0.31263
v -1.37290 0.13886 -0.33776
v -1.35853 0.15401 -0.31623
v -1.38844 0.13886 -0.31742
v -1.36513 0.15384 -0.30593
v -1.40153 0.13886 -0.27968
v -1.37595 0.15305 -0.27303
v -1.41209 0.13886 -0.22637
v -1.38573 0.15258 -0.22229
v -1.42007 0.13886 -0.16011
v -1.39338 0.15232 -0.15761
v -1.42542 0.13886 -0.08410
v -1.39858 0.15219 -0.08273
v -1.42810 0.13886 -0.00205
v -1.40120 0.15213 -0.00161
v -1.42810 0.13886 0.08205
v -1.40120 0.15213 0.08161
v -1.42542 0.13886 0.16410
v -1.39858 0.15219 0.16273
v -1.42007 0.13886 0.24011
v -1.39338 0.15232 0.23761
v -1.41209 0.13886 0.30637
v -1.38573 0.15258 0.30229
v -1.40153 0.13886 0.35968
v -1.37595 0.15305 0.35303
v -1.38844 0.13886 0.39742
v -1.36513 0.15384 0.38593
v -1.37290 0.13886 0.41776
v -1.35853 0.15401 0.39623
v -1.35502 0.13886 0.41972
v -1.35206 0.15139 0.39263
v -1.32252 0.07321 -0.30681
v -1.31967 0.08771 -0.28071
v -1.33886 0.07321 -0.30503
v -1.32523 0.09046 -0.28461
v -1.35304 0.07321 -0.28645
v -1.33092 0.09029 -0.27554
v -1.36500 0.07321 -0.25197
v -1.34059 0.08947 -0.24563
v -1.37465 0.07321 -0.20329
v -1.34942 0.08898 -0.19938
v -1.38194 0.07321 -0.14277
v -1.35636 0.08870 -0.14037
v -1.38682 0.07321 -0.07334
v -1.36108 0.08856 -0.07204
v -1.38927 0.07321 0.00160
v -1.36346 0.08850 0.00201
v -1.38927 0.07321 0.07840
v -1.36346 0.08850 0.07799
v -1.38682 0.07321 0.15334
v -1.36108 0.08856 0.15204
v -1.38194 0.07321 0.22277
v -1.35636 0.08870 0.22037
v -1.37465 0.07321 0.28329
v -1.34942 0.08898 0.27938
v -1.36500 0.07321 0.33197
v -1.34059 0.08947 0.32563
v -1.35304 0.07321 0.36645
v -1.33092 0.09029 0.35554
v -1.33886 0.07321 0.38503
v -1.32523 0.09046 0.36461
v -1.32252 0.07321 0.38681
v -1.31967 0.08771 0.36071
v -1.15500 0.47000 0.16000
v -1.15500 0.47000 0.16000
v -1.15500 0.47000 0.16000
v -1.15500 0.47000 0.16000
v -1.15500 0.47000 0.16000
v -1.15500 0.47000 0.16000
v -1.15500 0.47000 0.16000
v -1.15500 0.47000 0.16000
v -1.15500 0.45975 0.18475
v -1.13565 0.45975 0.17543
v -1.13087 0.45975 0.15449
v -1.14426 0.45975 0.13770
v -1.16574 0.45975 0.13770
v -1.17913 0.45975 0.15449
v -1.17435 0.45975 0.17543
v -1.15500 0.45975 0.18475
v -1.15500 0.43500 0.19500
v -1.12764 0.43500 0.18182
v -1.12088 0.43500 0.15221
v -1.13981 0.43500 0.12847
v -1.17019 0.43500 0.12847
v -1.18912 0.43500 0.15221
v -1.18236 0.43500 0.18182
v -1.15500 0.43500 0.19500
v -1.15500 0.41025 0.18475
v -1.13565 0.41025 0.17543
v -1.13087 0.41025 0.15449
v -1.14426 0.41025 0.13770
v -1.16574 0.41025 0.13770
v -1.17913 0.41025 0.15449
v -1.17435 0.41025 0.17543
v -1.15500 0.41025 0.18475
v -1.15500 0.40000 0.16000
v -1.15500 0.40000 0.16000
v -1.15500 0.40000 0.16000
v -1.15500 0.40000 0.16000
v -1.15500 0.40000 0.16000
v -1.15500 0.40000 0.16000
v -1.15500 0.40000 0.16000
v -1.15500 0.40000 0.16000
v 0.96844 1.16065 -0.13030
v 0.96675 1.13496 -0.11489
v 0.97552 1.16065 -0.12953
v 0.96838 1.13354 -0.11883
v 0.98167 1.16065 -0.12147
v 0.96999 1.13362 -0.11572
v 0.98685 1.16065 -0.10653
v 0.97352 1.13400 -0.10307
v 0.99103 1.16065 -0.08544
v 0.97695 1.13425 -0.08325
v 0.99419 1.16065 -0.05921
v 0.97974 1.13439 -0.05785
v 0.99631 1.16065 -0.02912
v 0.98168 1.13447 -0.02838
v 0.99737 1.16065 0.00336
v 0.98266 1.13450 0.00359
v 0.99737 1.16065 0.03664
v 0.98266 1.13450 0.03641
v 0.99631 1.16065 0.06912
v 0.98168 1.13447 0.06838
v 0.99419 1.16065 0.09921
v 0.97974 1.13439 0.09785
v 0.99103 1.16065 0.12544
v 0.97695 1.13425 0.12325
v 0.98685 1.16065 0.14653
v 0.97352 1.13400 0.14307
v 0.98167 1.16065 0.16147
v 0.96999 1.13362 0.15572
v 0.97552 1.16065 0.16953
v 0.96838 1.13354 0.15883
v 0.96844 1.16065 0.17030
v 0.96675 1.13496 0.15489
v 1.01514 1.12922 -0.17758
v 1.01324 1.10483 -0.16022
v 1.02444 1.12922 -0.17657
v 1.01628 1.10307 -0.16433
v 1.03253 1.12922 -0.16598
v 1.01917 1.10317 -0.15940
v 1.03934 1.12922 -0.14634
v 1.02415 1.10365 -0.14240
v 1.04483 1.12922 -0.11861
v 1.02885 1.10395 -0.11613
v 1.04899 1.12922 -0.08412
v 1.03261 1.10413 -0.08259
v 1.05177 1.12922 -0.04457
v 1.03519 1.10423 -0.04373
v 1.05316 1.12922 -0.00188
v 1.03651 1.10427 -0.00161
v 1.05316 1.12922 0.04188
v 1.03651 1.10427 0.04161
v 1.05177 1.12922 0.08457
v 1.03519 1.10423 0.08373
v 1.04899 1.12922 0.12412
v 1.03261 1.10413 0.12259
v 1.04483 1.12922 0.15861
v 1.02885 1.10395 0.15613
v 1.03934 1.12922 0.18634
v 1.02415 1.10365 0.18240
v 1.03253 1.12922 0.20598
v 1.01917 1.10317 0.19940
v 1.02444 1.12922 0.21657
v 1.01628 1.10307 0.20433
v 1.01514 1.12922 0.21758
v 1.01324 1.10483 0.20022
v 1.05729 1.08966 -0.22027
v 1.05501 1.06826 -0.19937
v 1.06861 1.08966 -0.21903
v 1.05843 1.06591 -0.20378
v 1.07844 1.08966 -0.20616
v 1.06184 1.06604 -0.19798
v 1.08672 1.08966 -0.18228
v 1.06803 1.06670 -0.17742
v 1.09341 1.08966 -0.14855
v 1.07384 1.06712 -0.14551
v 1.09846 1.08966 -0.10662
v 1.07848 1.06735 -0.10475
v 1.10184 1.08966 -0.05852
v 1.08166 1.06748 -0.05750
v 1.10354 1.08966 -0.00661
v 1.08328 1.06753 -0.00628
v 1.10354 1.08966 0.04661
v 1.08328 1.06753 0.04628
v 1.10184 1.08966 0.09852
v 1.08166 1.06748 0.09750
v 1.09846 1.08966 0.14662
v 1.07848 1.06735 0.14475
v 1.09341 1.08966 0.18855
v 1.07384 1.06712 0.18551
v 1.08672 1.08966 0.22228
v 1.06803 1.06670 0.21742
v 1.07844 1.08966 0.24616
v 1.06184 1.06604 0.23798
v 1.06861 1.08966 0.25903
v 1.05843 1.06591 0.24378
v 1.05729 1.08966 0.26027
v 1.05501 1.06826 0.23937
v 1.09393 1.04289 -0.25736
v 1.09131 1.02491 -0.23349
v 1.10699 1.04289 -0.25593
v 1.09493 1.02219 -0.23786
v 1.11834 1.04289 -0.24107
v 1.09871 1.02236 -0.23140
v 1.12790 1.04289 -0.21350
v 1.10603 1.02314 -0.20782
v 1.13561 1.04289 -0.17457
v 1.11288 1.02363 -0.17104
v 1.14144 1.04289 -0.12616
v 1.11832 1.02390 -0.12400
v 1.14535 1.04289 -0.07064
v 1.12204 1.02404 -0.06946
v 1.14731 1.04289 -0.01071
v 1.12392 1.02410 -0.01034
v 1.14731 1.04289 0.05071
v 1.12392 1.02410 0.05034
v 1.14535 1.04289 0.11064
v 1.12204 1.02404 0.10946
v 1.14144 1.04289 0.16616
v 1.11832 1.02390 0.16400
v 1.13561 1.04289 0.21457
v 1.11288 1.02363 0.21104
v 1.12790 1.04289 0.25350
v 1.10603 1.02314 0.24782
v 1.11834 1.04289 0.28107
v 1.09871 1.02236 0.27140
v 1.10699 1.04289 0.29593
v 1.09493 1.02219 0.27786
v 1.09393 1.04289 0.29736
v 1.09131 1.02491 0.27349
v 1.12418 0.99000 -0.28799
v 1.12131 0.97578 -0.26174
v 1.13869 0.99000 -0.28641
v 1.12495 0.97304 -0.26582
v 1.15129 0.99000 -0.26991
v 1.12898 0.97321 -0.25892
v 1.16190 0.99000 -0.23929
v 1.13732 0.97403 -0.23291
v 1.17047 0.99000 -0.19606
v 1.14508 0.97452 -0.19212
v 1.17695 0.99000 -0.14231
v 1.15120 0.97479 -0.13990
v 1.18128 0.99000 -0.08066
v 1.15538 0.97493 -0.07934
v 1.18346 0.99000 -0.01411
v 1.15749 0.97499 -0.01369
v 1.18346 0.99000 0.05411
v 1.15749 0.97499 0.05369
v 1.18128 0.99000 0.12066
v 1.15538 0.97493 0.11934
v 1.17695 0.99000 0.18231
v 1.15120 0.97479 0.17990
v 1.17047 0.99000 0.23606
v 1.14508 0.97452 0.23212
v 1.16190 0.99000 0.27929
v 1.13732 0.97403 0.27291
v 1.15129 0.99000 0.30991
v 1.12898 0.97321 0.29892
v 1.13869 0.99000 0.32641
v 1.12495 0.97304 0.30582
v 1.12418 0.99000 0.32799
v 1.12131 0.97578 0.30174
v 1.14736 0.93222 -0.31146
v 1.14429 0.92199 -0.28343
v 1.16297 0.93222 -0.30975
v 1.14785 0.91965 -0.28710
v 1.17653 0.93222 -0.29199
v 1.15203 0.91981 -0.27992
v 1.18795 0.93222 -0.25905
v 1.16122 0.92052 -0.25210
v 1.19718 0.93222 -0.21252
v 1.16971 0.92095 -0.20826
v 1.20414 0.93222 -0.15467
v 1.17637 0.92117 -0.15207
v 1.20881 0.93222 -0.08833
v 1.18091 0.92129 -0.08691
v 1.21115 0.93222 -0.01670
v 1.18320 0.92134 -0.01625
v 1.21115 0.93222 0.05670
v 1.18320 0.92134 0.05625
v 1.20881 0.93222 0.12833
v 1.18091 0.92129 0.12691
v 1.20414 0.93222 0.19467
v 1.17637 0.92117 0.19207
v 1.19718 0.93222 0.25252
v 1.16971 0.92095 0.24826
v 1.18795 0.93222 0.29905
v 1.16122 0.92052 0.29210
v 1.17653 0.93222 0.33199
v 1.15203 0.91981 0.31992
v 1.16297 0.93222 0.34975
v 1.14785 0.91965 0.32710
v 1.14736 0.93222 0.35146
v 1.14429 0.92199 0.32343
v 1.16291 0.87090 -0.32721
v 1.15972 0.86483 -0.29801
v 1.17927 0.87090 -0.32542
v 1.16316 0.86327 -0.30129
v 1.19347 0.87090 -0.30682
v 1.16742 0.86338 -0.29398
v 1.20544 0.87090 -0.27231
v 1.17721 0.86386 -0.26498
v 1.21510 0.87090 -0.22357
v 1.18622 0.86414 -0.21909
v 1.22240 0.87090 -0.16297
v 1.19326 0.86430 -0.16024
v 1.22729 0.87090 -0.09347
v 1.19804 0.86437 -0.09199
v 1.22974 0.87090 -0.01845
v 1.20045 0.86441 -0.01798
v 1.22974 0.87090 0.05845
v 1.20045 0.86441 0.05798
v 1.22729 0.87090 0.13347
v 1.19804 0.86437 0.13199
v 1.22240 0.87090 0.20297
v 1.19326 0.86430 0.20024
v 1.21510 0.87090 0.26357
v 1.18622 0.86414 0.25909
v 1.20544 0.87090 0.31231
v 1.17721 0.86386 0.30498
v 1.19347 0.87090 0.34682
v 1.16742 0.86338 0.33398
v 1.17927 0.87090 0.36542
v 1.16316 0.86327 0.34129
v 1.16291 0.87090 0.36721
v 1.15972 0.86483 0.33801
v 1.17049 0.80747 -0.33488
v 1.16723 0.80564 -0.30511
v 1.18720 0.80747 -0.33305
v 1.17060 0.80514 -0.30817
v 1.20172 0.80747 -0.31404
v 1.17489 0.80518 -0.30082
v 1.21395 0.80747 -0.27876
v 1.18499 0.80533 -0.27124
v 1.22383 0.80747 -0.22895
v 1.19425 0.80542 -0.22436
v 1.23128 0.80747 -0.16702
v 1.20148 0.80547 -0.16422
v 1.23628 0.80747 -0.09598
v 1.20638 0.80550 -0.09446
v 1.23879 0.80747 -0.01930
v 1.20886 0.80551 -0.01881
v 1.23879 0.80747 0.05930
v 1.20886 0.80551 0.05881
v 1.23628 0.80747 0.13598
v 1.20638 0.80550 0.13446
v 1.23128 0.80747 0.20702
v 1.20148 0.80547 0.20422
v 1.22383 0.80747 0.26895
v 1.19425 0.80542 0.26436
v 1.21395 0.80747 0.31876
v 1.18499 0.80533 0.31124
v 1.20172 0.80747 0.35404
v 1.17489 0.80518 0.34082
v 1.18720 0.80747 0.37305
v 1.17060 0.80514 0.34817
v 1.17049 0.80747 0.37488
v 1.16723 0.80564 0.34511
v 1.16990 0.74339 -0.33429
v 1.16664 0.74370 -0.30447
v 1.18659 0.74339 -0.33246
v 1.16994 0.74378 -0.30751
v 1.20108 0.74339 -0.31348
v 1.17417 0.74378 -0.30022
v 1.21329 0.74339 -0.27827
v 1.18426 0.74375 -0.27072
v 1.22315 0.74339 -0.22853
v 1.19351 0.74374 -0.22394
v 1.23060 0.74339 -0.16670
v 1.20073 0.74373 -0.16391
v 1.23559 0.74339 -0.09579
v 1.20563 0.74372 -0.09426
v 1.23809 0.74339 -0.01923
v 1.20809 0.74372 -0.01875
v 1.23809 0.74339 0.05923
v 1.20809 0.74372 0.05875
v 1.23559 0.74339 0.13579
v 1.20563 0.74372 0.13426
v 1.23060 0.74339 0.20670
v 1.20073 0.74373 0.20391
v 1.22315 0.74339 0.26853
v 1.19351 0.74374 0.26394
v 1.21329 0.74339 0.31827
v 1.18426 0.74375 0.31072
v 1.20108 0.74339 0.35348
v 1.17417 0.74378 0.34022
v 1.18659 0.74339 0.37246
v 1.16994 0.74378 0.34751
v 1.16990 0.74339 0.37429
v 1.16664 0.74370 0.34447
v 0.96700 0.87800 0.14000
v 0.96700 0.87800 0.14000
v 0.96700 0.87800 0.14000
v 0.96700 0.87800 0.14000
v 0.96700 0.87800 0.14000
v 0.96700 0.87800 0.14000
v 0.96700 0.87800 0.14000
v 0.96700 0.87800 0.14000
v 0.96700 0.86775 0.16475
v 0.98635 0.86775 0.15543
v 0.99113 0.86775 0.13449
v 0.97774 0.86775 0.11770
v 0.95626 0.86775 0.11770
v 0.94287 0.86775 0.13449
v 0.94765 0.86775 0.15543
v 0.96700 0.86775 0.16475
v 0.96700 0.84300 0.17500
v 0.99436 0.84300 0.16182
v 1.00112 0.84300 0.13221
v 0.98219 0.84300 0.10847
v 0.95181 0.84300 0.10847
v 0.93288 0.84300 0.13221
v 0.93964 0.84300 0.16182
v 0.96700 0.84300 0.17500
v 0.96700 0.81825 0.16475
v 0.98635 0.81825 0.15543
v 0.99113 0.81825 0.13449
v 0.97774 0.81825 0.11770
v 0.95626 0.81825 0.11770
v 0.94287 0.81825 0.13449
v 0.94765 0.81825 0.15543
v 0.96700 0.81825 0.16475
v 0.96700 0.80800 0.14000
v 0.96700 0.80800 0.14000
v 0.96700 0.80800 0.14000
v 0.96700 0.80800 0.14000
v 0.96700 0.80800 0.14000
v 0.96700 0.80800 0.14000
v 0.96700 0.80800 0.14000
v 0.96700 0.80800 0.14000
v 1.05771 1.04609 -0.17519
v 1.05566 1.02271 -0.15650
v 1.06714 1.04609 -0.17415
v 1.05824 1.02073 -0.16082
v 1.07532 1.04609 -0.16343
v 1.06079 1.02084 -0.15627
v 1.08222 1.04609 -0.14353
v 1.06575 1.02139 -0.13925
v 1.08780 1.04609 -0.11543
v 1.07049 1.02174 -0.11275
v 1.09200 1.04609 -0.08049
v 1.07429 1.02194 -0.07884
v 1.09482 1.04609 -0.04042
v 1.07691 1.02204 -0.03951
v 1.09623 1.04609 0.00283
v 1.07824 1.02209 0.00312
v 1.09623 1.04609 0.04717
v 1.07824 1.02209 0.04688
v 1.09482 1.04609 0.09042
v 1.07691 1.02204 0.08951
v 1.09200 1.04609 0.13049
v 1.07429 1.02194 0.12884
v 1.08780 1.04609 0.16543
v 1.07049 1.02174 0.16275
v 1.08222 1.04609 0.19353
v 1.06575 1.02139 0.18925
v 1.07532 1.04609 0.21343
v 1.06079 1.02084 0.20627
v 1.06714 1.04609 0.22415
v 1.05824 1.02073 0.21082
v 1.05771 1.04609 0.22519
v 1.05566 1.02271 0.20650
v 1.10262 1.00581 -0.22066
v 1.10038 0.98395 -0.20023
v 1.11419 1.00581 -0.21939
v 1.10429 0.98168 -0.20456
v 1.12424 1.00581 -0.20623
v 1.10809 0.98181 -0.19827
v 1.13270 1.00581 -0.18181
v 1.11449 0.98244 -0.17708
v 1.13954 1.00581 -0.14733
v 1.12046 0.98285 -0.14437
v 1.14470 1.00581 -0.10446
v 1.12521 0.98307 -0.10263
v 1.14816 1.00581 -0.05528
v 1.12847 0.98320 -0.05428
v 1.14990 1.00581 -0.00220
v 1.13012 0.98325 -0.00188
v 1.14990 1.00581 0.05220
v 1.13012 0.98325 0.05188
v 1.14816 1.00581 0.10528
v 1.12847 0.98320 0.10428
v 1.14470 1.00581 0.15446
v 1.12521 0.98307 0.15263
v 1.13954 1.00581 0.19733
v 1.12046 0.98285 0.19437
v 1.13270 1.00581 0.23181
v 1.11449 0.98244 0.22708
v 1.12424 1.00581 0.25623
v 1.10809 0.98181 0.24827
v 1.11419 1.00581 0.26939
v 1.10429 0.98168 0.25456
v 1.10262 1.00581 0.27066
v 1.10038 0.98395 0.25023
v 1.14188 0.95783 -0.26041
v 1.13931 0.93934 -0.23693
v 1.15532 0.95783 -0.25894
v 1.14352 0.93666 -0.24126
v 1.16700 0.95783 -0.24365
v 1.14779 0.93682 -0.23418
v 1.17683 0.95783 -0.21528
v 1.15540 0.93759 -0.20971
v 1.18477 0.95783 -0.17522
v 1.16247 0.93807 -0.17176
v 1.19077 0.95783 -0.12541
v 1.16807 0.93833 -0.12328
v 1.19479 0.95783 -0.06828
v 1.17190 0.93847 -0.06711
v 1.19681 0.95783 -0.00660
v 1.17384 0.93854 -0.00623
v 1.19681 0.95783 0.05660
v 1.17384 0.93854 0.05623
v 1.19479 0.95783 0.11828
v 1.17190 0.93847 0.11711
v 1.19077 0.95783 0.17541
v 1.16807 0.93833 0.17328
v 1.18477 0.95783 0.22522
v 1.16247 0.93807 0.22176
v 1.17683 0.95783 0.26528
v 1.15540 0.93759 0.25971
v 1.16700 0.95783 0.29365
v 1.14779 0.93682 0.28418
v 1.15532 0.95783 0.30894
v 1.14352 0.93666 0.29126
v 1.14188 0.95783 0.31041
v 1.13931 0.93934 0.28693
v 1.17458 0.90326 -0.29352
v 1.17174 0.88848 -0.26757
v 1.18958 0.90326 -0.29188
v 1.17607 0.88573 -0.27163
v 1.20261 0.90326 -0.27481
v 1.18066 0.88590 -0.26400
v 1.21359 0.90326 -0.24315
v 1.18936 0.88672 -0.23686
v 1.22245 0.90326 -0.19844
v 1.19740 0.88721 -0.19456
v 1.22915 0.90326 -0.14285
v 1.20374 0.88749 -0.14047
v 1.23363 0.90326 -0.07910
v 1.20806 0.88763 -0.07780
v 1.23588 0.90326 -0.01027
v 1.21024 0.88769 -0.00986
v 1.23588 0.90326 0.06027
v 1.21024 0.88769 0.05986
v 1.23363 0.90326 0.12910
v 1.20806 0.88763 0.12780
v 1.22915 0.90326 0.19285
v 1.20374 0.88749 0.19047
v 1.22245 0.90326 0.24844
v 1.19740 0.88721 0.24456
v 1.21359 0.90326 0.29315
v 1.18936 0.88672 0.28686
v 1.20261 0.90326 0.32481
v 1.18066 0.88590 0.31400
v 1.18958 0.90326 0.34188
v 1.17607 0.88573 0.32163
v 1.17458 0.90326 0.34352
v 1.17174 0.88848 0.31757
v 1.19996 0.84338 -0.31922
v 1.19691 0.83257 -0.29140
v 1.21617 0.84338 -0.31744
v 1.20122 0.83014 -0.29505
v 1.23025 0.84338 -0.29900
v 1.20603 0.83030 -0.28707
v 1.24211 0.84338 -0.26479
v 1.21565 0.83104 -0.25791
v 1.25169 0.84338 -0.21647
v 1.22448 0.83148 -0.21225
v 1.25893 0.84338 -0.15640
v 1.23141 0.83172 -0.15382
v 1.26377 0.84338 -0.08749
v 1.23612 0.83184 -0.08609
v 1.26620 0.84338 -0.01312
v 1.23849 0.83189 -0.01267
v 1.26620 0.84338 0.06312
v 1.23849 0.83189 0.06267
v 1.26377 0.84338 0.13749
v 1.23612 0.83184 0.13609
v 1.25893 0.84338 0.20640
v 1.23141 0.83172 0.20382
v 1.25169 0.84338 0.26647
v 1.22448 0.83148 0.26225
v 1.24211 0.84338 0.31479
v 1.21565 0.83104 0.30791
v 1.23025 0.84338 0.34900
v 1.20603 0.83030 0.33707
v 1.21617 0.84338 0.36744
v 1.20122 0.83014 0.34505
v 1.19996 0.84338 0.36922
v 1.19691 0.83257 0.34140
v 1.21742 0.77958 -0.33690
v 1.21424 0.77291 -0.30783
v 1.23447 0.77958 -0.33503
v 1.21847 0.77121 -0.31107
v 1.24927 0.77958 -0.31564
v 1.22340 0.77133 -0.30290
v 1.26174 0.77958 -0.27967
v 1.23369 0.77186 -0.27238
v 1.27181 0.77958 -0.22887
v 1.24309 0.77216 -0.22442
v 1.27942 0.77958 -0.16571
v 1.25044 0.77233 -0.16300
v 1.28452 0.77958 -0.09327
v 1.25542 0.77241 -0.09180
v 1.28707 0.77958 -0.01507
v 1.25794 0.77245 -0.01460
v 1.28707 0.77958 0.06507
v 1.25794 0.77245 0.06460
v 1.28452 0.77958 0.14327
v 1.25542 0.77241 0.14180
v 1.27942 0.77958 0.21571
v 1.25044 0.77233 0.21300
v 1.27181 0.77958 0.27887
v 1.24309 0.77216 0.27442
v 1.26174 0.77958 0.32967
v 1.23369 0.77186 0.32238
v 1.24927 0.77958 0.36564
v 1.22340 0.77133 0.35290
v 1.23447 0.77958 0.38503
v 1.21847 0.77121 0.36107
v 1.21742 0.77958 0.38690
v 1.21424 0.77291 0.35783
v 1.22657 0.71335 -0.34616
v 1.22331 0.71091 -0.31644
v 1.24405 0.71335 -0.34425
v 1.22748 0.71025 -0.31943
v 1.25923 0.71335 -0.32436
v 1.23246 0.71030 -0.31117
v 1.27202 0.71335 -0.28747
v 1.24312 0.71050 -0.27996
v 1.28235 0.71335 -0.23537
v 1.25283 0.71062 -0.23079
v 1.29015 0.71335 -0.17059
v 1.26040 0.71069 -0.16781
v 1.29538 0.71335 -0.09630
v 1.26553 0.71072 -0.09478
v 1.29800 0.71335 -0.01610
v 1.26812 0.71073 -0.01562
v 1.29800 0.71335 0.06610
v 1.26812 0.71073 0.06562
v 1.29538 0.71335 0.14630
v 1.26553 0.71072 0.14478
v 1.29015 0.71335 0.22059
v 1.26040 0.71069 0.21781
v 1.28235 0.71335 0.28537
v 1.25283 0.71062 0.28079
v 1.27202 0.71335 0.33747
v 1.24312 0.71050 0.32996
v 1.25923 0.71335 0.37436
v 1.23246 0.71030 0.36117
v 1.24405 0.71335 0.39425
v 1.22748 0.71025 0.36943
v 1.22657 0.71335 0.39616
v 1.22331 0.71091 0.36644
v 1.22718 0.64622 -0.34678
v 1.22392 0.64805 -0.31701
v 1.24469 0.64622 -0.34486
v 1.22808 0.64855 -0.31999
v 1.25990 0.64622 -0.32494
v 1.23306 0.64852 -0.31172
v 1.27271 0.64622 -0.28799
v 1.24375 0.64836 -0.28047
v 1.28306 0.64622 -0.23580
v 1.25348 0.64827 -0.23122
v 1.29087 0.64622 -0.17092
v 1.26107 0.64822 -0.16813
v 1.29610 0.64622 -0.09650
v 1.26621 0.64820 -0.09498
v 1.29873 0.64622 -0.01617
v 1.26880 0.64819 -0.01569
v 1.29873 0.64622 0.06617
v 1.26880 0.64819 0.06569
v 1.29610 0.64622 0.14650
v 1.26621 0.64820 0.14498
v 1.29087 0.64622 0.22092
v 1.26107 0.64822 0.21813
v 1.28306 0.64622 0.28580
v 1.25348 0.64827 0.28122
v 1.27271 0.64622 0.33799
v 1.24375 0.64836 0.33047
v 1.25990 0.64622 0.37494
v 1.23306 0.64852 0.36172
v 1.24469 0.64622 0.39486
v 1.22808 0.64855 0.36999
v 1.22718 0.64622 0.39678
v 1.22392 0.64805 0.36701
v 1.21924 0.57977 -0.33875
v 1.21601 0.58373 -0.30918
v 1.23638 0.57977 -0.33687
v 1.21996 0.58478 -0.31227
v 1.25125 0.57977 -0.31738
v 1.22471 0.58471 -0.30430
v 1.26379 0.57977 -0.28123
v 1.23510 0.58438 -0.27377
v 1.27391 0.57977 -0.23017
v 1.24459 0.58419 -0.22562
v 1.28156 0.57977 -0.16669
v 1.25200 0.58408 -0.16392
v 1.28668 0.57977 -0.09388
v 1.25702 0.58403 -0.09237
v 1.28925 0.57977 -0.01528
v 1.25955 0.58401 -0.01480
v 1.28925 0.57977 0.06528
v 1.25955 0.58401 0.06480
v 1.28668 0.57977 0.14388
v 1.25702 0.58403 0.14237
v 1.28156 0.57977 0.21669
v 1.25200 0.58408 0.21392
v 1.27391 0.57977 0.28017
v 1.24459 0.58419 0.27562
v 1.26379 0.57977 0.33123
v 1.23510 0.58438 0.32377
v 1.25125 0.57977 0.36738
v 1.22471 0.58471 0.35430
v 1.23638 0.57977 0.38687
v 1.21996 0.58478 0.36227
v 1.21924 0.57977 0.38875
v 1.21601 0.58373 0.35918
v 1.01400 0.77600 0.14500
v 1.01400 0.77600 0.14500
v 1.01400 0.77600 0.14500
v 1.01400 0.77600 0.14500
v 1.01400 0.77600 0.14500
v 1.01400 0.77600 0.14500
v 1.01400 0.77600 0.14500
v 1.01400 0.77600 0.14500
v 1.01400 0.76575 0.16975
v 1.03335 0.76575 0.16043
v 1.03813 0.76575 0.13949
v 1.02474 0.76575 0.12270
v 1.00326 0.76575 0.12270
v 0.98987 0.76575 0.13949
v 0.99465 0.76575 0.16043
v 1.01400 0.76575 0.16975
v 1.01400 0.74100 0.18000
v 1.04136 0.74100 0.16682
v 1.04812 0.74100 0.13721
v 1.02919 0.74100 0.11347
v 0.99881 0.74100 0.11347
v 0.97988 0.74100 0.13721
v 0.98664 0.74100 0.16682
v 1.01400 0.74100 0.18000
v 1.01400 0.71625 0.16975
v 1.03335 0.71625 0.16043
v 1.03813 0.71625 0.13949
v 1.02474 0.71625 0.12270
v 1.00326 0.71625 0.12270
v 0.98987 0.71625 0.13949
v 0.99465 0.71625 0.16043
v 1.01400 0.71625 0.16975
v 1.01400 0.70600 0.14500
v 1.01400 0.70600 0.14500
v 1.01400 0.70600 0.14500
v 1.01400 0.70600 0.14500
v 1.01400 0.70600 0.14500
v 1.01400 0.70600 0.14500
v 1.01400 0.70600 0.14500
v 1.01400 0.70600 0.14500
v 1.14728 0.92238 -0.22037
v 1.14491 0.90168 -0.19879
v 1.15907 0.92238 -0.21908
v 1.14847 0.89923 -0.20321
v 1.16931 0.92238 -0.20567
v 1.15204 0.89937 -0.19716
v 1.17794 0.92238 -0.18078
v 1.15853 0.90006 -0.17574
v 1.18491 0.92238 -0.14564
v 1.16463 0.90050 -0.14249
v 1.19017 0.92238 -0.10194
v 1.16948 0.90074 -0.10000
v 1.19369 0.92238 -0.05183
v 1.17280 0.90087 -0.05076
v 1.19546 0.92238 0.00228
v 1.17449 0.90093 0.00261
v 1.19546 0.92238 0.05772
v 1.17449 0.90093 0.05739
v 1.19369 0.92238 0.11183
v 1.17280 0.90087 0.11076
v 1.19017 0.92238 0.16194
v 1.16948 0.90074 0.16000
v 1.18491 0.92238 0.20564
v 1.16463 0.90050 0.20249
v 1.17794 0.92238 0.24078
v 1.15853 0.90006 0.23574
v 1.16931 0.92238 0.26567
v 1.15204 0.89937 0.25716
v 1.15907 0.92238 0.27908
v 1.14847 0.89923 0.26321
v 1.14728 0.92238 0.28037
v 1.14491 0.90168 0.25879
v 1.18923 0.87330 -0.26285
v 1.18670 0.85431 -0.23977
v 1.20302 0.87330 -0.26134
v 1.19148 0.85166 -0.24406
v 1.21500 0.87330 -0.24565
v 1.19621 0.85182 -0.23639
v 1.22509 0.87330 -0.21654
v 1.20409 0.85258 -0.21109
v 1.23324 0.87330 -0.17544
v 1.21137 0.85305 -0.17204
v 1.23940 0.87330 -0.12433
v 1.21712 0.85331 -0.12224
v 1.24352 0.87330 -0.06571
v 1.22105 0.85345 -0.06457
v 1.24559 0.87330 -0.00243
v 1.22304 0.85351 -0.00206
v 1.24559 0.87330 0.06243
v 1.22304 0.85351 0.06206
v 1.24352 0.87330 0.12571
v 1.22105 0.85345 0.12457
v 1.23940 0.87330 0.18433
v 1.21712 0.85331 0.18224
v 1.23324 0.87330 0.23544
v 1.21137 0.85305 0.23204
v 1.22509 0.87330 0.27654
v 1.20409 0.85258 0.27109
v 1.21500 0.87330 0.30565
v 1.19621 0.85182 0.29639
v 1.20302 0.87330 0.32134
v 1.19148 0.85166 0.30406
v 1.18923 0.87330 0.32285
v 1.18670 0.85431 0.29977
v 1.22445 0.81716 -0.29851
v 1.22164 0.80183 -0.27287
v 1.23992 0.81716 -0.29682
v 1.22663 0.79906 -0.27692
v 1.25336 0.81716 -0.27922
v 1.23177 0.79924 -0.26858
v 1.26468 0.81716 -0.24657
v 1.24082 0.80006 -0.24037
v 1.27382 0.81716 -0.20045
v 1.24913 0.80055 -0.19662
v 1.28072 0.81716 -0.14312
v 1.25567 0.80083 -0.14077
v 1.28535 0.81716 -0.07736
v 1.26012 0.80097 -0.07608
v 1.28767 0.81716 -0.00638
v 1.26238 0.80103 -0.00597
v 1.28767 0.81716 0.06638
v 1.26238 0.80103 0.06597
v 1.28535 0.81716 0.13736
v 1.26012 0.80097 0.13608
v 1.28072 0.81716 0.20312
v 1.25567 0.80083 0.20077
v 1.27382 0.81716 0.26045
v 1.24913 0.80055 0.25662
v 1.26468 0.81716 0.30657
v 1.24082 0.80006 0.30037
v 1.25336 0.81716 0.33922
v 1.23177 0.79924 0.32858
v 1.23992 0.81716 0.35682
v 1.22663 0.79906 0.33692
v 1.22445 0.81716 0.35851
v 1.22164 0.80183 0.33287
v 1.25211 0.75526 -0.32652
v 1.24909 0.74387 -0.29894
v 1.26890 0.75526 -0.32469
v 1.25414 0.74137 -0.30257
v 1.28349 0.75526 -0.30559
v 1.25956 0.74154 -0.29380
v 1.29578 0.75526 -0.27015
v 1.26959 0.74230 -0.26335
v 1.30570 0.75526 -0.22010
v 1.27875 0.74275 -0.21592
v 1.31319 0.75526 -0.15788
v 1.28593 0.74299 -0.15533
v 1.31821 0.75526 -0.08652
v 1.29081 0.74312 -0.08512
v 1.32073 0.75526 -0.00948
v 1.29328 0.74317 -0.00904
v 1.32073 0.75526 0.06948
v 1.29328 0.74317 0.06904
v 1.31821 0.75526 0.14652
v 1.29081 0.74312 0.14512
v 1.31319 0.75526 0.21788
v 1.28593 0.74299 0.21533
v 1.30570 0.75526 0.28010
v 1.27875 0.74275 0.27592
v 1.29578 0.75526 0.33015
v 1.26959 0.74230 0.32335
v 1.28349 0.75526 0.36559
v 1.25956 0.74154 0.35380
v 1.26890 0.75526 0.38469
v 1.25414 0.74137 0.36257
v 1.25211 0.75526 0.38652
v 1.24909 0.74387 0.35894
v 1.27158 0.68906 -0.34624
v 1.26842 0.68178 -0.31731
v 1.28930 0.68906 -0.34430
v 1.27343 0.67996 -0.32052
v 1.30469 0.68906 -0.32414
v 1.27901 0.68009 -0.31149
v 1.31766 0.68906 -0.28675
v 1.28979 0.68065 -0.27950
v 1.32813 0.68906 -0.23393
v 1.29958 0.68098 -0.22950
v 1.33604 0.68906 -0.16827
v 1.30722 0.68116 -0.16557
v 1.34134 0.68906 -0.09296
v 1.31241 0.68125 -0.09149
v 1.34399 0.68906 -0.01166
v 1.31502 0.68129 -0.01119
v 1.34399 0.68906 0.07166
v 1.31502 0.68129 0.07119
v 1.34134 0.68906 0.15296
v 1.31241 0.68125 0.15149
v 1.33604 0.68906 0.22827
v 1.30722 0.68116 0.22557
v 1.32813 0.68906 0.29393
v 1.29958 0.68098 0.28950
v 1.31766 0.68906 0.34675
v 1.28979 0.68065 0.33950
v 1.30469 0.68906 0.38414
v 1.27901 0.68009 0.37149
v 1.28930 0.68906 0.40430
v 1.27343 0.67996 0.38052
v 1.27158 0.68906 0.40624
v 1.26842 0.68178 0.37731
v 1.28241 0.62008 -0.35720
v 1.27916 0.61703 -0.32753
v 1.30064 0.62008 -0.35520
v 1.28413 0.61621 -0.33046
v 1.31648 0.62008 -0.33446
v 1.28979 0.61627 -0.32130
v 1.32983 0.62008 -0.29597
v 1.30099 0.61653 -0.28848
v 1.34060 0.62008 -0.24162
v 1.31115 0.61667 -0.23705
v 1.34874 0.62008 -0.17405
v 1.31905 0.61675 -0.17127
v 1.35419 0.62008 -0.09654
v 1.32441 0.61679 -0.09503
v 1.35692 0.62008 -0.01288
v 1.32711 0.61681 -0.01239
v 1.35692 0.62008 0.07288
v 1.32711 0.61681 0.07239
v 1.35419 0.62008 0.15654
v 1.32441 0.61679 0.15503
v 1.34874 0.62008 0.23405
v 1.31905 0.61675 0.23127
v 1.34060 0.62008 0.30162
v 1.31115 0.61667 0.29705
v 1.32983 0.62008 0.35597
v 1.30099 0.61653 0.34848
v 1.31648 0.62008 0.39446
v 1.28979 0.61627 0.38130
v 1.30064 0.62008 0.41520
v 1.28413 0.61621 0.39046
v 1.28241 0.62008 0.41720
v 1.27916 0.61703 0.38753
v 1.28433 0.54994 -0.35914
v 1.28107 0.55116 -0.32934
v 1.30265 0.54994 -0.35714
v 1.28602 0.55149 -0.33222
v 1.31857 0.54994 -0.33629
v 1.29170 0.55146 -0.32304
v 1.33198 0.54994 -0.29761
v 1.30298 0.55136 -0.29007
v 1.34281 0.54994 -0.24298
v 1.31320 0.55130 -0.23839
v 1.35099 0.54994 -0.17507
v 1.32115 0.55127 -0.17228
v 1.35647 0.54994 -0.09718
v 1.32654 0.55125 -0.09566
v 1.35922 0.54994 -0.01309
v 1.32925 0.55124 -0.01261
v 1.35922 0.54994 0.07309
v 1.32925 0.55124 0.07261
v 1.35647 0.54994 0.15718
v 1.32654 0.55125 0.15566
v 1.35099 0.54994 0.23507
v 1.32115 0.55127 0.23228
v 1.34281 0.54994 0.30298
v 1.31320 0.55130 0.29839
v 1.33198 0.54994 0.35761
v 1.30298 0.55136 0.35007
v 1.31857 0.54994 0.39629
v 1.29170 0.55146 0.38304
v 1.30265 0.54994 0.41714
v 1.28602 0.55149 0.39222
v 1.28433 0.54994 0.41914
v 1.28107 0.55116 0.38934
v 1.27730 0.48026 -0.35203
v 1.27409 0.48573 -0.32271
v 1.29529 0.48026 -0.35006
v 1.27908 0.48715 -0.32577
v 1.31092 0.48026 -0.32959
v 1.28471 0.48705 -0.31668
v 1.32409 0.48026 -0.29162
v 1.29571 0.48661 -0.28425
v 1.33472 0.48026 -0.23799
v 1.30569 0.48635 -0.23349
v 1.34275 0.48026 -0.17132
v 1.31347 0.48622 -0.16858
v 1.34813 0.48026 -0.09485
v 1.31875 0.48615 -0.09336
v 1.35082 0.48026 -0.01230
v 1.32140 0.48611 -0.01183
v 1.35082 0.48026 0.07230
v 1.32140 0.48611 0.07183
v 1.34813 0.48026 0.15485
v 1.31875 0.48615 0.15336
v 1.34275 0.48026 0.23132
v 1.31347 0.48622 0.22858
v 1.33472 0.48026 0.29799
v 1.30569 0.48635 0.29349
v 1.32409 0.48026 0.35162
v 1.29571 0.48661 0.34425
v 1.31092 0.48026 0.38959
v 1.28471 0.48705 0.37668
v 1.29529 0.48026 0.41006
v 1.27908 0.48715 0.38577
v 1.27730 0.48026 0.41203
v 1.27409 0.48573 0.38271
v 1.26149 0.41267 -0.33602
v 1.25833 0.42024 -0.30717
v 1.27873 0.41267 -0.33414
v 1.26293 0.42212 -0.31045
v 1.29370 0.41267 -0.31452
v 1.26813 0.42200 -0.30192
v 1.30632 0.41267 -0.27814
v 1.27854 0.42141 -0.27093
v 1.31650 0.41267 -0.22676
v 1.28804 0.42107 -0.22235
v 1.32420 0.41267 -0.16289
v 1.29547 0.42089 -0.16020
v 1.32935 0.41267 -0.08962
v 1.30051 0.42080 -0.08816
v 1.33194 0.41267 -0.01053
v 1.30305 0.42076 -0.01006
v 1.33194 0.41267 0.07053
v 1.30305 0.42076 0.07006
v 1.32935 0.41267 0.14962
v 1.30051 0.42080 0.14816
v 1.32420 0.41267 0.22289
v 1.29547 0.42089 0.22020
v 1.31650 0.41267 0.28676
v 1.28804 0.42107 0.28235
v 1.30632 0.41267 0.33814
v 1.27854 0.42141 0.33093
v 1.29370 0.41267 0.37452
v 1.26813 0.42200 0.36192
v 1.27873 0.41267 0.39414
v 1.26293 0.42212 0.37045
v 1.26149 0.41267 0.39602
v 1.25833 0.42024 0.36717
v 1.06100 0.67400 0.15000
v 1.06100 0.67400 0.15000
v 1.06100 0.67400 0.15000
v 1.06100 0.67400 0.15000
v 1.06100 0.67400 0.15000
v 1.06100 0.67400 0.15000
v 1.06100 0.67400 0.15000
v 1.06100 0.67400 0.15000
v 1.06100 0.66375 0.17475
v 1.08035 0.66375 0.16543
v 1.08513 0.66375 0.14449
v 1.07174 0.66375 0.12770
v 1.05026 0.66375 0.12770
v 1.03687 0.66375 0.14449
v 1.04165 0.66375 0.16543
v 1.06100 0.66375 0.17475
v 1.06100 0.63900 0.18500
v 1.08836 0.63900 0.17182
v 1.09512 0.63900 0.14221
v 1.07619 0.63900 0.11847
v 1.04581 0.63900 0.11847
v 1.02688 0.63900 0.14221
v 1.03364 0.63900 0.17182
v 1.06100 0.63900 0.18500
v 1.06100 0.61425 0.17475
v 1.08035 0.61425 0.16543
v 1.08513 0.61425 0.14449
v 1.07174 0.61425 0.12770
v 1.05026 0.61425 0.12770
v 1.03687 0.61425 0.14449
v 1.04165 0.61425 0.16543
v 1.06100 0.61425 0.17475
v 1.06100 0.60400 0.15000
v 1.06100 0.60400 0.15000
v 1.06100 0.60400 0.15000
v 1.06100 0.60400 0.15000
v 1.06100 0.60400 0.15000
v 1.06100 0.60400 0.15000
v 1.06100 0.60400 0.15000
v 1.06100 0.60400 0.15000
v 1.23596 0.78928 -0.26466
v 1.23332 0.77156 -0.24060
v 1.25007 0.78928 -0.26312
v 1.23788 0.76883 -0.24486
v 1.26233 0.78928 -0.24706
v 1.24250 0.76900 -0.23730
v 1.27266 0.78928 -0.21728
v 1.25058 0.76979 -0.21155
v 1.28099 0.78928 -0.17521
v 1.25806 0.77028 -0.17166
v 1.28729 0.78928 -0.12292
v 1.26396 0.77055 -0.12073
v 1.29151 0.78928 -0.06293
v 1.26800 0.77069 -0.06174
v 1.29363 0.78928 0.00182
v 1.27004 0.77075 0.00220
v 1.29363 0.78928 0.06818
v 1.27004 0.77075 0.06780
v 1.29151 0.78928 0.13293
v 1.26800 0.77069 0.13174
v 1.28729 0.78928 0.19292
v 1.26396 0.77055 0.19073
v 1.28099 0.78928 0.24521
v 1.25806 0.77028 0.24166
v 1.27266 0.78928 0.28728
v 1.25058 0.76979 0.28155
v 1.26233 0.78928 0.31706
v 1.24250 0.76900 0.30730
v 1.25007 0.78928 0.33312
v 1.23788 0.76883 0.31486
v 1.23596 0.78928 0.33466
v 1.23332 0.77156 0.31060
v 1.27377 0.73167 -0.30295
v 1.27100 0.71581 -0.27764
v 1.28968 0.73167 -0.30121
v 1.27664 0.71303 -0.28166
v 1.30351 0.73167 -0.28310
v 1.28230 0.71320 -0.27265
v 1.31516 0.73167 -0.24951
v 1.29168 0.71402 -0.24341
v 1.32456 0.73167 -0.20207
v 1.30024 0.71452 -0.19830
v 1.33166 0.73167 -0.14309
v 1.30697 0.71479 -0.14078
v 1.33642 0.73167 -0.07545
v 1.31155 0.71494 -0.07418
v 1.33881 0.73167 -0.00242
v 1.31387 0.71500 -0.00202
v 1.33881 0.73167 0.07242
v 1.31387 0.71500 0.07202
v 1.33642 0.73167 0.14545
v 1.31155 0.71494 0.14418
v 1.33166 0.73167 0.21309
v 1.30697 0.71479 0.21078
v 1.32456 0.73167 0.27207
v 1.30024 0.71452 0.26830
v 1.31516 0.73167 0.31951
v 1.29168 0.71402 0.31341
v 1.30351 0.73167 0.35310
v 1.28230 0.71320 0.34265
v 1.28968 0.73167 0.37121
v 1.27664 0.71303 0.35166
v 1.27377 0.73167 0.37295
v 1.27100 0.71581 0.34764
v 1.30381 0.66786 -0.33337
v 1.30082 0.65589 -0.30602
v 1.32116 0.66786 -0.33147
v 1.30659 0.65333 -0.30964
v 1.33622 0.66786 -0.31173
v 1.31260 0.65350 -0.30009
v 1.34892 0.66786 -0.27512
v 1.32303 0.65427 -0.26839
v 1.35917 0.66786 -0.22341
v 1.33251 0.65473 -0.21927
v 1.36691 0.66786 -0.15912
v 1.33993 0.65498 -0.15660
v 1.37210 0.66786 -0.08539
v 1.34498 0.65512 -0.08401
v 1.37470 0.66786 -0.00579
v 1.34752 0.65517 -0.00535
v 1.37470 0.66786 0.07579
v 1.34752 0.65517 0.07535
v 1.37210 0.66786 0.15539
v 1.34498 0.65512 0.15401
v 1.36691 0.66786 0.22912
v 1.33993 0.65498 0.22660
v 1.35917 0.66786 0.29341
v 1.33251 0.65473 0.28927
v 1.34892 0.66786 0.34512
v 1.32303 0.65427 0.33839
v 1.33622 0.66786 0.38173
v 1.31260 0.65350 0.37009
v 1.32116 0.66786 0.40147
v 1.30659 0.65333 0.37964
v 1.30381 0.66786 0.40337
v 1.30082 0.65589 0.37602
v 1.32538 0.59932 -0.35521
v 1.32223 0.59145 -0.32643
v 1.34376 0.59932 -0.35320
v 1.32802 0.58951 -0.32962
v 1.35972 0.59932 -0.33229
v 1.33425 0.58964 -0.31974
v 1.37317 0.59932 -0.29351
v 1.34550 0.59024 -0.28632
v 1.38403 0.59932 -0.23873
v 1.35566 0.59059 -0.23433
v 1.39223 0.59932 -0.17063
v 1.36360 0.59078 -0.16795
v 1.39772 0.59932 -0.09253
v 1.36897 0.59088 -0.09106
v 1.40048 0.59932 -0.00821
v 1.37168 0.59092 -0.00774
v 1.40048 0.59932 0.07821
v 1.37168 0.59092 0.07774
v 1.39772 0.59932 0.16253
v 1.36897 0.59088 0.16106
v 1.39223 0.59932 0.24063
v 1.36360 0.59078 0.23795
v 1.38403 0.59932 0.30873
v 1.35566 0.59059 0.30433
v 1.37317 0.59932 0.36351
v 1.34550 0.59024 0.35632
v 1.35972 0.59932 0.40229
v 1.33425 0.58964 0.38974
v 1.34376 0.59932 0.42320
v 1.32802 0.58951 0.39962
v 1.32538 0.59932 0.42521
v 1.32223 0.59145 0.39643
v 1.33798 0.52765 -0.36797
v 1.33474 0.52400 -0.33837
v 1.35696 0.52765 -0.36589
v 1.34051 0.52302 -0.34124
v 1.37345 0.52765 -0.34430
v 1.34685 0.52309 -0.33120
v 1.38734 0.52765 -0.30425
v 1.35859 0.52339 -0.29678
v 1.39855 0.52765 -0.24768
v 1.36918 0.52357 -0.24313
v 1.40702 0.52765 -0.17736
v 1.37741 0.52366 -0.17458
v 1.41269 0.52765 -0.09670
v 1.38299 0.52371 -0.09519
v 1.41554 0.52765 -0.00962
v 1.38580 0.52373 -0.00914
v 1.41554 0.52765 0.07962
v 1.38580 0.52373 0.07914
v 1.41269 0.52765 0.16670
v 1.38299 0.52371 0.16519
v 1.40702 0.52765 0.24736
v 1.37741 0.52366 0.24458
v 1.39855 0.52765 0.31768
v 1.36918 0.52357 0.31313
v 1.38734 0.52765 0.37425
v 1.35859 0.52339 0.36678
v 1.37345 0.52765 0.41430
v 1.34685 0.52309 0.40120
v 1.35696 0.52765 0.43589
v 1.34051 0.52302 0.41124
v 1.33798 0.52765 0.43797
v 1.33474 0.52400 0.40837
v 1.34132 0.45453 -0.37135
v 1.33806 0.45514 -0.34153
v 1.36046 0.45453 -0.36926
v 1.34381 0.45531 -0.34431
v 1.37708 0.45453 -0.34749
v 1.35018 0.45529 -0.33423
v 1.39109 0.45453 -0.30710
v 1.36206 0.45524 -0.29955
v 1.40240 0.45453 -0.25006
v 1.37276 0.45521 -0.24546
v 1.41094 0.45453 -0.17914
v 1.38107 0.45520 -0.17634
v 1.41666 0.45453 -0.09780
v 1.38670 0.45519 -0.09628
v 1.41953 0.45453 -0.01000
v 1.38954 0.45518 -0.00951
v 1.41953 0.45453 0.08000
v 1.38954 0.45518 0.07951
v 1.41666 0.45453 0.16780
v 1.38670 0.45519 0.16628
v 1.41094 0.45453 0.24914
v 1.38107 0.45520 0.24634
v 1.40240 0.45453 0.32006
v 1.37276 0.45521 0.31546
v 1.39109 0.45453 0.37710
v 1.36206 0.45524 0.36955
v 1.37708 0.45453 0.41749
v 1.35018 0.45529 0.40423
v 1.36046 0.45453 0.43926
v 1.34381 0.45531 0.41431
v 1.34132 0.45453 0.44135
v 1.33806 0.45514 0.41153
v 1.33532 0.38165 -0.36527
v 1.33210 0.38652 -0.33585
v 1.35417 0.38165 -0.36321
v 1.33787 0.38780 -0.33879
v 1.37054 0.38165 -0.34176
v 1.34419 0.38771 -0.32878
v 1.38434 0.38165 -0.30198
v 1.35583 0.38731 -0.29457
v 1.39548 0.38165 -0.24579
v 1.36632 0.38708 -0.24127
v 1.40389 0.38165 -0.17594
v 1.37449 0.38695 -0.17318
v 1.40953 0.38165 -0.09581
v 1.38003 0.38689 -0.09432
v 1.41235 0.38165 -0.00932
v 1.38281 0.38686 -0.00885
v 1.41235 0.38165 0.07932
v 1.38281 0.38686 0.07885
v 1.40953 0.38165 0.16581
v 1.38003 0.38689 0.16432
v 1.40389 0.38165 0.24594
v 1.37449 0.38695 0.24318
v 1.39548 0.38165 0.31579
v 1.36632 0.38708 0.31127
v 1.38434 0.38165 0.37198
v 1.35583 0.38731 0.36457
v 1.37054 0.38165 0.41176
v 1.34419 0.38771 0.39878
v 1.35417 0.38165 0.43321
v 1.33787 0.38780 0.40879
v 1.33532 0.38165 0.43527
v 1.33210 0.38652 0.40585
v 1.32011 0.31071 -0.34988
v 1.31700 0.31976 -0.32145
v 1.33824 0.31071 -0.34789
v 1.32279 0.32192 -0.32475
v 1.35398 0.31071 -0.32727
v 1.32897 0.32178 -0.31495
v 1.36725 0.31071 -0.28902
v 1.34002 0.32111 -0.28194
v 1.37796 0.31071 -0.23499
v 1.35002 0.32072 -0.23066
v 1.38605 0.31071 -0.16782
v 1.35782 0.32051 -0.16518
v 1.39147 0.31071 -0.09078
v 1.36311 0.32040 -0.08934
v 1.39419 0.31071 -0.00762
v 1.36578 0.32036 -0.00716
v 1.39419 0.31071 0.07762
v 1.36578 0.32036 0.07716
v 1.39147 0.31071 0.16078
v 1.36311 0.32040 0.15934
v 1.38605 0.31071 0.23782
v 1.35782 0.32051 0.23518
v 1.37796 0.31071 0.30499
v 1.35002 0.32072 0.30066
v 1.36725 0.31071 0.35902
v 1.34002 0.32111 0.35194
v 1.35398 0.31071 0.39727
v 1.32897 0.32178 0.38495
v 1.33824 0.31071 0.41789
v 1.32279 0.32192 0.39475
v 1.32011 0.31071 0.41988
v 1.31700 0.31976 0.39145
v 1.29606 0.24336 -0.32552
v 1.29303 0.25446 -0.29782
v 1.31304 0.24336 -0.32367
v 1.29819 0.25693 -0.30141
v 1.32779 0.24336 -0.30435
v 1.30371 0.25676 -0.29249
v 1.34022 0.24336 -0.26852
v 1.31389 0.25601 -0.26167
v 1.35025 0.24336 -0.21791
v 1.32317 0.25557 -0.21371
v 1.35782 0.24336 -0.15499
v 1.33043 0.25533 -0.15242
v 1.36290 0.24336 -0.08282
v 1.33537 0.25520 -0.08142
v 1.36545 0.24336 -0.00492
v 1.33786 0.25515 -0.00448
v 1.36545 0.24336 0.07492
v 1.33786 0.25515 0.07448
v 1.36290 0.24336 0.15282
v 1.33537 0.25520 0.15142
v 1.35782 0.24336 0.22499
v 1.33043 0.25533 0.22242
v 1.35025 0.24336 0.28791
v 1.32317 0.25557 0.28371
v 1.34022 0.24336 0.33852
v 1.31389 0.25601 0.33167
v 1.32779 0.24336 0.37435
v 1.30371 0.25676 0.36249
v 1.31304 0.24336 0.39367
v 1.29819 0.25693 0.37141
v 1.29606 0.24336 0.39552
v 1.29303 0.25446 0.36782
v 1.10800 0.57200 0.15500
v 1.10800 0.57200 0.15500
v 1.10800 0.57200 0.15500
v 1.10800 0.57200 0.15500
v 1.10800 0.57200 0.15500
v 1.10800 0.57200 0.15500
v 1.10800 0.57200 0.15500
v 1.10800 0.57200 0.15500
v 1.10800 0.56175 0.17975
v 1.12735 0.56175 0.17043
v 1.13213 0.56175 0.14949
v 1.11874 0.56175 0.13270
v 1.09726 0.56175 0.13270
v 1.08387 0.56175 0.14949
v 1.08865 0.56175 0.17043
v 1.10800 0.56175 0.17975
v 1.10800 0.53700 0.19000
v 1.13536 0.53700 0.17682
v 1.14212 0.53700 0.14721
v 1.12319 0.53700 0.12347
v 1.09281 0.53700 0.12347
v 1.07388 0.53700 0.14721
v 1.08064 0.53700 0.17682
v 1.10800 0.53700 0.19000
v 1.10800 0.51225 0.17975
v 1.12735 0.51225 0.17043
v 1.13213 0.51225 0.14949
v 1.11874 0.51225 0.13270
v 1.09726 0.51225 0.13270
v 1.08387 0.51225 0.14949
v 1.08865 0.51225 0.17043
v 1.10800 0.51225 0.17975
v 1.10800 0.50200 0.15500
v 1.10800 0.50200 0.15500
v 1.10800 0.50200 0.15500
v 1.10800 0.50200 0.15500
v 1.10800 0.50200 0.15500
v 1.10800 0.50200 0.15500
v 1.10800 0.50200 0.15500
v 1.10800 0.50200 0.15500
v 1.32252 0.64679 -0.30681
v 1.31967 0.63229 -0.28071
v 1.33886 0.64679 -0.30503
v 1.32523 0.62954 -0.28461
v 1.35304 0.64679 -0.28645
v 1.33092 0.62971 -0.27554
v 1.36500 0.64679 -0.25197
v 1.34059 0.63053 -0.24563
v 1.37465 0.64679 -0.20329
v 1.34942 0.63102 -0.19938
v 1.38194 0.64679 -0.14277
v 1.35636 0.63130 -0.14037
v 1.38682 0.64679 -0.07334
v 1.36108 0.63144 -0.07204
v 1.38927 0.64679 0.00160
v 1.36346 0.63150 0.00201
v 1.38927 0.64679 0.07840
v 1.36346 0.63150 0.07799
v 1.38682 0.64679 0.15334
v 1.36108 0.63144 0.15204
v 1.38194 0.64679 0.22277
v 1.35636 0.63130 0.22037
v 1.37465 0.64679 0.28329
v 1.34942 0.63102 0.27938
v 1.36500 0.64679 0.33197
v 1.34059 0.63053 0.32563
v 1.35304 0.64679 0.36645
v 1.33092 0.62971 0.35554
v 1.33886 0.64679 0.38503
v 1.32523 0.62954 0.36461
v 1.32252 0.64679 0.38681
v 1.31967 0.63229 0.36071
v 1.35502 0.58114 -0.33972
v 1.35206 0.56861 -0.31263
v 1.37290 0.58114 -0.33776
v 1.35853 0.56599 -0.31623
v 1.38844 0.58114 -0.31742
v 1.36513 0.56616 -0.30593
v 1.40153 0.58114 -0.27968
v 1.37595 0.56695 -0.27303
v 1.41209 0.58114 -0.22637
v 1.38573 0.56742 -0.22229
v 1.42007 0.58114 -0.16011
v 1.39338 0.56768 -0.15761
v 1.42542 0.58114 -0.08410
v 1.39858 0.56781 -0.08273
v 1.42810 0.58114 -0.00205
v 1.40120 0.56787 -0.00161
v 1.42810 0.58114 0.08205
v 1.40120 0.56787 0.08161
v 1.42542 0.58114 0.16410
v 1.39858 0.56781 0.16273
v 1.42007 0.58114 0.24011
v 1.39338 0.56768 0.23761
v 1.41209 0.58114 0.30637
v 1.38573 0.56742 0.30229
v 1.40153 0.58114 0.35968
v 1.37595 0.56695 0.35303
v 1.38844 0.58114 0.39742
v 1.36513 0.56616 0.38593
v 1.37290 0.58114 0.41776
v 1.35853 0.56599 0.39623
v 1.35502 0.58114 0.41972
v 1.35206 0.56861 0.39263
v 1.37879 0.51035 -0.36379
v 1.37566 0.50189 -0.33518
v 1.39781 0.51035 -0.36171
v 1.38221 0.49984 -0.33834
v 1.41432 0.51035 -0.34007
v 1.38908 0.49998 -0.32763
v 1.42824 0.51035 -0.29994
v 1.40078 0.50061 -0.29280
v 1.43948 0.51035 -0.24326
v 1.41132 0.50098 -0.23889
v 1.44796 0.51035 -0.17279
v 1.41953 0.50118 -0.17012
v 1.45365 0.51035 -0.09196
v 1.42509 0.50128 -0.09051
v 1.45650 0.51035 -0.00471
v 1.42790 0.50133 -0.00425
v 1.45650 0.51035 0.08471
v 1.42790 0.50133 0.08425
v 1.45365 0.51035 0.17196
v 1.42509 0.50128 0.17051
v 1.44796 0.51035 0.25279
v 1.41953 0.50118 0.25012
v 1.43948 0.51035 0.32326
v 1.41132 0.50098 0.31889
v 1.42824 0.51035 0.37994
v 1.40078 0.50061 0.37280
v 1.41432 0.51035 0.42007
v 1.38908 0.49998 0.40763
v 1.39781 0.51035 0.44171
v 1.38221 0.49984 0.41834
v 1.37879 0.51035 0.44379
v 1.37566 0.50189 0.41518
v 1.39328 0.43606 -0.37846
v 1.39005 0.43180 -0.34894
v 1.41298 0.43606 -0.37630
v 1.39660 0.43067 -0.35175
v 1.43010 0.43606 -0.35388
v 1.40362 0.43075 -0.34083
v 1.44453 0.43606 -0.31229
v 1.41589 0.43110 -0.30485
v 1.45617 0.43606 -0.25355
v 1.42690 0.43131 -0.24901
v 1.46496 0.43606 -0.18052
v 1.43545 0.43141 -0.17775
v 1.47086 0.43606 -0.09676
v 1.44125 0.43147 -0.09525
v 1.47381 0.43606 -0.00634
v 1.44416 0.43150 -0.00586
v 1.47381 0.43606 0.08634
v 1.44416 0.43150 0.08586
v 1.47086 0.43606 0.17676
v 1.44125 0.43147 0.17525
v 1.46496 0.43606 0.26052
v 1.43545 0.43141 0.25775
v 1.45617 0.43606 0.33355
v 1.42690 0.43131 0.32901
v 1.44453 0.43606 0.39229
v 1.41589 0.43110 0.38485
v 1.43010 0.43606 0.43388
v 1.40362 0.43075 0.42083
v 1.41298 0.43606 0.45630
v 1.39660 0.43067 0.43175
v 1.39328 0.43606 0.45846
v 1.39005 0.43180 0.42894
v 1.39814 0.36000 -0.38338
v 1.39488 0.36000 -0.35356
v 1.41808 0.36000 -0.38120
v 1.40143 0.36000 -0.35625
v 1.43540 0.36000 -0.35852
v 1.40849 0.36000 -0.34526
v 1.45000 0.36000 -0.31643
v 1.42096 0.36000 -0.30889
v 1.46178 0.36000 -0.25700
v 1.43213 0.36000 -0.25241
v 1.47067 0.36000 -0.18312
v 1.44081 0.36000 -0.18032
v 1.47664 0.36000 -0.09837
v 1.44667 0.36000 -0.09684
v 1.47963 0.36000 -0.00688
v 1.44963 0.36000 -0.00640
v 1.47963 0.36000 0.08688
v 1.44963 0.36000 0.08640
v 1.47664 0.36000 0.17837
v 1.44667 0.36000 0.17684
v 1.47067 0.36000 0.26312
v 1.44081 0.36000 0.26032
v 1.46178 0.36000 0.33700
v 1.43213 0.36000 0.33241
v 1.45000 0.36000 0.39643
v 1.42096 0.36000 0.38889
v 1.43540 0.36000 0.43852
v 1.40849 0.36000 0.42526
v 1.41808 0.36000 0.46120
v 1.40143 0.36000 0.43625
v 1.39814 0.36000 0.46338
v 1.39488 0.36000 0.43356
v 1.39328 0.28394 -0.37846
v 1.39005 0.28820 -0.34894
v 1.41298 0.28394 -0.37630
v 1.39660 0.28933 -0.35175
v 1.43010 0.28394 -0.35388
v 1.40362 0.28925 -0.34083
v 1.44453 0.28394 -0.31229
v 1.41589 0.28890 -0.30485
v 1.45617 0.28394 -0.25355
v 1.42690 0.28869 -0.24901
v 1.46496 0.28394 -0.18052
v 1.43545 0.28859 -0.17775
v 1.47086 0.28394 -0.09676
v 1.44125 0.28853 -0.09525
v 1.47381 0.28394 -0.00634
v 1.44416 0.28850 -0.00586
v 1.47381 0.28394 0.08634
v 1.44416 0.28850 0.08586
v 1.47086 0.28394 0.17676
v 1.44125 0.28853 0.17525
v 1.46496 0.28394 0.26052
v 1.43545 0.28859 0.25775
v 1.45617 0.28394 0.33355
v 1.42690 0.28869 0.32901
v 1.44453 0.28394 0.39229
v 1.41589 0.28890 0.38485
v 1.43010 0.28394 0.43388
v 1.40362 0.28925 0.42083
v 1.41298 0.28394 0.45630
v 1.39660 0.28933 0.43175
v 1.39328 0.28394 0.45846
v 1.39005 0.28820 0.42894
v 1.37879 0.20965 -0.36379
v 1.37566 0.21811 -0.33518
v 1.39781 0.20965 -0.36171
v 1.38221 0.22016 -0.33834
v 1.41432 0.20965 -0.34007
v 1.38908 0.22002 -0.32763
v 1.42824 0.20965 -0.29994
v 1.40078 0.21939 -0.29280
v 1.43948 0.20965 -0.24326
v 1.41132 0.21902 -0.23889
v 1.44796 0.20965 -0.17279
v 1.41953 0.21882 -0.17012
v 1.45365 0.20965 -0.09196
v 1.42509 0.21872 -0.09051
v 1.45650 0.20965 -0.00471
v 1.42790 0.21867 -0.00425
v 1.45650 0.20965 0.08471
v 1.42790 0.21867 0.08425
v 1.45365 0.20965 0.17196
v 1.42509 0.21872 0.17051
v 1.44796 0.20965 0.25279
v 1.41953 0.21882 0.25012
v 1.43948 0.20965 0.32326
v 1.41132 0.21902 0.31889
v 1.42824 0.20965 0.37994
v 1.40078 0.21939 0.37280
v 1.41432 0.20965 0.42007
v 1.38908 0.22002 0.40763
v 1.39781 0.20965 0.44171
v 1.38221 0.22016 0.41834
v 1.37879 0.20965 0.44379
v 1.37566 0.21811 0.41518
v 1.35502 0.13886 -0.33972
v 1.35206 0.15139 -0.31263
v 1.37290 0.13886 -0.33776
v 1.35853 0.15401 -0.31623
v 1.38844 0.13886 -0.31742
v 1.36513 0.15384 -0.30593
v 1.40153 0.13886 -0.27968
v 1.37595 0.15305 -0.27303
v 1.41209 0.13886 -0.22637
v 1.38573 0.15258 -0.22229
v 1.42007 0.13886 -0.16011
v 1.39338 0.15232 -0.15761
v 1.42542 0.13886 -0.08410
v 1.39858 0.15219 -0.08273
v 1.42810 0.13886 -0.00205
v 1.40120 0.15213 -0.00161
v 1.42810 0.13886 0.08205
v 1.40120 0.15213 0.08161
v 1.42542 0.13886 0.16410
v 1.39858 0.15219 0.16273
v 1.42007 0.13886 0.24011
v 1.39338 0.15232 0.23761
v 1.41209 0.13886 0.30637
v 1.38573 0.15258 0.30229
v 1.40153 0.13886 0.35968
v 1.37595 0.15305 0.35303
v 1.38844 0.13886 0.39742
v 1.36513 0.15384 0.38593
v 1.37290 0.13886 0.41776
v 1.35853 0.15401 0.39623
v 1.35502 0.13886 0.41972
v 1.35206 0.15139 0.39263
v 1.32252 0.07321 -0.30681
v 1.31967 0.08771 -0.28071
v 1.33886 0.07321 -0.30503
v 1.32523 0.09046 -0.28461
v 1.35304 0.07321 -0.28645
v 1.33092 0.09029 -0.27554
v 1.36500 0.07321 -0.25197
v 1.34059 0.08947 -0.24563
v 1.37465 0.07321 -0.20329
v 1.34942 0.08898 -0.19938
v 1.38194 0.07321 -0.14277
v 1.35636 0.08870 -0.14037
v 1.38682 0.07321 -0.07334
v 1.36108 0.08856 -0.07204
v 1.38927 0.07321 0.00160
v 1.36346 0.08850 0.00201
v 1.38927 0.07321 0.07840
v 1.36346 0.08850 0.07799
v 1.38682 0.07321 0.15334
v 1.36108 0.08856 0.15204
v 1.38194 0.07321 0.22277
v 1.35636 0.08870 0.22037
v 1.37465 0.07321 0.28329
v 1.34942 0.08898 0.27938
v 1.36500 0.07321 0.33197
v 1.34059 0.08947 0.32563
v 1.35304 0.07321 0.36645
v 1.33092 0.09029 0.35554
v 1.33886 0.07321 0.38503
v 1.32523 0.09046 0.36461
v 1.32252 0.07321 0.38681
v 1.31967 0.08771 0.36071
v 1.15500 0.47000 0.16000
v 1.15500 0.47000 0.16000
v 1.15500 0.47000 0.16000
v 1.15500 0.47000 0.16000
v 1.15500 0.47000 0.16000
v 1.15500 0.47000 0.16000
v 1.15500 0.47000 0.16000
v 1.15500 0.47000 0.16000
v 1.15500 0.45975 0.18475
v 1.17435 0.45975 0.17543
v 1.17913 0.45975 0.15449
v 1.16574 0.45975 0.13770
v 1.14426 0.45975 0.13770
v 1.13087 0.45975 0.15449
v 1.13565 0.45975 0.17543
v 1.15500 0.45975 0.18475
v 1.15500 0.43500 0.19500
v 1.18236 0.43500 0.18182
v 1.18912 0.43500 0.15221
v 1.17019 0.43500 0.12847
v 1.13981 0.43500 0.12847
v 1.12088 0.43500 0.15221
v 1.12764 0.43500 0.18182
v 1.15500 0.43500 0.19500
v 1.15500 0.41025 0.18475
v 1.17435 0.41025 0.17543
v 1.17913 0.41025 0.15449
v 1.16574 0.41025 0.13770
v 1.14426 0.41025 0.13770
v 1.13087 0.41025 0.15449
v 1.13565 0.41025 0.17543
v 1.15500 0.41025 0.18475
v 1.15500 0.40000 0.16000
v 1.15500 0.40000 0.16000
v 1.15500 0.40000 0.16000
v 1.15500 0.40000 0.16000
v 1.15500 0.40000 0.16000
v 1.15500 0.40000 0.16000
v 1.15500 0.40000 0.16000
v 1.15500 0.40000 0.16000
v -0.16000 0.58500 -0.73405
v -0.16000 0.58500 -0.73405
v -0.16000 0.58500 -0.73405
v -0.16000 0.58500 -0.73405
v -0.16000 0.58500 -0.73405
v -0.16000 0.58500 -0.73405
v -0.16000 0.58500 -0.73405
v -0.16000 0.58500 -0.73405
v -0.16000 0.57475 -0.70930
v -0.14065 0.57475 -0.71862
v -0.13587 0.57475 -0.73955
v -0.14926 0.57475 -0.75634
v -0.17074 0.57475 -0.75634
v -0.18413 0.57475 -0.73955
v -0.17935 0.57475 -0.71862
v -0.16000 0.57475 -0.70930
v -0.16000 0.55000 -0.69905
v -0.13264 0.55000 -0.71222
v -0.12588 0.55000 -0.74183
v -0.14481 0.55000 -0.76558
v -0.17519 0.55000 -0.76558
v -0.19412 0.55000 -0.74183
v -0.18736 0.55000 -0.71222
v -0.16000 0.55000 -0.69905
v -0.16000 0.52525 -0.70930
v -0.14065 0.52525 -0.71862
v -0.13587 0.52525 -0.73955
v -0.14926 0.52525 -0.75634
v -0.17074 0.52525 -0.75634
v -0.18413 0.52525 -0.73955
v -0.17935 0.52525 -0.71862
v -0.16000 0.52525 -0.70930
v -0.16000 0.51500 -0.73405
v -0.16000 0.51500 -0.73405
v -0.16000 0.51500 -0.73405
v -0.16000 0.51500 -0.73405
v -0.16000 0.51500 -0.73405
v -0.16000 0.51500 -0.73405
v -0.16000 0.51500 -0.73405
v -0.16000 0.51500 -0.73405
v 0.16000 0.58500 -0.73405
v 0.16000 0.58500 -0.73405
v 0.16000 0.58500 -0.73405
v 0.16000 0.58500 -0.73405
v 0.16000 0.58500 -0.73405
v 0.16000 0.58500 -0.73405
v 0.16000 0.58500 -0.73405
v 0.16000 0.58500 -0.73405
v 0.16000 0.57475 -0.70930
v 0.17935 0.57475 -0.71862
v 0.18413 0.57475 -0.73955
v 0.17074 0.57475 -0.75634
v 0.14926 0.57475 -0.75634
v 0.13587 0.57475 -0.73955
v 0.14065 0.57475 -0.71862
v 0.16000 0.57475 -0.70930
v 0.16000 0.55000 -0.69905
v 0.18736 0.55000 -0.71222
v 0.19412 0.55000 -0.74183
v 0.17519 0.55000 -0.76558
v 0.14481 0.55000 -0.76558
v 0.12588 0.55000 -0.74183
v 0.13264 0.55000 -0.71222
v 0.16000 0.55000 -0.69905
v 0.16000 0.52525 -0.70930
v 0.17935 0.52525 -0.71862
v 0.18413 0.52525 -0.73955
v 0.17074 0.52525 -0.75634
v 0.14926 0.52525 -0.75634
v 0.13587 0.52525 -0.73955
v 0.14065 0.52525 -0.71862
v 0.16000 0.52525 -0.70930
v 0.16000 0.51500 -0.73405
v 0.16000 0.51500 -0.73405
v 0.16000 0.51500 -0.73405
v 0.16000 0.51500 -0.73405
v 0.16000 0.51500 -0.73405
v 0.16000 0.51500 -0.73405
v 0.16000 0.51500 -0.73405
v 0.16000 0.51500 -0.73405
v -0.16000 0.37667 -0.77066
v -0.16000 0.37667 -0.77066
v -0.16000 0.37667 -0.77066
v -0.16000 0.37667 -0.77066
v -0.16000 0.37667 -0.77066
v -0.16000 0.37667 -0.77066
v -0.16000 0.37667 -0.77066
v -0.16000 0.37667 -0.77066
v -0.16000 0.36642 -0.74591
v -0.14065 0.36642 -0.75523
v -0.13587 0.36642 -0.77617
v -0.14926 0.36642 -0.79296
v -0.17074 0.36642 -0.79296
v -0.18413 0.36642 -0.77617
v -0.17935 0.36642 -0.75523
v -0.16000 0.36642 -0.74591
v -0.16000 0.34167 -0.73566
v -0.13264 0.34167 -0.74884
v -0.12588 0.34167 -0.77845
v -0.14481 0.34167 -0.80220
v -0.17519 0.34167 -0.80220
v -0.19412 0.34167 -0.77845
v -0.18736 0.34167 -0.74884
v -0.16000 0.34167 -0.73566
v -0.16000 0.31692 -0.74591
v -0.14065 0.31692 -0.75523
v -0.13587 0.31692 -0.77617
v -0.14926 0.31692 -0.79296
v -0.17074 0.31692 -0.79296
v -0.18413 0.31692 -0.77617
v -0.17935 0.31692 -0.75523
v -0.16000 0.31692 -0.74591
v -0.16000 0.30667 -0.77066
v -0.16000 0.30667 -0.77066
v -0.16000 0.30667 -0.77066
v -0.16000 0.30667 -0.77066
v -0.16000 0.30667 -0.77066
v -0.16000 0.30667 -0.77066
v -0.16000 0.30667 -0.77066
v -0.16000 0.30667 -0.77066
v 0.16000 0.37667 -0.77066
v 0.16000 0.37667 -0.77066
v 0.16000 0.37667 -0.77066
v 0.16000 0.37667 -0.77066
v 0.16000 0.37667 -0.77066
v 0.16000 0.37667 -0.77066
v 0.16000 0.37667 -0.77066
v 0.16000 0.37667 -0.77066
v 0.16000 0.36642 -0.74591
v 0.17935 0.36642 -0.75523
v 0.18413 0.36642 -0.77617
v 0.17074 0.36642 -0.79296
v 0.14926 0.36642 -0.79296
v 0.13587 0.36642 -0.77617
v 0.14065 0.36642 -0.75523
v 0.16000 0.36642 -0.74591
v 0.16000 0.34167 -0.73566
v 0.18736 0.34167 -0.74884
v 0.19412 0.34167 -0.77845
v 0.17519 0.34167 -0.80220
v 0.14481 0.34167 -0.80220
v 0.12588 0.34167 -0.77845
v 0.13264 0.34167 -0.74884
v 0.16000 0.34167 -0.73566
v 0.16000 0.31692 -0.74591
v 0.17935 0.31692 -0.75523
v 0.18413 0.31692 -0.77617
v 0.17074 0.31692 -0.79296
v 0.14926 0.31692 -0.79296
v 0.13587 0.31692 -0.77617
v 0.14065 0.31692 -0.75523
v 0.16000 0.31692 -0.74591
v 0.16000 0.30667 -0.77066
v 0.16000 0.30667 -0.77066
v 0.16000 0.30667 -0.77066
v 0.16000 0.30667 -0.77066
v 0.16000 0.30667 -0.77066
v 0.16000 0.30667 -0.77066
v 0.16000 0.30667 -0.77066
v 0.16000 0.30667 -0.77066
v -0.16000 0.16833 -0.79341
v -0.16000 0.16833 -0.79341
v -0.16000 0.16833 -0.79341
v -0.16000 0.16833 -0.79341
v -0.16000 0.16833 -0.79341
v -0.16000 0.16833 -0.79341
v -0.16000 0.16833 -0.79341
v -0.16000 0.16833 -0.79341
v -0.16000 0.15808 -0.76866
v -0.14065 0.15808 -0.77798
v -0.13587 0.15808 -0.79892
v -0.14926 0.15808 -0.81571
v -0.17074 0.15808 -0.81571
v -0.18413 0.15808 -0.79892
v -0.17935 0.15808 -0.77798
v -0.16000 0.15808 -0.76866
v -0.16000 0.13333 -0.75841
v -0.13264 0.13333 -0.77159
v -0.12588 0.13333 -0.80120
v -0.14481 0.13333 -0.82495
v -0.17519 0.13333 -0.82495
v -0.19412 0.13333 -0.80120
v -0.18736 0.13333 -0.77159
v -0.16000 0.13333 -0.75841
v -0.16000 0.10858 -0.76866
v -0.14065 0.10858 -0.77798
v -0.13587 0.10858 -0.79892
v -0.14926 0.10858 -0.81571
v -0.17074 0.10858 -0.81571
v -0.18413 0.10858 -0.79892
v -0.17935 0.10858 -0.77798
v -0.16000 0.10858 -0.76866
v -0.16000 0.09833 -0.79341
v -0.16000 0.09833 -0.79341
v -0.16000 0.09833 -0.79341
v -0.16000 0.09833 -0.79341
v -0.16000 0.09833 -0.79341
v -0.16000 0.09833 -0.79341
v -0.16000 0.09833 -0.79341
v -0.16000 0.09833 -0.79341
v 0.16000 0.16833 -0.79341
v 0.16000 0.16833 -0.79341
v 0.16000 0.16833 -0.79341
v 0.16000 0.16833 -0.79341
v 0.16000 0.16833 -0.79341
v 0.16000 0.16833 -0.79341
v 0.16000 0.16833 -0.79341
v 0.16000 0.16833 -0.79341
v 0.16000 0.15808 -0.76866
v 0.17935 0.15808 -0.77798
v 0.18413 0.15808 -0.79892
v 0.17074 0.15808 -0.81571
v 0.14926 0.15808 -0.81571
v 0.13587 0.15808 -0.79892
v 0.14065 0.15808 -0.77798
v 0.16000 0.15808 -0.76866
v 0.16000 0.13333 -0.75841
v 0.18736 0.13333 -0.77159
v 0.19412 0.13333 -0.80120
v 0.17519 0.13333 -0.82495
v 0.14481 0.13333 -0.82495
v 0.12588 0.13333 -0.80120
v 0.13264 0.13333 -0.77159
v 0.16000 0.13333 -0.75841
v 0.16000 0.10858 -0.76866
v 0.17935 0.10858 -0.77798
v 0.18413 0.10858 -0.79892
v 0.17074 0.10858 -0.81571
v 0.14926 0.10858 -0.81571
v 0.13587 0.10858 -0.79892
v 0.14065 0.10858 -0.77798
v 0.16000 0.10858 -0.76866
v 0.16000 0.09833 -0.79341
v 0.16000 0.09833 -0.79341
v 0.16000 0.09833 -0.79341
v 0.16000 0.09833 -0.79341
v 0.16000 0.09833 -0.79341
v 0.16000 0.09833 -0.79341
v 0.16000 0.09833 -0.79341
v 0.16000 0.09833 -0.79341
v -0.16000 -0.04000 -0.79988
v -0.16000 -0.04000 -0.79988
v -0.16000 -0.04000 -0.79988
v -0.16000 -0.04000 -0.79988
v -0.16000 -0.04000 -0.79988
v -0.16000 -0.04000 -0.79988
v -0.16000 -0.04000 -0.79988
v -0.16000 -0.04000 -0.79988
v -0.16000 -0.05025 -0.77513
v -0.14065 -0.05025 -0.78445
v -0.13587 -0.05025 -0.80538
v -0.14926 -0.05025 -0.82217
v -0.17074 -0.05025 -0.82217
v -0.18413 -0.05025 -0.80538
v -0.17935 -0.05025 -0.78445
v -0.16000 -0.05025 -0.77513
v -0.16000 -0.07500 -0.76488
v -0.13264 -0.07500 -0.77805
v -0.12588 -0.07500 -0.80766
v -0.14481 -0.07500 -0.83141
v -0.17519 -0.07500 -0.83141
v -0.19412 -0.07500 -0.80766
v -0.18736 -0.07500 -0.77805
v -0.16000 -0.07500 -0.76488
v -0.16000 -0.09975 -0.77513
v -0.14065 -0.09975 -0.78445
v -0.13587 -0.09975 -0.80538
v -0.14926 -0.09975 -0.82217
v -0.17074 -0.09975 -0.82217
v -0.18413 -0.09975 -0.80538
v -0.17935 -0.09975 -0.78445
v -0.16000 -0.09975 -0.77513
v -0.16000 -0.11000 -0.79988
v -0.16000 -0.11000 -0.79988
v -0.16000 -0.11000 -0.79988
v -0.16000 -0.11000 -0.79988
v -0.16000 -0.11000 -0.79988
v -0.16000 -0.11000 -0.79988
v -0.16000 -0.11000 -0.79988
v -0.16000 -0.11000 -0.79988
v 0.16000 -0.04000 -0.79988
v 0.16000 -0.04000 -0.79988
v 0.16000 -0.04000 -0.79988
v 0.16000 -0.04000 -0.79988
v 0.16000 -0.04000 -0.79988
v 0.16000 -0.04000 -0.79988
v 0.16000 -0.04000 -0.79988
v 0.16000 -0.04000 -0.79988
v 0.16000 -0.05025 -0.77513
v 0.17935 -0.05025 -0.78445
v 0.18413 -0.05025 -0.80538
v 0.17074 -0.05025 -0.82217
v 0.14926 -0.05025 -0.82217
v 0.13587 -0.05025 -0.80538
v 0.14065 -0.05025 -0.78445
v 0.16000 -0.05025 -0.77513
v 0.16000 -0.07500 -0.76488
v 0.18736 -0.07500 -0.77805
v 0.19412 -0.07500 -0.80766
v 0.17519 -0.07500 -0.83141
v 0.14481 -0.07500 -0.83141
v 0.12588 -0.07500 -0.80766
v 0.13264 -0.07500 -0.77805
v 0.16000 -0.07500 -0.76488
v 0.16000 -0.09975 -0.77513
v 0.17935 -0.09975 -0.78445
v 0.18413 -0.09975 -0.80538
v 0.17074 -0.09975 -0.82217
v 0.14926 -0.09975 -0.82217
v 0.13587 -0.09975 -0.80538
v 0.14065 -0.09975 -0.78445
v 0.16000 -0.09975 -0.77513
v 0.16000 -0.11000 -0.79988
v 0.16000 -0.11000 -0.79988
v 0.16000 -0.11000 -0.79988
v 0.16000 -0.11000 -0.79988
v 0.16000 -0.11000 -0.79988
v 0.16000 -0.11000 -0.79988
v 0.16000 -0.11000 -0.79988
v 0.16000 -0.11000 -0.79988
v -0.16000 -0.24833 -0.78937
v -0.16000 -0.24833 -0.78937
v -0.16000 -0.24833 -0.78937
v -0.16000 -0.24833 -0.78937
v -0.16000 -0.24833 -0.78937
v -0.16000 -0.24833 -0.78937
v -0.16000 -0.24833 -0.78937
v -0.16000 -0.24833 -0.78937
v -0.16000 -0.25858 -0.76462
v -0.14065 -0.25858 -0.77394
v -0.13587 -0.25858 -0.79488
v -0.14926 -0.25858 -0.81167
v -0.17074 -0.25858 -0.81167
v -0.18413 -0.25858 -0.79488
v -0.17935 -0.25858 -0.77394
v -0.16000 -0.25858 -0.76462
v -0.16000 -0.28333 -0.75437
v -0.13264 -0.28333 -0.76755
v -0.12588 -0.28333 -0.79716
v -0.14481 -0.28333 -0.82091
v -0.17519 -0.28333 -0.82091
v -0.19412 -0.28333 -0.79716
v -0.18736 -0.28333 -0.76755
v -0.16000 -0.28333 -0.75437
v -0.16000 -0.30808 -0.76462
v -0.14065 -0.30808 -0.77394
v -0.13587 -0.30808 -0.79488
v -0.14926 -0.30808 -0.81167
v -0.17074 -0.30808 -0.81167
v -0.18413 -0.30808 -0.79488
v -0.17935 -0.30808 -0.77394
v -0.16000 -0.30808 -0.76462
v -0.16000 -0.31833 -0.78937
v -0.16000 -0.31833 -0.78937
v -0.16000 -0.31833 -0.78937
v -0.16000 -0.31833 -0.78937
v -0.16000 -0.31833 -0.78937
v -0.16000 -0.31833 -0.78937
v -0.16000 -0.31833 -0.78937
v -0.16000 -0.31833 -0.78937
v 0.16000 -0.24833 -0.78937
v 0.16000 -0.24833 -0.78937
v 0.16000 -0.24833 -0.78937
v 0.16000 -0.24833 -0.78937
v 0.16000 -0.24833 -0.78937
v 0.16000 -0.24833 -0.78937
v 0.16000 -0.24833 -0.78937
v 0.16000 -0.24833 -0.78937
v 0.16000 -0.25858 -0.76462
v 0.17935 -0.25858 -0.77394
v 0.18413 -0.25858 -0.79488
v 0.17074 -0.25858 -0.81167
v 0.14926 -0.25858 -0.81167
v 0.13587 -0.25858 -0.79488
v 0.14065 -0.25858 -0.77394
v 0.16000 -0.25858 -0.76462
v 0.16000 -0.28333 -0.75437
v 0.18736 -0.28333 -0.76755
v 0.19412 -0.28333 -0.79716
v 0.17519 -0.28333 -0.82091
v 0.14481 -0.28333 -0.82091
v 0.12588 -0.28333 -0.79716
v 0.13264 -0.28333 -0.76755
v 0.16000 -0.28333 -0.75437
v 0.16000 -0.30808 -0.76462
v 0.17935 -0.30808 -0.77394
v 0.18413 -0.30808 -0.79488
v 0.17074 -0.30808 -0.81167
v 0.14926 -0.30808 -0.81167
v 0.13587 -0.30808 -0.79488
v 0.14065 -0.30808 -0.77394
v 0.16000 -0.30808 -0.76462
v 0.16000 -0.31833 -0.78937
v 0.16000 -0.31833 -0.78937
v 0.16000 -0.31833 -0.78937
v 0.16000 -0.31833 -0.78937
v 0.16000 -0.31833 -0.78937
v 0.16000 -0.31833 -0.78937
v 0.16000 -0.31833 -0.78937
v 0.16000 -0.31833 -0.78937
v -0.16000 -0.45667 -0.76301
v -0.16000 -0.45667 -0.76301
v -0.16000 -0.45667 -0.76301
v -0.16000 -0.45667 -0.76301
v -0.16000 -0.45667 -0.76301
v -0.16000 -0.45667 -0.76301
v -0.16000 -0.45667 -0.76301
v -0.16000 -0.45667 -0.76301
v -0.16000 -0.46692 -0.73827
v -0.14065 -0.46692 -0.74758
v -0.13587 -0.46692 -0.76852
v -0.14926 -0.46692 -0.78531
v -0.17074 -0.46692 -0.78531
v -0.18413 -0.46692 -0.76852
v -0.17935 -0.46692 -0.74758
v -0.16000 -0.46692 -0.73827
v -0.16000 -0.49167 -0.72801
v -0.13264 -0.49167 -0.74119
v -0.12588 -0.49167 -0.77080
v -0.14481 -0.49167 -0.79455
v -0.17519 -0.49167 -0.79455
v -0.19412 -0.49167 -0.77080
v -0.18736 -0.49167 -0.74119
v -0.16000 -0.49167 -0.72801
v -0.16000 -0.51642 -0.73827
v -0.14065 -0.51642 -0.74758
v -0.13587 -0.51642 -0.76852
v -0.14926 -0.51642 -0.78531
v -0.17074 -0.51642 -0.78531
v -0.18413 -0.51642 -0.76852
v -0.17935 -0.51642 -0.74758
v -0.16000 -0.51642 -0.73827
v -0.16000 -0.52667 -0.76301
v -0.16000 -0.52667 -0.76301
v -0.16000 -0.52667 -0.76301
v -0.16000 -0.52667 -0.76301
v -0.16000 -0.52667 -0.76301
v -0.16000 -0.52667 -0.76301
v -0.16000 -0.52667 -0.76301
v -0.16000 -0.52667 -0.76301
v 0.16000 -0.45667 -0.76301
v 0.16000 -0.45667 -0.76301
v 0.16000 -0.45667 -0.76301
v 0.16000 -0.45667 -0.76301
v 0.16000 -0.45667 -0.76301
v 0.16000 -0.45667 -0.76301
v 0.16000 -0.45667 -0.76301
v 0.16000 -0.45667 -0.76301
v 0.16000 -0.46692 -0.73827
v 0.17935 -0.46692 -0.74758
v 0.18413 -0.46692 -0.76852
v 0.17074 -0.46692 -0.78531
v 0.14926 -0.46692 -0.78531
v 0.13587 -0.46692 -0.76852
v 0.14065 -0.46692 -0.74758
v 0.16000 -0.46692 -0.73827
v 0.16000 -0.49167 -0.72801
v 0.18736 -0.49167 -0.74119
v 0.19412 -0.49167 -0.77080
v 0.17519 -0.49167 -0.79455
v 0.14481 -0.49167 -0.79455
v 0.12588 -0.49167 -0.77080
v 0.13264 -0.49167 -0.74119
v 0.16000 -0.49167 -0.72801
v 0.16000 -0.51642 -0.73827
v 0.17935 -0.51642 -0.74758
v 0.18413 -0.51642 -0.76852
v 0.17074 -0.51642 -0.78531
v 0.14926 -0.51642 -0.78531
v 0.13587 -0.51642 -0.76852
v 0.14065 -0.51642 -0.74758
v 0.16000 -0.51642 -0.73827
v 0.16000 -0.52667 -0.76301
v 0.16000 -0.52667 -0.76301
v 0.16000 -0.52667 -0.76301
v 0.16000 -0.52667 -0.76301
v 0.16000 -0.52667 -0.76301
v 0.16000 -0.52667 -0.76301
v 0.16000 -0.52667 -0.76301
v 0.16000 -0.52667 -0.76301
v -0.16000 -0.66500 -0.72360
v -0.16000 -0.66500 -0.72360
v -0.16000 -0.66500 -0.72360
v -0.16000 -0.66500 -0.72360
v -0.16000 -0.66500 -0.72360
v -0.16000 -0.66500 -0.72360
v -0.16000 -0.66500 -0.72360
v -0.16000 -0.66500 -0.72360
v -0.16000 -0.67525 -0.69885
v -0.14065 -0.67525 -0.70817
v -0.13587 -0.67525 -0.72911
v -0.14926 -0.67525 -0.74590
v -0.17074 -0.67525 -0.74590
v -0.18413 -0.67525 -0.72911
v -0.17935 -0.67525 -0.70817
v -0.16000 -0.67525 -0.69885
v -0.16000 -0.70000 -0.68860
v -0.13264 -0.70000 -0.70178
v -0.12588 -0.70000 -0.73139
v -0.14481 -0.70000 -0.75513
v -0.17519 -0.70000 -0.75513
v -0.19412 -0.70000 -0.73139
v -0.18736 -0.70000 -0.70178
v -0.16000 -0.70000 -0.68860
v -0.16000 -0.72475 -0.69885
v -0.14065 -0.72475 -0.70817
v -0.13587 -0.72475 -0.72911
v -0.14926 -0.72475 -0.74590
v -0.17074 -0.72475 -0.74590
v -0.18413 -0.72475 -0.72911
v -0.17935 -0.72475 -0.70817
v -0.16000 -0.72475 -0.69885
v -0.16000 -0.73500 -0.72360
v -0.16000 -0.73500 -0.72360
v -0.16000 -0.73500 -0.72360
v -0.16000 -0.73500 -0.72360
v -0.16000 -0.73500 -0.72360
v -0.16000 -0.73500 -0.72360
v -0.16000 -0.73500 -0.72360
v -0.16000 -0.73500 -0.72360
v 0.16000 -0.66500 -0.72360
v 0.16000 -0.66500 -0.72360
v 0.16000 -0.66500 -0.72360
v 0.16000 -0.66500 -0.72360
v 0.16000 -0.66500 -0.72360
v 0.16000 -0.66500 -0.72360
v 0.16000 -0.66500 -0.72360
v 0.16000 -0.66500 -0.72360
v 0.16000 -0.67525 -0.69885
v 0.17935 -0.67525 -0.70817
v 0.18413 -0.67525 -0.72911
v 0.17074 -0.67525 -0.74590
v 0.14926 -0.67525 -0.74590
v 0.13587 -0.67525 -0.72911
v 0.14065 -0.67525 -0.70817
v 0.16000 -0.67525 -0.69885
v 0.16000 -0.70000 -0.68860
v 0.18736 -0.70000 -0.70178
v 0.19412 -0.70000 -0.73139
v 0.17519 -0.70000 -0.75513
v 0.14481 -0.70000 -0.75513
v 0.12588 -0.70000 -0.73139
v 0.13264 -0.70000 -0.70178
v 0.16000 -0.70000 -0.68860
v 0.16000 -0.72475 -0.69885
v 0.17935 -0.72475 -0.70817
v 0.18413 -0.72475 -0.72911
v 0.17074 -0.72475 -0.74590
v 0.14926 -0.72475 -0.74590
v 0.13587 -0.72475 -0.72911
v 0.14065 -0.72475 -0.70817
v 0.16000 -0.72475 -0.69885
v 0.16000 -0.73500 -0.72360
v 0.16000 -0.73500 -0.72360
v 0.16000 -0.73500 -0.72360
v 0.16000 -0.73500 -0.72360
v 0.16000 -0.73500 -0.72360
v 0.16000 -0.73500 -0.72360
v 0.16000 -0.73500 -0.72360
v 0.16000 -0.73500 -0.72360
vt 0.00000 0.00000
vt 0.04348 0.00000
vt 0.08696 0.00000
vt 0.13043 0.00000
vt 0.17391 0.00000
vt 0.82609 0.00000
vt 0.86957 0.00000
vt 0.91304 0.00000
vt 0.95652 0.00000
vt 1.00000 0.00000
vt 0.00000 0.04762
vt 0.04348 0.04762
vt 0.08696 0.04762
vt 0.13043 0.04762
vt 0.17391 0.04762
vt 0.21739 0.04762
vt 0.78261 0.04762
vt 0.82609 0.04762
vt 0.86957 0.04762
vt 0.91304 0.04762
vt 0.95652 0.04762
vt 1.00000 0.04762
vt 0.00000 0.09524
vt 0.04348 0.09524
vt 0.08696 0.09524
vt 0.13043 0.09524
vt 0.17391 0.09524
vt 0.21739 0.09524
vt 0.26087 0.09524
vt 0.73913 0.09524
vt 0.78261 0.09524
vt 0.82609 0.09524
vt 0.86957 0.09524
vt 0.91304 0.09524
vt 0.95652 0.09524
vt 1.00000 0.09524
vt 0.00000 0.14286
vt 0.04348 0.14286
vt 0.08696 0.14286
vt 0.13043 0.14286
vt 0.17391 0.14286
vt 0.21739 0.14286
vt 0.26087 0.14286
vt 0.30435 0.14286
vt 0.34783 0.14286
vt 0.39130 0.14286
vt 0.43478 0.14286
vt 0.47826 0.14286
vt 0.52174 0.14286
vt 0.56522 0.14286
vt 0.60870 0.14286
vt 0.65217 0.14286
vt 0.69565 0.14286
vt 0.73913 0.14286
vt 0.78261 0.14286
vt 0.82609 0.14286
vt 0.86957 0.14286
vt 0.91304 0.14286
vt 0.95652 0.14286
vt 1.00000 0.14286
vt 0.00000 0.19048
vt 0.04348 0.19048
vt 0.08696 0.19048
vt 0.13043 0.19048
vt 0.17391 0.19048
vt 0.21739 0.19048
vt 0.26087 0.19048
vt 0.30435 0.19048
vt 0.34783 0.19048
vt 0.39130 0.19048
vt 0.43478 0.19048
vt 0.47826 0.19048
vt 0.52174 0.19048
vt 0.56522 0.19048
vt 0.60870 0.19048
vt 0.65217 0.19048
vt 0.69565 0.19048
vt 0.73913 0.19048
vt 0.78261 0.19048
vt 0.82609 0.19048
vt 0.86957 0.19048
vt 0.91304 0.19048
vt 0.95652 0.19048
vt 1.00000 0.19048
vt 0.00000 0.23810
vt 0.04348 0.23810
vt 0.08696 0.23810
vt 0.13043 0.23810
vt 0.17391 0.23810
vt 0.21739 0.23810
vt 0.26087 0.23810
vt 0.30435 0.23810
vt 0.34783 0.23810
vt 0.39130 0.23810
vt 0.43478 0.23810
vt 0.47826 0.23810
vt 0.52174 0.23810
vt 0.56522 0.23810
vt 0.60870 0.23810
vt 0.65217 0.23810
vt 0.69565 0.23810
vt 0.73913 0.23810
vt 0.78261 0.23810
vt 0.82609 0.23810
vt 0.86957 0.23810
vt 0.91304 0.23810
vt 0.95652 0.23810
vt 1.00000 0.23810
vt 0.00000 0.28571
vt 0.04348 0.28571
vt 0.08696 0.28571
vt 0.13043 0.28571
vt 0.17391 0.28571
vt 0.21739 0.28571
vt 0.26087 0.28571
vt 0.30435 0.28571
vt 0.34783 0.28571
vt 0.39130 0.28571
vt 0.43478 0.28571
vt 0.47826 0.28571
vt 0.52174 0.28571
vt 0.56522 0.28571
vt 0.60870 0.28571
vt 0.65217 0.28571
vt 0.69565 0.28571
vt 0.73913 0.28571
vt 0.78261 0.28571
vt 0.82609 0.28571
vt 0.86957 0.28571
vt 0.91304 0.28571
vt 0.95652 0.28571
vt 1.00000 0.28571
vt 0.00000 0.33333
vt 0.04348 0.33333
vt 0.08696 0.33333
vt 0.13043 0.33333
vt 0.17391 0.33333
vt 0.21739 0.33333
vt 0.26087 0.33333
vt 0.30435 0.33333
vt 0.34783 0.33333
vt 0.39130 0.33333
vt 0.43478 0.33333
vt 0.47826 0.33333
vt 0.52174 0.33333
vt 0.56522 0.33333
vt 0.60870 0.33333
vt 0.65217 0.33333
vt 0.69565 0.33333
vt 0.73913 0.33333
vt 0.78261 0.33333
vt 0.82609 0.33333
vt 0.86957 0.33333
vt 0.91304 0.33333
vt 0.95652 0.33333
vt 1.00000 0.33333
vt 0.00000 0.38095
vt 0.04348 0.38095
vt 0.08696 0.38095
vt 0.13043 0.38095
vt 0.17391 0.38095
vt 0.21739 0.38095
vt 0.26087 0.38095
vt 0.30435 0.38095
vt 0.34783 0.38095
vt 0.39130 0.38095
vt 0.43478 0.38095
vt 0.47826 0.38095
vt 0.52174 0.38095
vt 0.56522 0.38095
vt 0.60870 0.38095
vt 0.65217 0.38095
vt 0.69565 0.38095
vt 0.73913 0.38095
vt 0.78261 0.38095
vt 0.82609 0.38095
vt 0.86957 0.38095
vt 0.91304 0.38095
vt 0.95652 0.38095
vt 1.00000 0.38095
vt 0.00000 0.42857
vt 0.04348 0.42857
vt 0.08696 0.42857
vt 0.13043 0.42857
vt 0.17391 0.42857
vt 0.21739 0.42857
vt 0.26087 0.42857
vt 0.30435 0.42857
vt 0.34783 0.42857
vt 0.39130 0.42857
vt 0.43478 0.42857
vt 0.47826 0.42857
vt 0.52174 0.42857
vt 0.56522 0.42857
vt 0.60870 0.42857
vt 0.65217 0.42857
vt 0.69565 0.42857
vt 0.73913 0.42857
vt 0.78261 0.42857
vt 0.82609 0.42857
vt 0.86957 0.42857
vt 0.91304 0.42857
vt 0.95652 0.42857
vt 1.00000 0.42857
vt 0.00000 0.47619
vt 0.04348 0.47619
vt 0.08696 0.47619
vt 0.13043 0.47619
vt 0.17391 0.47619
vt 0.21739 0.47619
vt 0.26087 0.47619
vt 0.30435 0.47619
vt 0.34783 0.47619
vt 0.39130 0.47619
vt 0.43478 0.47619
vt 0.47826 0.47619
vt 0.52174 0.47619
vt 0.56522 0.47619
vt 0.60870 0.47619
vt 0.65217 0.47619
vt 0.69565 0.47619
vt 0.73913 0.47619
vt 0.78261 0.47619
vt 0.82609 0.47619
vt 0.86957 0.47619
vt 0.91304 0.47619
vt 0.95652 0.47619
vt 1.00000 0.47619
vt 0.00000 0.52381
vt 0.04348 0.52381
vt 0.08696 0.52381
vt 0.13043 0.52381
vt 0.17391 0.52381
vt 0.21739 0.52381
vt 0.26087 0.52381
vt 0.30435 0.52381
vt 0.34783 0.52381
vt 0.39130 0.52381
vt 0.43478 0.52381
vt 0.47826 0.52381
vt 0.52174 0.52381
vt 0.56522 0.52381
vt 0.60870 0.52381
vt 0.65217 0.52381
vt 0.69565 0.52381
vt 0.73913 0.52381
vt 0.78261 0.52381
vt 0.82609 0.52381
vt 0.86957 0.52381
vt 0.91304 0.52381
vt 0.95652 0.52381
vt 1.00000 0.52381
vt 0.00000 0.57143
vt 0.04348 0.57143
vt 0.08696 0.57143
vt 0.13043 0.57143
vt 0.17391 0.57143
vt 0.21739 0.57143
vt 0.26087 0.57143
vt 0.30435 0.57143
vt 0.34783 0.57143
vt 0.39130 0.57143
vt 0.43478 0.57143
vt 0.47826 0.57143
vt 0.52174 0.57143
vt 0.56522 0.57143
vt 0.60870 0.57143
vt 0.65217 0.57143
vt 0.69565 0.57143
vt 0.73913 0.57143
vt 0.78261 0.57143
vt 0.82609 0.57143
vt 0.86957 0.57143
vt 0.91304 0.57143
vt 0.95652 0.57143
vt 1.00000 0.57143
vt 0.00000 0.61905
vt 0.04348 0.61905
vt 0.08696 0.61905
vt 0.13043 0.61905
vt 0.17391 0.61905
vt 0.21739 0.61905
vt 0.26087 0.61905
vt 0.30435 0.61905
vt 0.34783 0.61905
vt 0.39130 0.61905
vt 0.43478 0.61905
vt 0.47826 0.61905
vt 0.52174 0.61905
vt 0.56522 0.61905
vt 0.60870 0.61905
vt 0.65217 0.61905
vt 0.69565 0.61905
vt 0.73913 0.61905
vt 0.78261 0.61905
vt 0.82609 0.61905
vt 0.86957 0.61905
vt 0.91304 0.61905
vt 0.95652 0.61905
vt 1.00000 0.61905
vt 0.00000 0.66667
vt 0.04348 0.66667
vt 0.08696 0.66667
vt 0.13043 0.66667
vt 0.17391 0.66667
vt 0.21739 0.66667
vt 0.26087 0.66667
vt 0.30435 0.66667
vt 0.34783 0.66667
vt 0.39130 0.66667
vt 0.43478 0.66667
vt 0.47826 0.66667
vt 0.52174 0.66667
vt 0.56522 0.66667
vt 0.60870 0.66667
vt 0.65217 0.66667
vt 0.69565 0.66667
vt 0.73913 0.66667
vt 0.78261 0.66667
vt 0.82609 0.66667
vt 0.86957 0.66667
vt 0.91304 0.66667
vt 0.95652 0.66667
vt 1.00000 0.66667
vt 0.00000 0.71429
vt 0.04348 0.71429
vt 0.08696 0.71429
vt 0.13043 0.71429
vt 0.17391 0.71429
vt 0.21739 0.71429
vt 0.26087 0.71429
vt 0.30435 0.71429
vt 0.34783 0.71429
vt 0.39130 0.71429
vt 0.43478 0.71429
vt 0.47826 0.71429
vt 0.52174 0.71429
vt 0.56522 0.71429
vt 0.60870 0.71429
vt 0.65217 0.71429
vt 0.69565 0.71429
vt 0.73913 0.71429
vt 0.78261 0.71429
vt 0.82609 0.71429
vt 0.86957 0.71429
vt 0.91304 0.71429
vt 0.95652 0.71429
vt 1.00000 0.71429
vt 0.00000 0.76190
vt 0.04348 0.76190
vt 0.08696 0.76190
vt 0.13043 0.76190
vt 0.17391 0.76190
vt 0.21739 0.76190
vt 0.26087 0.76190
vt 0.30435 0.76190
vt 0.34783 0.76190
vt 0.39130 0.76190
vt 0.43478 0.76190
vt 0.47826 0.76190
vt 0.52174 0.76190
vt 0.56522 0.76190
vt 0.60870 0.76190
vt 0.65217 0.76190
vt 0.69565 0.76190
vt 0.73913 0.76190
vt 0.78261 0.76190
vt 0.82609 0.76190
vt 0.86957 0.76190
vt 0.91304 0.76190
vt 0.95652 0.76190
vt 1.00000 0.76190
vt 0.00000 0.80952
vt 0.04348 0.80952
vt 0.08696 0.80952
vt 0.13043 0.80952
vt 0.17391 0.80952
vt 0.21739 0.80952
vt 0.26087 0.80952
vt 0.30435 0.80952
vt 0.34783 0.80952
vt 0.39130 0.80952
vt 0.43478 0.80952
vt 0.47826 0.80952
vt 0.52174 0.80952
vt 0.56522 0.80952
vt 0.60870 0.80952
vt 0.65217 0.80952
vt 0.69565 0.80952
vt 0.73913 0.80952
vt 0.78261 0.80952
vt 0.82609 0.80952
vt 0.86957 0.80952
vt 0.91304 0.80952
vt 0.95652 0.80952
vt 1.00000 0.80952
vt 0.00000 0.85714
vt 0.04348 0.85714
vt 0.08696 0.85714
vt 0.13043 0.85714
vt 0.17391 0.85714
vt 0.21739 0.85714
vt 0.26087 0.85714
vt 0.30435 0.85714
vt 0.34783 0.85714
vt 0.39130 0.85714
vt 0.43478 0.85714
vt 0.47826 0.85714
vt 0.52174 0.85714
vt 0.56522 0.85714
vt 0.60870 0.85714
vt 0.65217 0.85714
vt 0.69565 0.85714
vt 0.73913 0.85714
vt 0.78261 0.85714
vt 0.82609 0.85714
vt 0.86957 0.85714
vt 0.91304 0.85714
vt 0.95652 0.85714
vt 1.00000 0.85714
vt 0.00000 0.90476
vt 0.04348 0.90476
vt 0.08696 0.90476
vt 0.13043 0.90476
vt 0.17391 0.90476
vt 0.21739 0.90476
vt 0.26087 0.90476
vt 0.30435 0.90476
vt 0.34783 0.90476
vt 0.39130 0.90476
vt 0.43478 0.90476
vt 0.47826 0.90476
vt 0.52174 0.90476
vt 0.56522 0.90476
vt 0.60870 0.90476
vt 0.65217 0.90476
vt 0.69565 0.90476
vt 0.73913 0.90476
vt 0.78261 0.90476
vt 0.82609 0.90476
vt 0.86957 0.90476
vt 0.91304 0.90476
vt 0.95652 0.90476
vt 1.00000 0.90476
vt 0.00000 0.95238
vt 0.04348 0.95238
vt 0.08696 0.95238
vt 0.13043 0.95238
vt 0.17391 0.95238
vt 0.21739 0.95238
vt 0.26087 0.95238
vt 0.30435 0.95238
vt 0.34783 0.95238
vt 0.39130 0.95238
vt 0.43478 0.95238
vt 0.47826 0.95238
vt 0.52174 0.95238
vt 0.56522 0.95238
vt 0.60870 0.95238
vt 0.65217 0.95238
vt 0.69565 0.95238
vt 0.73913 0.95238
vt 0.78261 0.95238
vt 0.82609 0.95238
vt 0.86957 0.95238
vt 0.91304 0.95238
vt 0.95652 0.95238
vt 1.00000 0.95238
vt 0.00000 1.00000
vt 0.04348 1.00000
vt 0.08696 1.00000
vt 0.13043 1.00000
vt 0.17391 1.00000
vt 0.21739 1.00000
vt 0.26087 1.00000
vt 0.30435 1.00000
vt 0.34783 1.00000
vt 0.39130 1.00000
vt 0.43478 1.00000
vt 0.47826 1.00000
vt 0.52174 1.00000
vt 0.56522 1.00000
vt 0.60870 1.00000
vt 0.65217 1.00000
vt 0.69565 1.00000
vt 0.73913 1.00000
vt 0.78261 1.00000
vt 0.82609 1.00000
vt 0.86957 1.00000
vt 0.91304 1.00000
vt 0.95652 1.00000
vt 1.00000 1.00000
vt 0.00000 0.00000
vt 0.04348 0.00000
vt 0.08696 0.00000
vt 0.13043 0.00000
vt 0.17391 0.00000
vt 0.82609 0.00000
vt 0.86957 0.00000
vt 0.91304 0.00000
vt 0.95652 0.00000
vt 1.00000 0.00000
vt 0.00000 0.04762
vt 0.04348 0.04762
vt 0.08696 0.04762
vt 0.13043 0.04762
vt 0.17391 0.04762
vt 0.21739 0.04762
vt 0.78261 0.04762
vt 0.82609 0.04762
vt 0.86957 0.04762
vt 0.91304 0.04762
vt 0.95652 0.04762
vt 1.00000 0.04762
vt 0.00000 0.09524
vt 0.04348 0.09524
vt 0.08696 0.09524
vt 0.13043 0.09524
vt 0.17391 0.09524
vt 0.21739 0.09524
vt 0.26087 0.09524
vt 0.73913 0.09524
vt 0.78261 0.09524
vt 0.82609 0.09524
vt 0.86957 0.09524
vt 0.91304 0.09524
vt 0.95652 0.09524
vt 1.00000 0.09524
vt 0.00000 0.14286
vt 0.04348 0.14286
vt 0.08696 0.14286
vt 0.13043 0.14286
vt 0.17391 0.14286
vt 0.21739 0.14286
vt 0.26087 0.14286
vt 0.30435 0.14286
vt 0.34783 0.14286
vt 0.39130 0.14286
vt 0.43478 0.14286
vt 0.47826 0.14286
vt 0.52174 0.14286
vt 0.56522 0.14286
vt 0.60870 0.14286
vt 0.65217 0.14286
vt 0.69565 0.14286
vt 0.73913 0.14286
vt 0.78261 0.14286
vt 0.82609 0.14286
vt 0.86957 0.14286
vt 0.91304 0.14286
vt 0.95652 0.14286
vt 1.00000 0.14286
vt 0.00000 0.19048
vt 0.04348 0.19048
vt 0.08696 0.19048
vt 0.13043 0.19048
vt 0.17391 0.19048
vt 0.21739 0.19048
vt 0.26087 0.19048
vt 0.30435 0.19048
vt 0.34783 0.19048
vt 0.39130 0.19048
vt 0.43478 0.19048
vt 0.47826 0.19048
vt 0.52174 0.19048
vt 0.56522 0.19048
vt 0.60870 0.19048
vt 0.65217 0.19048
vt 0.69565 0.19048
vt 0.73913 0.19048
vt 0.78261 0.19048
vt 0.82609 0.19048
vt 0.86957 0.19048
vt 0.91304 0.19048
vt 0.95652 0.19048
vt 1.00000 0.19048
vt 0.00000 0.23810
vt 0.04348 0.23810
vt 0.08696 0.23810
vt 0.13043 0.23810
vt 0.17391 0.23810
vt 0.21739 0.23810
vt 0.26087 0.23810
vt 0.30435 0.23810
vt 0.34783 0.23810
vt 0.39130 0.23810
vt 0.43478 0.23810
vt 0.47826 0.23810
vt 0.52174 0.23810
vt 0.56522 0.23810
vt 0.60870 0.23810
vt 0.65217 0.23810
vt 0.69565 0.23810
vt 0.73913 0.23810
vt 0.78261 0.23810
vt 0.82609 0.23810
vt 0.86957 0.23810
vt 0.91304 0.23810
vt 0.95652 0.23810
vt 1.00000 0.23810
vt 0.00000 0.28571
vt 0.04348 0.28571
vt 0.08696 0.28571
vt 0.13043 0.28571
vt 0.17391 0.28571
vt 0.21739 0.28571
vt 0.26087 0.28571
vt 0.30435 0.28571
vt 0.34783 0.28571
vt 0.39130 0.28571
vt 0.43478 0.28571
vt 0.47826 0.28571
vt 0.52174 0.28571
vt 0.56522 0.28571
vt 0.60870 0.28571
vt 0.65217 0.28571
vt 0.69565 0.28571
vt 0.73913 0.28571
vt 0.78261 0.28571
vt 0.82609 0.28571
vt 0.86957 0.28571
vt 0.91304 0.28571
vt 0.95652 0.28571
vt 1.00000 0.28571
vt 0.00000 0.33333
vt 0.04348 0.33333
vt 0.08696 0.33333
vt 0.13043 0.33333
vt 0.17391 0.33333
vt 0.21739 0.33333
vt 0.26087 0.33333
vt 0.30435 0.33333
vt 0.34783 0.33333
vt 0.39130 0.33333
vt 0.43478 0.33333
vt 0.47826 0.33333
vt 0.52174 0.33333
vt 0.56522 0.33333
vt 0.60870 0.33333
vt 0.65217 0.33333
vt 0.69565 0.33333
vt 0.73913 0.33333
vt 0.78261 0.33333
vt 0.82609 0.33333
vt 0.86957 0.33333
vt 0.91304 0.33333
vt 0.95652 0.33333
vt 1.00000 0.33333
vt 0.00000 0.38095
vt 0.04348 0.38095
vt 0.08696 0.38095
vt 0.13043 0.38095
vt 0.17391 0.38095
vt 0.21739 0.38095
vt 0.26087 0.38095
vt 0.30435 0.38095
vt 0.34783 0.38095
vt 0.39130 0.38095
vt 0.43478 0.38095
vt 0.47826 0.38095
vt 0.52174 0.38095
vt 0.56522 0.38095
vt 0.60870 0.38095
vt 0.65217 0.38095
vt 0.69565 0.38095
vt 0.73913 0.38095
vt 0.78261 0.38095
vt 0.82609 0.38095
vt 0.86957 0.38095
vt 0.91304 0.38095
vt 0.95652 0.38095
vt 1.00000 0.38095
vt 0.00000 0.42857
vt 0.04348 0.42857
vt 0.08696 0.42857
vt 0.13043 0.42857
vt 0.17391 0.42857
vt 0.21739 0.42857
vt 0.26087 0.42857
vt 0.30435 0.42857
vt 0.34783 0.42857
vt 0.39130 0.42857
vt 0.43478 0.42857
vt 0.47826 0.42857
vt 0.52174 0.42857
vt 0.56522 0.42857
vt 0.60870 0.42857
vt 0.65217 0.42857
vt 0.69565 0.42857
vt 0.73913 0.42857
vt 0.78261 0.42857
vt 0.82609 0.42857
vt 0.86957 0.42857
vt 0.91304 0.42857
vt 0.95652 0.42857
vt 1.00000 0.42857
vt 0.00000 0.47619
vt 0.04348 0.47619
vt 0.08696 0.47619
vt 0.13043 0.47619
vt 0.17391 0.47619
vt 0.21739 0.47619
vt 0.26087 0.47619
vt 0.30435 0.47619
vt 0.34783 0.47619
vt 0.39130 0.47619
vt 0.43478 0.47619
vt 0.47826 0.47619
vt 0.52174 0.47619
vt 0.56522 0.47619
vt 0.60870 0.47619
vt 0.65217 0.47619
vt 0.69565 0.47619
vt 0.73913 0.47619
vt 0.78261 0.47619
vt 0.82609 0.47619
vt 0.86957 0.47619
vt 0.91304 0.47619
vt 0.95652 0.47619
vt 1.00000 0.47619
vt 0.00000 0.52381
vt 0.04348 0.52381
vt 0.08696 0.52381
vt 0.13043 0.52381
vt 0.17391 0.52381
vt 0.21739 0.52381
vt 0.26087 0.52381
vt 0.30435 0.52381
vt 0.34783 0.52381
vt 0.39130 0.52381
vt 0.43478 0.52381
vt 0.47826 0.52381
vt 0.52174 0.52381
vt 0.56522 0.52381
vt 0.60870 0.52381
vt 0.65217 0.52381
vt 0.69565 0.52381
vt 0.73913 0.52381
vt 0.78261 0.52381
vt 0.82609 0.52381
vt 0.86957 0.52381
vt 0.91304 0.52381
vt 0.95652 0.52381
vt 1.00000 0.52381
vt 0.00000 0.57143
vt 0.04348 0.57143
vt 0.08696 0.57143
vt 0.13043 0.57143
vt 0.17391 0.57143
vt 0.21739 0.57143
vt 0.26087 0.57143
vt 0.30435 0.57143
vt 0.34783 0.57143
vt 0.39130 0.57143
vt 0.43478 0.57143
vt 0.47826 0.57143
vt 0.52174 0.57143
vt 0.56522 0.57143
vt 0.60870 0.57143
vt 0.65217 0.57143
vt 0.69565 0.57143
vt 0.73913 0.57143
vt 0.78261 0.57143
vt 0.82609 0.57143
vt 0.86957 0.57143
vt 0.91304 0.57143
vt 0.95652 0.57143
vt 1.00000 0.57143
vt 0.00000 0.61905
vt 0.04348 0.61905
vt 0.08696 0.61905
vt 0.13043 0.61905
vt 0.17391 0.61905
vt 0.21739 0.61905
vt 0.26087 0.61905
vt 0.30435 0.61905
vt 0.34783 0.61905
vt 0.39130 0.61905
vt 0.43478 0.61905
vt 0.47826 0.61905
vt 0.52174 0.61905
vt 0.56522 0.61905
vt 0.60870 0.61905
vt 0.65217 0.61905
vt 0.69565 0.61905
vt 0.73913 0.61905
vt 0.78261 0.61905
vt 0.82609 0.61905
vt 0.86957 0.61905
vt 0.91304 0.61905
vt 0.95652 0.61905
vt 1.00000 0.61905
vt 0.00000 0.66667
vt 0.04348 0.66667
vt 0.08696 0.66667
vt 0.13043 0.66667
vt 0.17391 0.66667
vt 0.21739 0.66667
vt 0.26087 0.66667
vt 0.30435 0.66667
vt 0.34783 0.66667
vt 0.39130 0.66667
vt 0.43478 0.66667
vt 0.47826 0.66667
vt 0.52174 0.66667
vt 0.56522 0.66667
vt 0.60870 0.66667
vt 0.65217 0.66667
vt 0.69565 0.66667
vt 0.73913 0.66667
vt 0.78261 0.66667
vt 0.82609 0.66667
vt 0.86957 0.66667
vt 0.91304 0.66667
vt 0.95652 0.66667
vt 1.00000 0.66667
vt 0.00000 0.71429
vt 0.04348 0.71429
vt 0.08696 0.71429
vt 0.13043 0.71429
vt 0.17391 0.71429
vt 0.21739 0.71429
vt 0.26087 0.71429
vt 0.30435 0.71429
vt 0.34783 0.71429
vt 0.39130 0.71429
vt 0.43478 0.71429
vt 0.47826 0.71429
vt 0.52174 0.71429
vt 0.56522 0.71429
vt 0.60870 0.71429
vt 0.65217 0.71429
vt 0.69565 0.71429
vt 0.73913 0.71429
vt 0.78261 0.71429
vt 0.82609 0.71429
vt 0.86957 0.71429
vt 0.91304 0.71429
vt 0.95652 0.71429
vt 1.00000 0.71429
vt 0.00000 0.76190
vt 0.04348 0.76190
vt 0.08696 0.76190
vt 0.13043 0.76190
vt 0.17391 0.76190
vt 0.21739 0.76190
vt 0.26087 0.76190
vt 0.30435 0.76190
vt 0.34783 0.76190
vt 0.39130 0.76190
vt 0.43478 0.76190
vt 0.47826 0.76190
vt 0.52174 0.76190
vt 0.56522 0.76190
vt 0.60870 0.76190
vt 0.65217 0.76190
vt 0.69565 0.76190
vt 0.73913 0.76190
vt 0.78261 0.76190
vt 0.82609 0.76190
vt 0.86957 0.76190
vt 0.91304 0.76190
vt 0.95652 0.76190
vt 1.00000 0.76190
vt 0.00000 0.80952
vt 0.04348 0.80952
vt 0.08696 0.80952
vt 0.13043 0.80952
vt 0.17391 0.80952
vt 0.21739 0.80952
vt 0.26087 0.80952
vt 0.30435 0.80952
vt 0.34783 0.80952
vt 0.39130 0.80952
vt 0.43478 0.80952
vt 0.47826 0.80952
vt 0.52174 0.80952
vt 0.56522 0.80952
vt 0.60870 0.80952
vt 0.65217 0.80952
vt 0.69565 0.80952
vt 0.73913 0.80952
vt 0.78261 0.80952
vt 0.82609 0.80952
vt 0.86957 0.80952
vt 0.91304 0.80952
vt 0.95652 0.80952
vt 1.00000 0.80952
vt 0.00000 0.85714
vt 0.04348 0.85714
vt 0.08696 0.85714
vt 0.13043 0.85714
vt 0.17391 0.85714
vt 0.21739 0.85714
vt 0.26087 0.85714
vt 0.30435 0.85714
vt 0.34783 0.85714
vt 0.39130 0.85714
vt 0.43478 0.85714
vt 0.47826 0.85714
vt 0.52174 0.85714
vt 0.56522 0.85714
vt 0.60870 0.85714
vt 0.65217 0.85714
vt 0.69565 0.85714
vt 0.73913 0.85714
vt 0.78261 0.85714
vt 0.82609 0.85714
vt 0.86957 0.85714
vt 0.91304 0.85714
vt 0.95652 0.85714
vt 1.00000 0.85714
vt 0.00000 0.90476
vt 0.04348 0.90476
vt 0.08696 0.90476
vt 0.13043 0.90476
vt 0.17391 0.90476
vt 0.21739 0.90476
vt 0.26087 0.90476
vt 0.30435 0.90476
vt 0.34783 0.90476
vt 0.39130 0.90476
vt 0.43478 0.90476
vt 0.47826 0.90476
vt 0.52174 0.90476
vt 0.56522 0.90476
vt 0.60870 0.90476
vt 0.65217 0.90476
vt 0.69565 0.90476
vt 0.73913 0.90476
vt 0.78261 0.90476
vt 0.82609 0.90476
vt 0.86957 0.90476
vt 0.91304 0.90476
vt 0.95652 0.90476
vt 1.00000 0.90476
vt 0.00000 0.95238
vt 0.04348 0.95238
vt 0.08696 0.95238
vt 0.13043 0.95238
vt 0.17391 0.95238
vt 0.21739 0.95238
vt 0.26087 0.95238
vt 0.30435 0.95238
vt 0.34783 0.95238
vt 0.39130 0.95238
vt 0.43478 0.95238
vt 0.47826 0.95238
vt 0.52174 0.95238
vt 0.56522 0.95238
vt 0.60870 0.95238
vt 0.65217 0.95238
vt 0.69565 0.95238
vt 0.73913 0.95238
vt 0.78261 0.95238
vt 0.82609 0.95238
vt 0.86957 0.95238
vt 0.91304 0.95238
vt 0.95652 0.95238
vt 1.00000 0.95238
vt 0.00000 1.00000
vt 0.04348 1.00000
vt 0.08696 1.00000
vt 0.13043 1.00000
vt 0.17391 1.00000
vt 0.21739 1.00000
vt 0.26087 1.00000
vt 0.30435 1.00000
vt 0.34783 1.00000
vt 0.39130 1.00000
vt 0.43478 1.00000
vt 0.47826 1.00000
vt 0.52174 1.00000
vt 0.56522 1.00000
vt 0.60870 1.00000
vt 0.65217 1.00000
vt 0.69565 1.00000
vt 0.73913 1.00000
vt 0.78261 1.00000
vt 0.82609 1.00000
vt 0.86957 1.00000
vt 0.91304 1.00000
vt 0.95652 1.00000
vt 1.00000 1.00000
vt 0.00000 0.00000
vt 0.12500 0.00000
vt 0.25000 0.00000
vt 0.37500 0.00000
vt 0.50000 0.00000
vt 0.62500 0.00000
vt 0.75000 0.00000
vt 0.87500 0.00000
vt 0.00000 0.03704
vt 0.12500 0.03704
vt 0.25000 0.03704
vt 0.37500 0.03704
vt 0.50000 0.03704
vt 0.62500 0.03704
vt 0.75000 0.03704
vt 0.87500 0.03704
vt 0.00000 0.07407
vt 0.12500 0.07407
vt 0.25000 0.07407
vt 0.37500 0.07407
vt 0.50000 0.07407
vt 0.62500 0.07407
vt 0.75000 0.07407
vt 0.87500 0.07407
vt 0.00000 0.11111
vt 0.12500 0.11111
vt 0.25000 0.11111
vt 0.37500 0.11111
vt 0.50000 0.11111
vt 0.62500 0.11111
vt 0.75000 0.11111
vt 0.87500 0.11111
vt 0.00000 0.14815
vt 0.12500 0.14815
vt 0.25000 0.14815
vt 0.37500 0.14815
vt 0.50000 0.14815
vt 0.62500 0.14815
vt 0.75000 0.14815
vt 0.87500 0.14815
vt 0.00000 0.18519
vt 0.12500 0.18519
vt 0.25000 0.18519
vt 0.37500 0.18519
vt 0.50000 0.18519
vt 0.62500 0.18519
vt 0.75000 0.18519
vt 0.87500 0.18519
vt 0.00000 0.22222
vt 0.12500 0.22222
vt 0.25000 0.22222
vt 0.37500 0.22222
vt 0.50000 0.22222
vt 0.62500 0.22222
vt 0.75000 0.22222
vt 0.87500 0.22222
vt 0.00000 0.25926
vt 0.12500 0.25926
vt 0.25000 0.25926
vt 0.37500 0.25926
vt 0.50000 0.25926
vt 0.62500 0.25926
vt 0.75000 0.25926
vt 0.87500 0.25926
vt 0.00000 0.29630
vt 0.12500 0.29630
vt 0.25000 0.29630
vt 0.37500 0.29630
vt 0.50000 0.29630
vt 0.62500 0.29630
vt 0.75000 0.29630
vt 0.87500 0.29630
vt 0.00000 0.33333
vt 0.12500 0.33333
vt 0.25000 0.33333
vt 0.37500 0.33333
vt 0.50000 0.33333
vt 0.62500 0.33333
vt 0.75000 0.33333
vt 0.87500 0.33333
vt 0.00000 0.37037
vt 0.12500 0.37037
vt 0.25000 0.37037
vt 0.37500 0.37037
vt 0.50000 0.37037
vt 0.62500 0.37037
vt 0.75000 0.37037
vt 0.87500 0.37037
vt 0.00000 0.40741
vt 0.12500 0.40741
vt 0.25000 0.40741
vt 0.37500 0.40741
vt 0.50000 0.40741
vt 0.62500 0.40741
vt 0.75000 0.40741
vt 0.87500 0.40741
vt 0.00000 0.44444
vt 0.12500 0.44444
vt 0.25000 0.44444
vt 0.37500 0.44444
vt 0.50000 0.44444
vt 0.62500 0.44444
vt 0.75000 0.44444
vt 0.87500 0.44444
vt 0.00000 0.48148
vt 0.12500 0.48148
vt 0.25000 0.48148
vt 0.37500 0.48148
vt 0.50000 0.48148
vt 0.62500 0.48148
vt 0.75000 0.48148
vt 0.87500 0.48148
vt 0.00000 0.51852
vt 0.12500 0.51852
vt 0.25000 0.51852
vt 0.37500 0.51852
vt 0.50000 0.51852
vt 0.62500 0.51852
vt 0.75000 0.51852
vt 0.87500 0.51852
vt 0.00000 0.55556
vt 0.12500 0.55556
vt 0.25000 0.55556
vt 0.37500 0.55556
vt 0.50000 0.55556
vt 0.62500 0.55556
vt 0.75000 0.55556
vt 0.87500 0.55556
vt 0.00000 0.59259
vt 0.12500 0.59259
vt 0.25000 0.59259
vt 0.37500 0.59259
vt 0.50000 0.59259
vt 0.62500 0.59259
vt 0.75000 0.59259
vt 0.87500 0.59259
vt 0.00000 0.62963
vt 0.12500 0.62963
vt 0.25000 0.62963
vt 0.37500 0.62963
vt 0.50000 0.62963
vt 0.62500 0.62963
vt 0.75000 0.62963
vt 0.87500 0.62963
vt 0.00000 0.66667
vt 0.12500 0.66667
vt 0.25000 0.66667
vt 0.37500 0.66667
vt 0.50000 0.66667
vt 0.62500 0.66667
vt 0.75000 0.66667
vt 0.87500 0.66667
vt 0.00000 0.70370
vt 0.12500 0.70370
vt 0.25000 0.70370
vt 0.37500 0.70370
vt 0.50000 0.70370
vt 0.62500 0.70370
vt 0.75000 0.70370
vt 0.87500 0.70370
vt 0.00000 0.74074
vt 0.12500 0.74074
vt 0.25000 0.74074
vt 0.37500 0.74074
vt 0.50000 0.74074
vt 0.62500 0.74074
vt 0.75000 0.74074
vt 0.87500 0.74074
vt 0.00000 0.77778
vt 0.12500 0.77778
vt 0.25000 0.77778
vt 0.37500 0.77778
vt 0.50000 0.77778
vt 0.62500 0.77778
vt 0.75000 0.77778
vt 0.87500 0.77778
vt 0.00000 0.81481
vt 0.12500 0.81481
vt 0.25000 0.81481
vt 0.37500 0.81481
vt 0.50000 0.81481
vt 0.62500 0.81481
vt 0.75000 0.81481
vt 0.87500 0.81481
vt 0.00000 0.85185
vt 0.12500 0.85185
vt 0.25000 0.85185
vt 0.37500 0.85185
vt 0.50000 0.85185
vt 0.62500 0.85185
vt 0.75000 0.85185
vt 0.87500 0.85185
vt 0.00000 0.88889
vt 0.12500 0.88889
vt 0.25000 0.88889
vt 0.37500 0.88889
vt 0.50000 0.88889
vt 0.62500 0.88889
vt 0.75000 0.88889
vt 0.87500 0.88889
vt 0.00000 0.92593
vt 0.12500 0.92593
vt 0.25000 0.92593
vt 0.37500 0.92593
vt 0.50000 0.92593
vt 0.62500 0.92593
vt 0.75000 0.92593
vt 0.87500 0.92593
vt 0.00000 0.96296
vt 0.12500 0.96296
vt 0.25000 0.96296
vt 0.37500 0.96296
vt 0.50000 0.96296
vt 0.62500 0.96296
vt 0.75000 0.96296
vt 0.87500 0.96296
vt 0.00000 1.00000
vt 0.12500 1.00000
vt 0.25000 1.00000
vt 0.37500 1.00000
vt 0.50000 1.00000
vt 0.62500 1.00000
vt 0.75000 1.00000
vt 0.87500 1.00000
vt 0.00000 0.00000
vt 0.12500 0.00000
vt 0.25000 0.00000
vt 0.37500 0.00000
vt 0.50000 0.00000
vt 0.62500 0.00000
vt 0.75000 0.00000
vt 0.87500 0.00000
vt 0.00000 0.06667
vt 0.12500 0.06667
vt 0.25000 0.06667
vt 0.37500 0.06667
vt 0.50000 0.06667
vt 0.62500 0.06667
vt 0.75000 0.06667
vt 0.87500 0.06667
vt 0.00000 0.13333
vt 0.12500 0.13333
vt 0.25000 0.13333
vt 0.37500 0.13333
vt 0.50000 0.13333
vt 0.62500 0.13333
vt 0.75000 0.13333
vt 0.87500 0.13333
vt 0.00000 0.20000
vt 0.12500 0.20000
vt 0.25000 0.20000
vt 0.37500 0.20000
vt 0.50000 0.20000
vt 0.62500 0.20000
vt 0.75000 0.20000
vt 0.87500 0.20000
vt 0.00000 0.26667
vt 0.12500 0.26667
vt 0.25000 0.26667
vt 0.37500 0.26667
vt 0.50000 0.26667
vt 0.62500 0.26667
vt 0.75000 0.26667
vt 0.87500 0.26667
vt 0.00000 0.33333
vt 0.12500 0.33333
vt 0.25000 0.33333
vt 0.37500 0.33333
vt 0.50000 0.33333
vt 0.62500 0.33333
vt 0.75000 0.33333
vt 0.87500 0.33333
vt 0.00000 0.40000
vt 0.12500 0.40000
vt 0.25000 0.40000
vt 0.37500 0.40000
vt 0.50000 0.40000
vt 0.62500 0.40000
vt 0.75000 0.40000
vt 0.87500 0.40000
vt 0.00000 0.46667
vt 0.12500 0.46667
vt 0.25000 0.46667
vt 0.37500 0.46667
vt 0.50000 0.46667
vt 0.62500 0.46667
vt 0.75000 0.46667
vt 0.87500 0.46667
vt 0.00000 0.53333
vt 0.12500 0.53333
vt 0.25000 0.53333
vt 0.37500 0.53333
vt 0.50000 0.53333
vt 0.62500 0.53333
vt 0.75000 0.53333
vt 0.87500 0.53333
vt 0.00000 0.60000
vt 0.12500 0.60000
vt 0.25000 0.60000
vt 0.37500 0.60000
vt 0.50000 0.60000
vt 0.62500 0.60000
vt 0.75000 0.60000
vt 0.87500 0.60000
vt 0.00000 0.66667
vt 0.12500 0.66667
vt 0.25000 0.66667
vt 0.37500 0.66667
vt 0.50000 0.66667
vt 0.62500 0.66667
vt 0.75000 0.66667
vt 0.87500 0.66667
vt 0.00000 0.73333
vt 0.12500 0.73333
vt 0.25000 0.73333
vt 0.37500 0.73333
vt 0.50000 0.73333
vt 0.62500 0.73333
vt 0.75000 0.73333
vt 0.87500 0.73333
vt 0.00000 0.80000
vt 0.12500 0.80000
vt 0.25000 0.80000
vt 0.37500 0.80000
vt 0.50000 0.80000
vt 0.62500 0.80000
vt 0.75000 0.80000
vt 0.87500 0.80000
vt 0.00000 0.86667
vt 0.12500 0.86667
vt 0.25000 0.86667
vt 0.37500 0.86667
vt 0.50000 0.86667
vt 0.62500 0.86667
vt 0.75000 0.86667
vt 0.87500 0.86667
vt 0.00000 0.93333
vt 0.12500 0.93333
vt 0.25000 0.93333
vt 0.37500 0.93333
vt 0.50000 0.93333
vt 0.62500 0.93333
vt 0.75000 0.93333
vt 0.87500 0.93333
vt 0.00000 1.00000
vt 0.12500 1.00000
vt 0.25000 1.00000
vt 0.37500 1.00000
vt 0.50000 1.00000
vt 0.62500 1.00000
vt 0.75000 1.00000
vt 0.87500 1.00000
vt 0.00000 0.00000
vt 0.00000 0.00000
vt 0.06667 0.00000
vt 0.06667 0.00000
vt 0.13333 0.00000
vt 0.13333 0.00000
vt 0.20000 0.00000
vt 0.20000 0.00000
vt 0.26667 0.00000
vt 0.26667 0.00000
vt 0.33333 0.00000
vt 0.33333 0.00000
vt 0.40000 0.00000
vt 0.40000 0.00000
vt 0.46667 0.00000
vt 0.46667 0.00000
vt 0.53333 0.00000
vt 0.53333 0.00000
vt 0.60000 0.00000
vt 0.60000 0.00000
vt 0.66667 0.00000
vt 0.66667 0.00000
vt 0.73333 0.00000
vt 0.73333 0.00000
vt 0.80000 0.00000
vt 0.80000 0.00000
vt 0.86667 0.00000
vt 0.86667 0.00000
vt 0.93333 0.00000
vt 0.93333 0.00000
vt 1.00000 0.00000
vt 1.00000 0.00000
vt 0.00000 0.12500
vt 0.00000 0.12500
vt 0.06667 0.12500
vt 0.06667 0.12500
vt 0.13333 0.12500
vt 0.13333 0.12500
vt 0.20000 0.12500
vt 0.20000 0.12500
vt 0.26667 0.12500
vt 0.26667 0.12500
vt 0.33333 0.12500
vt 0.33333 0.12500
vt 0.40000 0.12500
vt 0.40000 0.12500
vt 0.46667 0.12500
vt 0.46667 0.12500
vt 0.53333 0.12500
vt 0.53333 0.12500
vt 0.60000 0.12500
vt 0.60000 0.12500
vt 0.66667 0.12500
vt 0.66667 0.12500
vt 0.73333 0.12500
vt 0.73333 0.12500
vt 0.80000 0.12500
vt 0.80000 0.12500
vt 0.86667 0.12500
vt 0.86667 0.12500
vt 0.93333 0.12500
vt 0.93333 0.12500
vt 1.00000 0.12500
vt 1.00000 0.12500
vt 0.00000 0.25000
vt 0.00000 0.25000
vt 0.06667 0.25000
vt 0.06667 0.25000
vt 0.13333 0.25000
vt 0.13333 0.25000
vt 0.20000 0.25000
vt 0.20000 0.25000
vt 0.26667 0.25000
vt 0.26667 0.25000
vt 0.33333 0.25000
vt 0.33333 0.25000
vt 0.40000 0.25000
vt 0.40000 0.25000
vt 0.46667 0.25000
vt 0.46667 0.25000
vt 0.53333 0.25000
vt 0.53333 0.25000
vt 0.60000 0.25000
vt 0.60000 0.25000
vt 0.66667 0.25000
vt 0.66667 0.25000
vt 0.73333 0.25000
vt 0.73333 0.25000
vt 0.80000 0.25000
vt 0.80000 0.25000
vt 0.86667 0.25000
vt 0.86667 0.25000
vt 0.93333 0.25000
vt 0.93333 0.25000
vt 1.00000 0.25000
vt 1.00000 0.25000
vt 0.00000 0.37500
vt 0.00000 0.37500
vt 0.06667 0.37500
vt 0.06667 0.37500
vt 0.13333 0.37500
vt 0.13333 0.37500
vt 0.20000 0.37500
vt 0.20000 0.37500
vt 0.26667 0.37500
vt 0.26667 0.37500
vt 0.33333 0.37500
vt 0.33333 0.37500
vt 0.40000 0.37500
vt 0.40000 0.37500
vt 0.46667 0.37500
vt 0.46667 0.37500
vt 0.53333 0.37500
vt 0.53333 0.37500
vt 0.60000 0.37500
vt 0.60000 0.37500
vt 0.66667 0.37500
vt 0.66667 0.37500
vt 0.73333 0.37500
vt 0.73333 0.37500
vt 0.80000 0.37500
vt 0.80000 0.37500
vt 0.86667 0.37500
vt 0.86667 0.37500
vt 0.93333 0.37500
vt 0.93333 0.37500
vt 1.00000 0.37500
vt 1.00000 0.37500
vt 0.00000 0.50000
vt 0.00000 0.50000
vt 0.06667 0.50000
vt 0.06667 0.50000
vt 0.13333 0.50000
vt 0.13333 0.50000
vt 0.20000 0.50000
vt 0.20000 0.50000
vt 0.26667 0.50000
vt 0.26667 0.50000
vt 0.33333 0.50000
vt 0.33333 0.50000
vt 0.40000 0.50000
vt 0.40000 0.50000
vt 0.46667 0.50000
vt 0.46667 0.50000
vt 0.53333 0.50000
vt 0.53333 0.50000
vt 0.60000 0.50000
vt 0.60000 0.50000
vt 0.66667 0.50000
vt 0.66667 0.50000
vt 0.73333 0.50000
vt 0.73333 0.50000
vt 0.80000 0.50000
vt 0.80000 0.50000
vt 0.86667 0.50000
vt 0.86667 0.50000
vt 0.93333 0.50000
vt 0.93333 0.50000
vt 1.00000 0.50000
vt 1.00000 0.50000
vt 0.00000 0.62500
vt 0.00000 0.62500
vt 0.06667 0.62500
vt 0.06667 0.62500
vt 0.13333 0.62500
vt 0.13333 0.62500
vt 0.20000 0.62500
vt 0.20000 0.62500
vt 0.26667 0.62500
vt 0.26667 0.62500
vt 0.33333 0.62500
vt 0.33333 0.62500
vt 0.40000 0.62500
vt 0.40000 0.62500
vt 0.46667 0.62500
vt 0.46667 0.62500
vt 0.53333 0.62500
vt 0.53333 0.62500
vt 0.60000 0.62500
vt 0.60000 0.62500
vt 0.66667 0.62500
vt 0.66667 0.62500
vt 0.73333 0.62500
vt 0.73333 0.62500
vt 0.80000 0.62500
vt 0.80000 0.62500
vt 0.86667 0.62500
vt 0.86667 0.62500
vt 0.93333 0.62500
vt 0.93333 0.62500
vt 1.00000 0.62500
vt 1.00000 0.62500
vt 0.00000 0.75000
vt 0.00000 0.75000
vt 0.06667 0.75000
vt 0.06667 0.75000
vt 0.13333 0.75000
vt 0.13333 0.75000
vt 0.20000 0.75000
vt 0.20000 0.75000
vt 0.26667 0.75000
vt 0.26667 0.75000
vt 0.33333 0.75000
vt 0.33333 0.75000
vt 0.40000 0.75000
vt 0.40000 0.75000
vt 0.46667 0.75000
vt 0.46667 0.75000
vt 0.53333 0.75000
vt 0.53333 0.75000
vt 0.60000 0.75000
vt 0.60000 0.75000
vt 0.66667 0.75000
vt 0.66667 0.75000
vt 0.73333 0.75000
vt 0.73333 0.75000
vt 0.80000 0.75000
vt 0.80000 0.75000
vt 0.86667 0.75000
vt 0.86667 0.75000
vt 0.93333 0.75000
vt 0.93333 0.75000
vt 1.00000 0.75000
vt 1.00000 0.75000
vt 0.00000 0.87500
vt 0.00000 0.87500
vt 0.06667 0.87500
vt 0.06667 0.87500
vt 0.13333 0.87500
vt 0.13333 0.87500
vt 0.20000 0.87500
vt 0.20000 0.87500
vt 0.26667 0.87500
vt 0.26667 0.87500
vt 0.33333 0.87500
vt 0.33333 0.87500
vt 0.40000 0.87500
vt 0.40000 0.87500
vt 0.46667 0.87500
vt 0.46667 0.87500
vt 0.53333 0.87500
vt 0.53333 0.87500
vt 0.60000 0.87500
vt 0.60000 0.87500
vt 0.66667 0.87500
vt 0.66667 0.87500
vt 0.73333 0.87500
vt 0.73333 0.87500
vt 0.80000 0.87500
vt 0.80000 0.87500
vt 0.86667 0.87500
vt 0.86667 0.87500
vt 0.93333 0.87500
vt 0.93333 0.87500
vt 1.00000 0.87500
vt 1.00000 0.87500
vt 0.00000 1.00000
vt 0.00000 1.00000
vt 0.06667 1.00000
vt 0.06667 1.00000
vt 0.13333 1.00000
vt 0.13333 1.00000
vt 0.20000 1.00000
vt 0.20000 1.00000
vt 0.26667 1.00000
vt 0.26667 1.00000
vt 0.33333 1.00000
vt 0.33333 1.00000
vt 0.40000 1.00000
vt 0.40000 1.00000
vt 0.46667 1.00000
vt 0.46667 1.00000
vt 0.53333 1.00000
vt 0.53333 1.00000
vt 0.60000 1.00000
vt 0.60000 1.00000
vt 0.66667 1.00000
vt 0.66667 1.00000
vt 0.73333 1.00000
vt 0.73333 1.00000
vt 0.80000 1.00000
vt 0.80000 1.00000
vt 0.86667 1.00000
vt 0.86667 1.00000
vt 0.93333 1.00000
vt 0.93333 1.00000
vt 1.00000 1.00000
vt 1.00000 1.00000
vt 0.00000 0.00000
vt 0.14286 0.00000
vt 0.28571 0.00000
vt 0.42857 0.00000
vt 0.57143 0.00000
vt 0.71429 0.00000
vt 0.85714 0.00000
vt 1.00000 0.00000
vt 0.00000 0.25000
vt 0.14286 0.25000
vt 0.28571 0.25000
vt 0.42857 0.25000
vt 0.57143 0.25000
vt 0.71429 0.25000
vt 0.85714 0.25000
vt 1.00000 0.25000
vt 0.00000 0.50000
vt 0.14286 0.50000
vt 0.28571 0.50000
vt 0.42857 0.50000
vt 0.57143 0.50000
vt 0.71429 0.50000
vt 0.85714 0.50000
vt 1.00000 0.50000
vt 0.00000 0.75000
vt 0.14286 0.75000
vt 0.28571 0.75000
vt 0.42857 0.75000
vt 0.57143 0.75000
vt 0.71429 0.75000
vt 0.85714 0.75000
vt 1.00000 0.75000
vt 0.00000 1.00000
vt 0.14286 1.00000
vt 0.28571 1.00000
vt 0.42857 1.00000
vt 0.57143 1.00000
vt 0.71429 1.00000
vt 0.85714 1.00000
vt 1.00000 1.00000
vt 0.00000 0.00000
vt 0.00000 0.00000
vt 0.06667 0.00000
vt 0.06667 0.00000
vt 0.13333 0.00000
vt 0.13333 0.00000
vt 0.20000 0.00000
vt 0.20000 0.00000
vt 0.26667 0.00000
vt 0.26667 0.00000
vt 0.33333 0.00000
vt 0.33333 0.00000
vt 0.40000 0.00000
vt 0.40000 0.00000
vt 0.46667 0.00000
vt 0.46667 0.00000
vt 0.53333 0.00000
vt 0.53333 0.00000
vt 0.60000 0.00000
vt 0.60000 0.00000
vt 0.66667 0.00000
vt 0.66667 0.00000
vt 0.73333 0.00000
vt 0.73333 0.00000
vt 0.80000 0.00000
vt 0.80000 0.00000
vt 0.86667 0.00000
vt 0.86667 0.00000
vt 0.93333 0.00000
vt 0.93333 0.00000
vt 1.00000 0.00000
vt 1.00000 0.00000
vt 0.00000 0.12500
vt 0.00000 0.12500
vt 0.06667 0.12500
vt 0.06667 0.12500
vt 0.13333 0.12500
vt 0.13333 0.12500
vt 0.20000 0.12500
vt 0.20000 0.12500
vt 0.26667 0.12500
vt 0.26667 0.12500
vt 0.33333 0.12500
vt 0.33333 0.12500
vt 0.40000 0.12500
vt 0.40000 0.12500
vt 0.46667 0.12500
vt 0.46667 0.12500
vt 0.53333 0.12500
vt 0.53333 0.12500
vt 0.60000 0.12500
vt 0.60000 0.12500
vt 0.66667 0.12500
vt 0.66667 0.12500
vt 0.73333 0.12500
vt 0.73333 0.12500
vt 0.80000 0.12500
vt 0.80000 0.12500
vt 0.86667 0.12500
vt 0.86667 0.12500
vt 0.93333 0.12500
vt 0.93333 0.12500
vt 1.00000 0.12500
vt 1.00000 0.12500
vt 0.00000 0.25000
vt 0.00000 0.25000
vt 0.06667 0.25000
vt 0.06667 0.25000
vt 0.13333 0.25000
vt 0.13333 0.25000
vt 0.20000 0.25000
vt 0.20000 0.25000
vt 0.26667 0.25000
vt 0.26667 0.25000
vt 0.33333 0.25000
vt 0.33333 0.25000
vt 0.40000 0.25000
vt 0.40000 0.25000
vt 0.46667 0.25000
vt 0.46667 0.25000
vt 0.53333 0.25000
vt 0.53333 0.25000
vt 0.60000 0.25000
vt 0.60000 0.25000
vt 0.66667 0.25000
vt 0.66667 0.25000
vt 0.73333 0.25000
vt 0.73333 0.25000
vt 0.80000 0.25000
vt 0.80000 0.25000
vt 0.86667 0.25000
vt 0.86667 0.25000
vt 0.93333 0.25000
vt 0.93333 0.25000
vt 1.00000 0.25000
vt 1.00000 0.25000
vt 0.00000 0.37500
vt 0.00000 0.37500
vt 0.06667 0.37500
vt 0.06667 0.37500
vt 0.13333 0.37500
vt 0.13333 0.37500
vt 0.20000 0.37500
vt 0.20000 0.37500
vt 0.26667 0.37500
vt 0.26667 0.37500
vt 0.33333 0.37500
vt 0.33333 0.37500
vt 0.40000 0.37500
vt 0.40000 0.37500
vt 0.46667 0.37500
vt 0.46667 0.37500
vt 0.53333 0.37500
vt 0.53333 0.37500
vt 0.60000 0.37500
vt 0.60000 0.37500
vt 0.66667 0.37500
vt 0.66667 0.37500
vt 0.73333 0.37500
vt 0.73333 0.37500
vt 0.80000 0.37500
vt 0.80000 0.37500
vt 0.86667 0.37500
vt 0.86667 0.37500
vt 0.93333 0.37500
vt 0.93333 0.37500
vt 1.00000 0.37500
vt 1.00000 0.37500
vt 0.00000 0.50000
vt 0.00000 0.50000
vt 0.06667 0.50000
vt 0.06667 0.50000
vt 0.13333 0.50000
vt 0.13333 0.50000
vt 0.20000 0.50000
vt 0.20000 0.50000
vt 0.26667 0.50000
vt 0.26667 0.50000
vt 0.33333 0.50000
vt 0.33333 0.50000
vt 0.40000 0.50000
vt 0.40000 0.50000
vt 0.46667 0.50000
vt 0.46667 0.50000
vt 0.53333 0.50000
vt 0.53333 0.50000
vt 0.60000 0.50000
vt 0.60000 0.50000
vt 0.66667 0.50000
vt 0.66667 0.50000
vt 0.73333 0.50000
vt 0.73333 0.50000
vt 0.80000 0.50000
vt 0.80000 0.50000
vt 0.86667 0.50000
vt 0.86667 0.50000
vt 0.93333 0.50000
vt 0.93333 0.50000
vt 1.00000 0.50000
vt 1.00000 0.50000
vt 0.00000 0.62500
vt 0.00000 0.62500
vt 0.06667 0.62500
vt 0.06667 0.62500
vt 0.13333 0.62500
vt 0.13333 0.62500
vt 0.20000 0.62500
vt 0.20000 0.62500
vt 0.26667 0.62500
vt 0.26667 0.62500
vt 0.33333 0.62500
vt 0.33333 0.62500
vt 0.40000 0.62500
vt 0.40000 0.62500
vt 0.46667 0.62500
vt 0.46667 0.62500
vt 0.53333 0.62500
vt 0.53333 0.62500
vt 0.60000 0.62500
vt 0.60000 0.62500
vt 0.66667 0.62500
vt 0.66667 0.62500
vt 0.73333 0.62500
vt 0.73333 0.62500
vt 0.80000 0.62500
vt 0.80000 0.62500
vt 0.86667 0.62500
vt 0.86667 0.62500
vt 0.93333 0.62500
vt 0.93333 0.62500
vt 1.00000 0.62500
vt 1.00000 0.62500
vt 0.00000 0.75000
vt 0.00000 0.75000
vt 0.06667 0.75000
vt 0.06667 0.75000
vt 0.13333 0.75000
vt 0.13333 0.75000
vt 0.20000 0.75000
vt 0.20000 0.75000
vt 0.26667 0.75000
vt 0.26667 0.75000
vt 0.33333 0.75000
vt 0.33333 0.75000
vt 0.40000 0.75000
vt 0.40000 0.75000
vt 0.46667 0.75000
vt 0.46667 0.75000
vt 0.53333 0.75000
vt 0.53333 0.75000
vt 0.60000 0.75000
vt 0.60000 0.75000
vt 0.66667 0.75000
vt 0.66667 0.75000
vt 0.73333 0.75000
vt 0.73333 0.75000
vt 0.80000 0.75000
vt 0.80000 0.75000
vt 0.86667 0.75000
vt 0.86667 0.75000
vt 0.93333 0.75000
vt 0.93333 0.75000
vt 1.00000 0.75000
vt 1.00000 0.75000
vt 0.00000 0.87500
vt 0.00000 0.87500
vt 0.06667 0.87500
vt 0.06667 0.87500
vt 0.13333 0.87500
vt 0.13333 0.87500
vt 0.20000 0.87500
vt 0.20000 0.87500
vt 0.26667 0.87500
vt 0.26667 0.87500
vt 0.33333 0.87500
vt 0.33333 0.87500
vt 0.40000 0.87500
vt 0.40000 0.87500
vt 0.46667 0.87500
vt 0.46667 0.87500
vt 0.53333 0.87500
vt 0.53333 0.87500
vt 0.60000 0.87500
vt 0.60000 0.87500
vt 0.66667 0.87500
vt 0.66667 0.87500
vt 0.73333 0.87500
vt 0.73333 0.87500
vt 0.80000 0.87500
vt 0.80000 0.87500
vt 0.86667 0.87500
vt 0.86667 0.87500
vt 0.93333 0.87500
vt 0.93333 0.87500
vt 1.00000 0.87500
vt 1.00000 0.87500
vt 0.00000 1.00000
vt 0.00000 1.00000
vt 0.06667 1.00000
vt 0.06667 1.00000
vt 0.13333 1.00000
vt 0.13333 1.00000
vt 0.20000 1.00000
vt 0.20000 1.00000
vt 0.26667 1.00000
vt 0.26667 1.00000
vt 0.33333 1.00000
vt 0.33333 1.00000
vt 0.40000 1.00000
vt 0.40000 1.00000
vt 0.46667 1.00000
vt 0.46667 1.00000
vt 0.53333 1.00000
vt 0.53333 1.00000
vt 0.60000 1.00000
vt 0.60000 1.00000
vt 0.66667 1.00000
vt 0.66667 1.00000
vt 0.73333 1.00000
vt 0.73333 1.00000
vt 0.80000 1.00000
vt 0.80000 1.00000
vt 0.86667 1.00000
vt 0.86667 1.00000
vt 0.93333 1.00000
vt 0.93333 1.00000
vt 1.00000 1.00000
vt 1.00000 1.00000
vt 0.00000 0.00000
vt 0.14286 0.00000
vt 0.28571 0.00000
vt 0.42857 0.00000
vt 0.57143 0.00000
vt 0.71429 0.00000
vt 0.85714 0.00000
vt 1.00000 0.00000
vt 0.00000 0.25000
vt 0.14286 0.25000
vt 0.28571 0.25000
vt 0.42857 0.25000
vt 0.57143 0.25000
vt 0.71429 0.25000
vt 0.85714 0.25000
vt 1.00000 0.25000
vt 0.00000 0.50000
vt 0.14286 0.50000
vt 0.28571 0.50000
vt 0.42857 0.50000
vt 0.57143 0.50000
vt 0.71429 0.50000
vt 0.85714 0.50000
vt 1.00000 0.50000
vt 0.00000 0.75000
vt 0.14286 0.75000
vt 0.28571 0.75000
vt 0.42857 0.75000
vt 0.57143 0.75000
vt 0.71429 0.75000
vt 0.85714 0.75000
vt 1.00000 0.75000
vt 0.00000 1.00000
vt 0.14286 1.00000
vt 0.28571 1.00000
vt 0.42857 1.00000
vt 0.57143 1.00000
vt 0.71429 1.00000
vt 0.85714 1.00000
vt 1.00000 1.00000
vt 0.00000 0.00000
vt 0.00000 0.00000
vt 0.06667 0.00000
vt 0.06667 0.00000
vt 0.13333 0.00000
vt 0.13333 0.00000
vt 0.20000 0.00000
vt 0.20000 0.00000
vt 0.26667 0.00000
vt 0.26667 0.00000
vt 0.33333 0.00000
vt 0.33333 0.00000
vt 0.40000 0.00000
vt 0.40000 0.00000
vt 0.46667 0.00000
vt 0.46667 0.00000
vt 0.53333 0.00000
vt 0.53333 0.00000
vt 0.60000 0.00000
vt 0.60000 0.00000
vt 0.66667 0.00000
vt 0.66667 0.00000
vt 0.73333 0.00000
vt 0.73333 0.00000
vt 0.80000 0.00000
vt 0.80000 0.00000
vt 0.86667 0.00000
vt 0.86667 0.00000
vt 0.93333 0.00000
vt 0.93333 0.00000
vt 1.00000 0.00000
vt 1.00000 0.00000
vt 0.00000 0.12500
vt 0.00000 0.12500
vt 0.06667 0.12500
vt 0.06667 0.12500
vt 0.13333 0.12500
vt 0.13333 0.12500
vt 0.20000 0.12500
vt 0.20000 0.12500
vt 0.26667 0.12500
vt 0.26667 0.12500
vt 0.33333 0.12500
vt 0.33333 0.12500
vt 0.40000 0.12500
vt 0.40000 0.12500
vt 0.46667 0.12500
vt 0.46667 0.12500
vt 0.53333 0.12500
vt 0.53333 0.12500
vt 0.60000 0.12500
vt 0.60000 0.12500
vt 0.66667 0.12500
vt 0.66667 0.12500
vt 0.73333 0.12500
vt 0.73333 0.12500
vt 0.80000 0.12500
vt 0.80000 0.12500
vt 0.86667 0.12500
vt 0.86667 0.12500
vt 0.93333 0.12500
vt 0.93333 0.12500
vt 1.00000 0.12500
vt 1.00000 0.12500
vt 0.00000 0.25000
vt 0.00000 0.25000
vt 0.06667 0.25000
vt 0.06667 0.25000
vt 0.13333 0.25000
vt 0.13333 0.25000
vt 0.20000 0.25000
vt 0.20000 0.25000
vt 0.26667 0.25000
vt 0.26667 0.25000
vt 0.33333 0.25000
vt 0.33333 0.25000
vt 0.40000 0.25000
vt 0.40000 0.25000
vt 0.46667 0.25000
vt 0.46667 0.25000
vt 0.53333 0.25000
vt 0.53333 0.25000
vt 0.60000 0.25000
vt 0.60000 0.25000
vt 0.66667 0.25000
vt 0.66667 0.25000
vt 0.73333 0.25000
vt 0.73333 0.25000
vt 0.80000 0.25000
vt 0.80000 0.25000
vt 0.86667 0.25000
vt 0.86667 0.25000
vt 0.93333 0.25000
vt 0.93333 0.25000
vt 1.00000 0.25000
vt 1.00000 0.25000
vt 0.00000 0.37500
vt 0.00000 0.37500
vt 0.06667 0.37500
vt 0.06667 0.37500
vt 0.13333 0.37500
vt 0.13333 0.37500
vt 0.20000 0.37500
vt 0.20000 0.37500
vt 0.26667 0.37500
vt 0.26667 0.37500
vt 0.33333 0.37500
vt 0.33333 0.37500
vt 0.40000 0.37500
vt 0.40000 0.37500
vt 0.46667 0.37500
vt 0.46667 0.37500
vt 0.53333 0.37500
vt 0.53333 0.37500
vt 0.60000 0.37500
vt 0.60000 0.37500
vt 0.66667 0.37500
vt 0.66667 0.37500
vt 0.73333 0.37500
vt 0.73333 0.37500
vt 0.80000 0.37500
vt 0.80000 0.37500
vt 0.86667 0.37500
vt 0.86667 0.37500
vt 0.93333 0.37500
vt 0.93333 0.37500
vt 1.00000 0.37500
vt 1.00000 0.37500
vt 0.00000 0.50000
vt 0.00000 0.50000
vt 0.06667 0.50000
vt 0.06667 0.50000
vt 0.13333 0.50000
vt 0.13333 0.50000
vt 0.20000 0.50000
vt 0.20000 0.50000
vt 0.26667 0.50000
vt 0.26667 0.50000
vt 0.33333 0.50000
vt 0.33333 0.50000
vt 0.40000 0.50000
vt 0.40000 0.50000
vt 0.46667 0.50000
vt 0.46667 0.50000
vt 0.53333 0.50000
vt 0.53333 0.50000
vt 0.60000 0.50000
vt 0.60000 0.50000
vt 0.66667 0.50000
vt 0.66667 0.50000
vt 0.73333 0.50000
vt 0.73333 0.50000
vt 0.80000 0.50000
vt 0.80000 0.50000
vt 0.86667 0.50000
vt 0.86667 0.50000
vt 0.93333 0.50000
vt 0.93333 0.50000
vt 1.00000 0.50000
vt 1.00000 0.50000
vt 0.00000 0.62500
vt 0.00000 0.62500
vt 0.06667 0.62500
vt 0.06667 0.62500
vt 0.13333 0.62500
vt 0.13333 0.62500
vt 0.20000 0.62500
vt 0.20000 0.62500
vt 0.26667 0.62500
vt 0.26667 0.62500
vt 0.33333 0.62500
vt 0.33333 0.62500
vt 0.40000 0.62500
vt 0.40000 0.62500
vt 0.46667 0.62500
vt 0.46667 0.62500
vt 0.53333 0.62500
vt 0.53333 0.62500
vt 0.60000 0.62500
vt 0.60000 0.62500
vt 0.66667 0.62500
vt 0.66667 0.62500
vt 0.73333 0.62500
vt 0.73333 0.62500
vt 0.80000 0.62500
vt 0.80000 0.62500
vt 0.86667 0.62500
vt 0.86667 0.62500
vt 0.93333 0.62500
vt 0.93333 0.62500
vt 1.00000 0.62500
vt 1.00000 0.62500
vt 0.00000 0.75000
vt 0.00000 0.75000
vt 0.06667 0.75000
vt 0.06667 0.75000
vt 0.13333 0.75000
vt 0.13333 0.75000
vt 0.20000 0.75000
vt 0.20000 0.75000
vt 0.26667 0.75000
vt 0.26667 0.75000
vt 0.33333 0.75000
vt 0.33333 0.75000
vt 0.40000 0.75000
vt 0.40000 0.75000
vt 0.46667 0.75000
vt 0.46667 0.75000
vt 0.53333 0.75000
vt 0.53333 0.75000
vt 0.60000 0.75000
vt 0.60000 0.75000
vt 0.66667 0.75000
vt 0.66667 0.75000
vt 0.73333 0.75000
vt 0.73333 0.75000
vt 0.80000 0.75000
vt 0.80000 0.75000
vt 0.86667 0.75000
vt 0.86667 0.75000
vt 0.93333 0.75000
vt 0.93333 0.75000
vt 1.00000 0.75000
vt 1.00000 0.75000
vt 0.00000 0.87500
vt 0.00000 0.87500
vt 0.06667 0.87500
vt 0.06667 0.87500
vt 0.13333 0.87500
vt 0.13333 0.87500
vt 0.20000 0.87500
vt 0.20000 0.87500
vt 0.26667 0.87500
vt 0.26667 0.87500
vt 0.33333 0.87500
vt 0.33333 0.87500
vt 0.40000 0.87500
vt 0.40000 0.87500
vt 0.46667 0.87500
vt 0.46667 0.87500
vt 0.53333 0.87500
vt 0.53333 0.87500
vt 0.60000 0.87500
vt 0.60000 0.87500
vt 0.66667 0.87500
vt 0.66667 0.87500
vt 0.73333 0.87500
vt 0.73333 0.87500
vt 0.80000 0.87500
vt 0.80000 0.87500
vt 0.86667 0.87500
vt 0.86667 0.87500
vt 0.93333 0.87500
vt 0.93333 0.87500
vt 1.00000 0.87500
vt 1.00000 0.87500
vt 0.00000 1.00000
vt 0.00000 1.00000
vt 0.06667 1.00000
vt 0.06667 1.00000
vt 0.13333 1.00000
vt 0.13333 1.00000
vt 0.20000 1.00000
vt 0.20000 1.00000
vt 0.26667 1.00000
vt 0.26667 1.00000
vt 0.33333 1.00000
vt 0.33333 1.00000
vt 0.40000 1.00000
vt 0.40000 1.00000
vt 0.46667 1.00000
vt 0.46667 1.00000
vt 0.53333 1.00000
vt 0.53333 1.00000
vt 0.60000 1.00000
vt 0.60000 1.00000
vt 0.66667 1.00000
vt 0.66667 1.00000
vt 0.73333 1.00000
vt 0.73333 1.00000
vt 0.80000 1.00000
vt 0.80000 1.00000
vt 0.86667 1.00000
vt 0.86667 1.00000
vt 0.93333 1.00000
vt 0.93333 1.00000
vt 1.00000 1.00000
vt 1.00000 1.00000
vt 0.00000 0.00000
vt 0.14286 0.00000
vt 0.28571 0.00000
vt 0.42857 0.00000
vt 0.57143 0.00000
vt 0.71429 0.00000
vt 0.85714 0.00000
vt 1.00000 0.00000
vt 0.00000 0.25000
vt 0.14286 0.25000
vt 0.28571 0.25000
vt 0.42857 0.25000
vt 0.57143 0.25000
vt 0.71429 0.25000
vt 0.85714 0.25000
vt 1.00000 0.25000
vt 0.00000 0.50000
vt 0.14286 0.50000
vt 0.28571 0.50000
vt 0.42857 0.50000
vt 0.57143 0.50000
vt 0.71429 0.50000
vt 0.85714 0.50000
vt 1.00000 0.50000
vt 0.00000 0.75000
vt 0.14286 0.75000
vt 0.28571 0.75000
vt 0.42857 0.75000
vt 0.57143 0.75000
vt 0.71429 0.75000
vt 0.85714 0.75000
vt 1.00000 0.75000
vt 0.00000 1.00000
vt 0.14286 1.00000
vt 0.28571 1.00000
vt 0.42857 1.00000
vt 0.57143 1.00000
vt 0.71429 1.00000
vt 0.85714 1.00000
vt 1.00000 1.00000
vt 0.00000 0.00000
vt 0.00000 0.00000
vt 0.06667 0.00000
vt 0.06667 0.00000
vt 0.13333 0.00000
vt 0.13333 0.00000
vt 0.20000 0.00000
vt 0.20000 0.00000
vt 0.26667 0.00000
vt 0.26667 0.00000
vt 0.33333 0.00000
vt 0.33333 0.00000
vt 0.40000 0.00000
vt 0.40000 0.00000
vt 0.46667 0.00000
vt 0.46667 0.00000
vt 0.53333 0.00000
vt 0.53333 0.00000
vt 0.60000 0.00000
vt 0.60000 0.00000
vt 0.66667 0.00000
vt 0.66667 0.00000
vt 0.73333 0.00000
vt 0.73333 0.00000
vt 0.80000 0.00000
vt 0.80000 0.00000
vt 0.86667 0.00000
vt 0.86667 0.00000
vt 0.93333 0.00000
vt 0.93333 0.00000
vt 1.00000 0.00000
vt 1.00000 0.00000
vt 0.00000 0.12500
vt 0.00000 0.12500
vt 0.06667 0.12500
vt 0.06667 0.12500
vt 0.13333 0.12500
vt 0.13333 0.12500
vt 0.20000 0.12500
vt 0.20000 0.12500
vt 0.26667 0.12500
vt 0.26667 0.12500
vt 0.33333 0.12500
vt 0.33333 0.12500
vt 0.40000 0.12500
vt 0.40000 0.12500
vt 0.46667 0.12500
vt 0.46667 0.12500
vt 0.53333 0.12500
vt 0.53333 0.12500
vt 0.60000 0.12500
vt 0.60000 0.12500
vt 0.66667 0.12500
vt 0.66667 0.12500
vt 0.73333 0.12500
vt 0.73333 0.12500
vt 0.80000 0.12500
vt 0.80000 0.12500
vt 0.86667 0.12500
vt 0.86667 0.12500
vt 0.93333 0.12500
vt 0.93333 0.12500
vt 1.00000 0.12500
vt 1.00000 0.12500
vt 0.00000 0.25000
vt 0.00000 0.25000
vt 0.06667 0.25000
vt 0.06667 0.25000
vt 0.13333 0.25000
vt 0.13333 0.25000
vt 0.20000 0.25000
vt 0.20000 0.25000
vt 0.26667 0.25000
vt 0.26667 0.25000
vt 0.33333 0.25000
vt 0.33333 0.25000
vt 0.40000 0.25000
vt 0.40000 0.25000
vt 0.46667 0.25000
vt 0.46667 0.25000
vt 0.53333 0.25000
vt 0.53333 0.25000
vt 0.60000 0.25000
vt 0.60000 0.25000
vt 0.66667 0.25000
vt 0.66667 0.25000
vt 0.73333 0.25000
vt 0.73333 0.25000
vt 0.80000 0.25000
vt 0.80000 0.25000
vt 0.86667 0.25000
vt 0.86667 0.25000
vt 0.93333 0.25000
vt 0.93333 0.25000
vt 1.00000 0.25000
vt 1.00000 0.25000
vt 0.00000 0.37500
vt 0.00000 0.37500
vt 0.06667 0.37500
vt 0.06667 0.37500
vt 0.13333 0.37500
vt 0.13333 0.37500
vt 0.20000 0.37500
vt 0.20000 0.37500
vt 0.26667 0.37500
vt 0.26667 0.37500
vt 0.33333 0.37500
vt 0.33333 0.37500
vt 0.40000 0.37500
vt 0.40000 0.37500
vt 0.46667 0.37500
vt 0.46667 0.37500
vt 0.53333 0.37500
vt 0.53333 0.37500
vt 0.60000 0.37500
vt 0.60000 0.37500
vt 0.66667 0.37500
vt 0.66667 0.37500
vt 0.73333 0.37500
vt 0.73333 0.37500
vt 0.80000 0.37500
vt 0.80000 0.37500
vt 0.86667 0.37500
vt 0.86667 0.37500
vt 0.93333 0.37500
vt 0.93333 0.37500
vt 1.00000 0.37500
vt 1.00000 0.37500
vt 0.00000 0.50000
vt 0.00000 0.50000
vt 0.06667 0.50000
vt 0.06667 0.50000
vt 0.13333 0.50000
vt 0.13333 0.50000
vt 0.20000 0.50000
vt 0.20000 0.50000
vt 0.26667 0.50000
vt 0.26667 0.50000
vt 0.33333 0.50000
vt 0.33333 0.50000
vt 0.40000 0.50000
vt 0.40000 0.50000
vt 0.46667 0.50000
vt 0.46667 0.50000
vt 0.53333 0.50000
vt 0.53333 0.50000
vt 0.60000 0.50000
vt 0.60000 0.50000
vt 0.66667 0.50000
vt 0.66667 0.50000
vt 0.73333 0.50000
vt 0.73333 0.50000
vt 0.80000 0.50000
vt 0.80000 0.50000
vt 0.86667 0.50000
vt 0.86667 0.50000
vt 0.93333 0.50000
vt 0.93333 0.50000
vt 1.00000 0.50000
vt 1.00000 0.50000
vt 0.00000 0.62500
vt 0.00000 0.62500
vt 0.06667 0.62500
vt 0.06667 0.62500
vt 0.13333 0.62500
vt 0.13333 0.62500
vt 0.20000 0.62500
vt 0.20000 0.62500
vt 0.26667 0.62500
vt 0.26667 0.62500
vt 0.33333 0.62500
vt 0.33333 0.62500
vt 0.40000 0.62500
vt 0.40000 0.62500
vt 0.46667 0.62500
vt 0.46667 0.62500
vt 0.53333 0.62500
vt 0.53333 0.62500
vt 0.60000 0.62500
vt 0.60000 0.62500
vt 0.66667 0.62500
vt 0.66667 0.62500
vt 0.73333 0.62500
vt 0.73333 0.62500
vt 0.80000 0.62500
vt 0.80000 0.62500
vt 0.86667 0.62500
vt 0.86667 0.62500
vt 0.93333 0.62500
vt 0.93333 0.62500
vt 1.00000 0.62500
vt 1.00000 0.62500
vt 0.00000 0.75000
vt 0.00000 0.75000
vt 0.06667 0.75000
vt 0.06667 0.75000
vt 0.13333 0.75000
vt 0.13333 0.75000
vt 0.20000 0.75000
vt 0.20000 0.75000
vt 0.26667 0.75000
vt 0.26667 0.75000
vt 0.33333 0.75000
vt 0.33333 0.75000
vt 0.40000 0.75000
vt 0.40000 0.75000
vt 0.46667 0.75000
vt 0.46667 0.75000
vt 0.53333 0.75000
vt 0.53333 0.75000
vt 0.60000 0.75000
vt 0.60000 0.75000
vt 0.66667 0.75000
vt 0.66667 0.75000
vt 0.73333 0.75000
vt 0.73333 0.75000
vt 0.80000 0.75000
vt 0.80000 0.75000
vt 0.86667 0.75000
vt 0.86667 0.75000
vt 0.93333 0.75000
vt 0.93333 0.75000
vt 1.00000 0.75000
vt 1.00000 0.75000
vt 0.00000 0.87500
vt 0.00000 0.87500
vt 0.06667 0.87500
vt 0.06667 0.87500
vt 0.13333 0.87500
vt 0.13333 0.87500
vt 0.20000 0.87500
vt 0.20000 0.87500
vt 0.26667 0.87500
vt 0.26667 0.87500
vt 0.33333 0.87500
vt 0.33333 0.87500
vt 0.40000 0.87500
vt 0.40000 0.87500
vt 0.46667 0.87500
vt 0.46667 0.87500
vt 0.53333 0.87500
vt 0.53333 0.87500
vt 0.60000 0.87500
vt 0.60000 0.87500
vt 0.66667 0.87500
vt 0.66667 0.87500
vt 0.73333 0.87500
vt 0.73333 0.87500
vt 0.80000 0.87500
vt 0.80000 0.87500
vt 0.86667 0.87500
vt 0.86667 0.87500
vt 0.93333 0.87500
vt 0.93333 0.87500
vt 1.00000 0.87500
vt 1.00000 0.87500
vt 0.00000 1.00000
vt 0.00000 1.00000
vt 0.06667 1.00000
vt 0.06667 1.00000
vt 0.13333 1.00000
vt 0.13333 1.00000
vt 0.20000 1.00000
vt 0.20000 1.00000
vt 0.26667 1.00000
vt 0.26667 1.00000
vt 0.33333 1.00000
vt 0.33333 1.00000
vt 0.40000 1.00000
vt 0.40000 1.00000
vt 0.46667 1.00000
vt 0.46667 1.00000
vt 0.53333 1.00000
vt 0.53333 1.00000
vt 0.60000 1.00000
vt 0.60000 1.00000
vt 0.66667 1.00000
vt 0.66667 1.00000
vt 0.73333 1.00000
vt 0.73333 1.00000
vt 0.80000 1.00000
vt 0.80000 1.00000
vt 0.86667 1.00000
vt 0.86667 1.00000
vt 0.93333 1.00000
vt 0.93333 1.00000
vt 1.00000 1.00000
vt 1.00000 1.00000
vt 0.00000 0.00000
vt 0.14286 0.00000
vt 0.28571 0.00000
vt 0.42857 0.00000
vt 0.57143 0.00000
vt 0.71429 0.00000
vt 0.85714 0.00000
vt 1.00000 0.00000
vt 0.00000 0.25000
vt 0.14286 0.25000
vt 0.28571 0.25000
vt 0.42857 0.25000
vt 0.57143 0.25000
vt 0.71429 0.25000
vt 0.85714 0.25000
vt 1.00000 0.25000
vt 0.00000 0.50000
vt 0.14286 0.50000
vt 0.28571 0.50000
vt 0.42857 0.50000
vt 0.57143 0.50000
vt 0.71429 0.50000
vt 0.85714 0.50000
vt 1.00000 0.50000
vt 0.00000 0.75000
vt 0.14286 0.75000
vt 0.28571 0.75000
vt 0.42857 0.75000
vt 0.57143 0.75000
vt 0.71429 0.75000
vt 0.85714 0.75000
vt 1.00000 0.75000
vt 0.00000 1.00000
vt 0.14286 1.00000
vt 0.28571 1.00000
vt 0.42857 1.00000
vt 0.57143 1.00000
vt 0.71429 1.00000
vt 0.85714 1.00000
vt 1.00000 1.00000
vt 0.00000 0.00000
vt 0.00000 0.00000
vt 0.06667 0.00000
vt 0.06667 0.00000
vt 0.13333 0.00000
vt 0.13333 0.00000
vt 0.20000 0.00000
vt 0.20000 0.00000
vt 0.26667 0.00000
vt 0.26667 0.00000
vt 0.33333 0.00000
vt 0.33333 0.00000
vt 0.40000 0.00000
vt 0.40000 0.00000
vt 0.46667 0.00000
vt 0.46667 0.00000
vt 0.53333 0.00000
vt 0.53333 0.00000
vt 0.60000 0.00000
vt 0.60000 0.00000
vt 0.66667 0.00000
vt 0.66667 0.00000
vt 0.73333 0.00000
vt 0.73333 0.00000
vt 0.80000 0.00000
vt 0.80000 0.00000
vt 0.86667 0.00000
vt 0.86667 0.00000
vt 0.93333 0.00000
vt 0.93333 0.00000
vt 1.00000 0.00000
vt 1.00000 0.00000
vt 0.00000 0.12500
vt 0.00000 0.12500
vt 0.06667 0.12500
vt 0.06667 0.12500
vt 0.13333 0.12500
vt 0.13333 0.12500
vt 0.20000 0.12500
vt 0.20000 0.12500
vt 0.26667 0.12500
vt 0.26667 0.12500
vt 0.33333 0.12500
vt 0.33333 0.12500
vt 0.40000 0.12500
vt 0.40000 0.12500
vt 0.46667 0.12500
vt 0.46667 0.12500
vt 0.53333 0.12500
vt 0.53333 0.12500
vt 0.60000 0.12500
vt 0.60000 0.12500
vt 0.66667 0.12500
vt 0.66667 0.12500
vt 0.73333 0.12500
vt 0.73333 0.12500
vt 0.80000 0.12500
vt 0.80000 0.12500
vt 0.86667 0.12500
vt 0.86667 0.12500
vt 0.93333 0.12500
vt 0.93333 0.12500
vt 1.00000 0.12500
vt 1.00000 0.12500
vt 0.00000 0.25000
vt 0.00000 0.25000
vt 0.06667 0.25000
vt 0.06667 0.25000
vt 0.13333 0.25000
vt 0.13333 0.25000
vt 0.20000 0.25000
vt 0.20000 0.25000
vt 0.26667 0.25000
vt 0.26667 0.25000
vt 0.33333 0.25000
vt 0.33333 0.25000
vt 0.40000 0.25000
vt 0.40000 0.25000
vt 0.46667 0.25000
vt 0.46667 0.25000
vt 0.53333 0.25000
vt 0.53333 0.25000
vt 0.60000 0.25000
vt 0.60000 0.25000
vt 0.66667 0.25000
vt 0.66667 0.25000
vt 0.73333 0.25000
vt 0.73333 0.25000
vt 0.80000 0.25000
vt 0.80000 0.25000
vt 0.86667 0.25000
vt 0.86667 0.25000
vt 0.93333 0.25000
vt 0.93333 0.25000
vt 1.00000 0.25000
vt 1.00000 0.25000
vt 0.00000 0.37500
vt 0.00000 0.37500
vt 0.06667 0.37500
vt 0.06667 0.37500
vt 0.13333 0.37500
vt 0.13333 0.37500
vt 0.20000 0.37500
vt 0.20000 0.37500
vt 0.26667 0.37500
vt 0.26667 0.37500
vt 0.33333 0.37500
vt 0.33333 0.37500
vt 0.40000 0.37500
vt 0.40000 0.37500
vt 0.46667 0.37500
vt 0.46667 0.37500
vt 0.53333 0.37500
vt 0.53333 0.37500
vt 0.60000 0.37500
vt 0.60000 0.37500
vt 0.66667 0.37500
vt 0.66667 0.37500
vt 0.73333 0.37500
vt 0.73333 0.37500
vt 0.80000 0.37500
vt 0.80000 0.37500
vt 0.86667 0.37500
vt 0.86667 0.37500
vt 0.93333 0.37500
vt 0.93333 0.37500
vt 1.00000 0.37500
vt 1.00000 0.37500
vt 0.00000 0.50000
vt 0.00000 0.50000
vt 0.06667 0.50000
vt 0.06667 0.50000
vt 0.13333 0.50000
vt 0.13333 0.50000
vt 0.20000 0.50000
vt 0.20000 0.50000
vt 0.26667 0.50000
vt 0.26667 0.50000
vt 0.33333 0.50000
vt 0.33333 0.50000
vt 0.40000 0.50000
vt 0.40000 0.50000
vt 0.46667 0.50000
vt 0.46667 0.50000
vt 0.53333 0.50000
vt 0.53333 0.50000
vt 0.60000 0.50000
vt 0.60000 0.50000
vt 0.66667 0.50000
vt 0.66667 0.50000
vt 0.73333 0.50000
vt 0.73333 0.50000
vt 0.80000 0.50000
vt 0.80000 0.50000
vt 0.86667 0.50000
vt 0.86667 0.50000
vt 0.93333 0.50000
vt 0.93333 0.50000
vt 1.00000 0.50000
vt 1.00000 0.50000
vt 0.00000 0.62500
vt 0.00000 0.62500
vt 0.06667 0.62500
vt 0.06667 0.62500
vt 0.13333 0.62500
vt 0.13333 0.62500
vt 0.20000 0.62500
vt 0.20000 0.62500
vt 0.26667 0.62500
vt 0.26667 0.62500
vt 0.33333 0.62500
vt 0.33333 0.62500
vt 0.40000 0.62500
vt 0.40000 0.62500
vt 0.46667 0.62500
vt 0.46667 0.62500
vt 0.53333 0.62500
vt 0.53333 0.62500
vt 0.60000 0.62500
vt 0.60000 0.62500
vt 0.66667 0.62500
vt 0.66667 0.62500
vt 0.73333 0.62500
vt 0.73333 0.62500
vt 0.80000 0.62500
vt 0.80000 0.62500
vt 0.86667 0.62500
vt 0.86667 0.62500
vt 0.93333 0.62500
vt 0.93333 0.62500
vt 1.00000 0.62500
vt 1.00000 0.62500
vt 0.00000 0.75000
vt 0.00000 0.75000
vt 0.06667 0.75000
vt 0.06667 0.75000
vt 0.13333 0.75000
vt 0.13333 0.75000
vt 0.20000 0.75000
vt 0.20000 0.75000
vt 0.26667 0.75000
vt 0.26667 0.75000
vt 0.33333 0.75000
vt 0.33333 0.75000
vt 0.40000 0.75000
vt 0.40000 0.75000
vt 0.46667 0.75000
vt 0.46667 0.75000
vt 0.53333 0.75000
vt 0.53333 0.75000
vt 0.60000 0.75000
vt 0.60000 0.75000
vt 0.66667 0.75000
vt 0.66667 0.75000
vt 0.73333 0.75000
vt 0.73333 0.75000
vt 0.80000 0.75000
vt 0.80000 0.75000
vt 0.86667 0.75000
vt 0.86667 0.75000
vt 0.93333 0.75000
vt 0.93333 0.75000
vt 1.00000 0.75000
vt 1.00000 0.75000
vt 0.00000 0.87500
vt 0.00000 0.87500
vt 0.06667 0.87500
vt 0.06667 0.87500
vt 0.13333 0.87500
vt 0.13333 0.87500
vt 0.20000 0.87500
vt 0.20000 0.87500
vt 0.26667 0.87500
vt 0.26667 0.87500
vt 0.33333 0.87500
vt 0.33333 0.87500
vt 0.40000 0.87500
vt 0.40000 0.87500
vt 0.46667 0.87500
vt 0.46667 0.87500
vt 0.53333 0.87500
vt 0.53333 0.87500
vt 0.60000 0.87500
vt 0.60000 0.87500
vt 0.66667 0.87500
vt 0.66667 0.87500
vt 0.73333 0.87500
vt 0.73333 0.87500
vt 0.80000 0.87500
vt 0.80000 0.87500
vt 0.86667 0.87500
vt 0.86667 0.87500
vt 0.93333 0.87500
vt 0.93333 0.87500
vt 1.00000 0.87500
vt 1.00000 0.87500
vt 0.00000 1.00000
vt 0.00000 1.00000
vt 0.06667 1.00000
vt 0.06667 1.00000
vt 0.13333 1.00000
vt 0.13333 1.00000
vt 0.20000 1.00000
vt 0.20000 1.00000
vt 0.26667 1.00000
vt 0.26667 1.00000
vt 0.33333 1.00000
vt 0.33333 1.00000
vt 0.40000 1.00000
vt 0.40000 1.00000
vt 0.46667 1.00000
vt 0.46667 1.00000
vt 0.53333 1.00000
vt 0.53333 1.00000
vt 0.60000 1.00000
vt 0.60000 1.00000
vt 0.66667 1.00000
vt 0.66667 1.00000
vt 0.73333 1.00000
vt 0.73333 1.00000
vt 0.80000 1.00000
vt 0.80000 1.00000
vt 0.86667 1.00000
vt 0.86667 1.00000
vt 0.93333 1.00000
vt 0.93333 1.00000
vt 1.00000 1.00000
vt 1.00000 1.00000
vt 0.00000 0.00000
vt 0.14286 0.00000
vt 0.28571 0.00000
vt 0.42857 0.00000
vt 0.57143 0.00000
vt 0.71429 0.00000
vt 0.85714 0.00000
vt 1.00000 0.00000
vt 0.00000 0.25000
vt 0.14286 0.25000
vt 0.28571 0.25000
vt 0.42857 0.25000
vt 0.57143 0.25000
vt 0.71429 0.25000
vt 0.85714 0.25000
vt 1.00000 0.25000
vt 0.00000 0.50000
vt 0.14286 0.50000
vt 0.28571 0.50000
vt 0.42857 0.50000
vt 0.57143 0.50000
vt 0.71429 0.50000
vt 0.85714 0.50000
vt 1.00000 0.50000
vt 0.00000 0.75000
vt 0.14286 0.75000
vt 0.28571 0.75000
vt 0.42857 0.75000
vt 0.57143 0.75000
vt 0.71429 0.75000
vt 0.85714 0.75000
vt 1.00000 0.75000
vt 0.00000 1.00000
vt 0.14286 1.00000
vt 0.28571 1.00000
vt 0.42857 1.00000
vt 0.57143 1.00000
vt 0.71429 1.00000
vt 0.85714 1.00000
vt 1.00000 1.00000
vt 0.00000 0.00000
vt 0.00000 0.00000
vt 0.06667 0.00000
vt 0.06667 0.00000
vt 0.13333 0.00000
vt 0.13333 0.00000
vt 0.20000 0.00000
vt 0.20000 0.00000
vt 0.26667 0.00000
vt 0.26667 0.00000
vt 0.33333 0.00000
vt 0.33333 0.00000
vt 0.40000 0.00000
vt 0.40000 0.00000
vt 0.46667 0.00000
vt 0.46667 0.00000
vt 0.53333 0.00000
vt 0.53333 0.00000
vt 0.60000 0.00000
vt 0.60000 0.00000
vt 0.66667 0.00000
vt 0.66667 0.00000
vt 0.73333 0.00000
vt 0.73333 0.00000
vt 0.80000 0.00000
vt 0.80000 0.00000
vt 0.86667 0.00000
vt 0.86667 0.00000
vt 0.93333 0.00000
vt 0.93333 0.00000
vt 1.00000 0.00000
vt 1.00000 0.00000
vt 0.00000 0.12500
vt 0.00000 0.12500
vt 0.06667 0.12500
vt 0.06667 0.12500
vt 0.13333 0.12500
vt 0.13333 0.12500
vt 0.20000 0.12500
vt 0.20000 0.12500
vt 0.26667 0.12500
vt 0.26667 0.12500
vt 0.33333 0.12500
vt 0.33333 0.12500
vt 0.40000 0.12500
vt 0.40000 0.12500
vt 0.46667 0.12500
vt 0.46667 0.12500
vt 0.53333 0.12500
vt 0.53333 0.12500
vt 0.60000 0.12500
vt 0.60000 0.12500
vt 0.66667 0.12500
vt 0.66667 0.12500
vt 0.73333 0.12500
vt 0.73333 0.12500
vt 0.80000 0.12500
vt 0.80000 0.12500
vt 0.86667 0.12500
vt 0.86667 0.12500
vt 0.93333 0.12500
vt 0.93333 0.12500
vt 1.00000 0.12500
vt 1.00000 0.12500
vt 0.00000 0.25000
vt 0.00000 0.25000
vt 0.06667 0.25000
vt 0.06667 0.25000
vt 0.13333 0.25000
vt 0.13333 0.25000
vt 0.20000 0.25000
vt 0.20000 0.25000
vt 0.26667 0.25000
vt 0.26667 0.25000
vt 0.33333 0.25000
vt 0.33333 0.25000
vt 0.40000 0.25000
vt 0.40000 0.25000
vt 0.46667 0.25000
vt 0.46667 0.25000
vt 0.53333 0.25000
vt 0.53333 0.25000
vt 0.60000 0.25000
vt 0.60000 0.25000
vt 0.66667 0.25000
vt 0.66667 0.25000
vt 0.73333 0.25000
vt 0.73333 0.25000
vt 0.80000 0.25000
vt 0.80000 0.25000
vt 0.86667 0.25000
vt 0.86667 0.25000
vt 0.93333 0.25000
vt 0.93333 0.25000
vt 1.00000 0.25000
vt 1.00000 0.25000
vt 0.00000 0.37500
vt 0.00000 0.37500
vt 0.06667 0.37500
vt 0.06667 0.37500
vt 0.13333 0.37500
vt 0.13333 0.37500
vt 0.20000 0.37500
vt 0.20000 0.37500
vt 0.26667 0.37500
vt 0.26667 0.37500
vt 0.33333 0.37500
vt 0.33333 0.37500
vt 0.40000 0.37500
vt 0.40000 0.37500
vt 0.46667 0.37500
vt 0.46667 0.37500
vt 0.53333 0.37500
vt 0.53333 0.37500
vt 0.60000 0.37500
vt 0.60000 0.37500
vt 0.66667 0.37500
vt 0.66667 0.37500
vt 0.73333 0.37500
vt 0.73333 0.37500
vt 0.80000 0.37500
vt 0.80000 0.37500
vt 0.86667 0.37500
vt 0.86667 0.37500
vt 0.93333 0.37500
vt 0.93333 0.37500
vt 1.00000 0.37500
vt 1.00000 0.37500
vt 0.00000 0.50000
vt 0.00000 0.50000
vt 0.06667 0.50000
vt 0.06667 0.50000
vt 0.13333 0.50000
vt 0.13333 0.50000
vt 0.20000 0.50000
vt 0.20000 0.50000
vt 0.26667 0.50000
vt 0.26667 0.50000
vt 0.33333 0.50000
vt 0.33333 0.50000
vt 0.40000 0.50000
vt 0.40000 0.50000
vt 0.46667 0.50000
vt 0.46667 0.50000
vt 0.53333 0.50000
vt 0.53333 0.50000
vt 0.60000 0.50000
vt 0.60000 0.50000
vt 0.66667 0.50000
vt 0.66667 0.50000
vt 0.73333 0.50000
vt 0.73333 0.50000
vt 0.80000 0.50000
vt 0.80000 0.50000
vt 0.86667 0.50000
vt 0.86667 0.50000
vt 0.93333 0.50000
vt 0.93333 0.50000
vt 1.00000 0.50000
vt 1.00000 0.50000
vt 0.00000 0.62500
vt 0.00000 0.62500
vt 0.06667 0.62500
vt 0.06667 0.62500
vt 0.13333 0.62500
vt 0.13333 0.62500
vt 0.20000 0.62500
vt 0.20000 0.62500
vt 0.26667 0.62500
vt 0.26667 0.62500
vt 0.33333 0.62500
vt 0.33333 0.62500
vt 0.40000 0.62500
vt 0.40000 0.62500
vt 0.46667 0.62500
vt 0.46667 0.62500
vt 0.53333 0.62500
vt 0.53333 0.62500
vt 0.60000 0.62500
vt 0.60000 0.62500
vt 0.66667 0.62500
vt 0.66667 0.62500
vt 0.73333 0.62500
vt 0.73333 0.62500
vt 0.80000 0.62500
vt 0.80000 0.62500
vt 0.86667 0.62500
vt 0.86667 0.62500
vt 0.93333 0.62500
vt 0.93333 0.62500
vt 1.00000 0.62500
vt 1.00000 0.62500
vt 0.00000 0.75000
vt 0.00000 0.75000
vt 0.06667 0.75000
vt 0.06667 0.75000
vt 0.13333 0.75000
vt 0.13333 0.75000
vt 0.20000 0.75000
vt 0.20000 0.75000
vt 0.26667 0.75000
vt 0.26667 0.75000
vt 0.33333 0.75000
vt 0.33333 0.75000
vt 0.40000 0.75000
vt 0.40000 0.75000
vt 0.46667 0.75000
vt 0.46667 0.75000
vt 0.53333 0.75000
vt 0.53333 0.75000
vt 0.60000 0.75000
vt 0.60000 0.75000
vt 0.66667 0.75000
vt 0.66667 0.75000
vt 0.73333 0.75000
vt 0.73333 0.75000
vt 0.80000 0.75000
vt 0.80000 0.75000
vt 0.86667 0.75000
vt 0.86667 0.75000
vt 0.93333 0.75000
vt 0.93333 0.75000
vt 1.00000 0.75000
vt 1.00000 0.75000
vt 0.00000 0.87500
vt 0.00000 0.87500
vt 0.06667 0.87500
vt 0.06667 0.87500
vt 0.13333 0.87500
vt 0.13333 0.87500
vt 0.20000 0.87500
vt 0.20000 0.87500
vt 0.26667 0.87500
vt 0.26667 0.87500
vt 0.33333 0.87500
vt 0.33333 0.87500
vt 0.40000 0.87500
vt 0.40000 0.87500
vt 0.46667 0.87500
vt 0.46667 0.87500
vt 0.53333 0.87500
vt 0.53333 0.87500
vt 0.60000 0.87500
vt 0.60000 0.87500
vt 0.66667 0.87500
vt 0.66667 0.87500
vt 0.73333 0.87500
vt 0.73333 0.87500
vt 0.80000 0.87500
vt 0.80000 0.87500
vt 0.86667 0.87500
vt 0.86667 0.87500
vt 0.93333 0.87500
vt 0.93333 0.87500
vt 1.00000 0.87500
vt 1.00000 0.87500
vt 0.00000 1.00000
vt 0.00000 1.00000
vt 0.06667 1.00000
vt 0.06667 1.00000
vt 0.13333 1.00000
vt 0.13333 1.00000
vt 0.20000 1.00000
vt 0.20000 1.00000
vt 0.26667 1.00000
vt 0.26667 1.00000
vt 0.33333 1.00000
vt 0.33333 1.00000
vt 0.40000 1.00000
vt 0.40000 1.00000
vt 0.46667 1.00000
vt 0.46667 1.00000
vt 0.53333 1.00000
vt 0.53333 1.00000
vt 0.60000 1.00000
vt 0.60000 1.00000
vt 0.66667 1.00000
vt 0.66667 1.00000
vt 0.73333 1.00000
vt 0.73333 1.00000
vt 0.80000 1.00000
vt 0.80000 1.00000
vt 0.86667 1.00000
vt 0.86667 1.00000
vt 0.93333 1.00000
vt 0.93333 1.00000
vt 1.00000 1.00000
vt 1.00000 1.00000
vt 0.00000 0.00000
vt 0.14286 0.00000
vt 0.28571 0.00000
vt 0.42857 0.00000
vt 0.57143 0.00000
vt 0.71429 0.00000
vt 0.85714 0.00000
vt 1.00000 0.00000
vt 0.00000 0.25000
vt 0.14286 0.25000
vt 0.28571 0.25000
vt 0.42857 0.25000
vt 0.57143 0.25000
vt 0.71429 0.25000
vt 0.85714 0.25000
vt 1.00000 0.25000
vt 0.00000 0.50000
vt 0.14286 0.50000
vt 0.28571 0.50000
vt 0.42857 0.50000
vt 0.57143 0.50000
vt 0.71429 0.50000
vt 0.85714 0.50000
vt 1.00000 0.50000
vt 0.00000 0.75000
vt 0.14286 0.75000
vt 0.28571 0.75000
vt 0.42857 0.75000
vt 0.57143 0.75000
vt 0.71429 0.75000
vt 0.85714 0.75000
vt 1.00000 0.75000
vt 0.00000 1.00000
vt 0.14286 1.00000
vt 0.28571 1.00000
vt 0.42857 1.00000
vt 0.57143 1.00000
vt 0.71429 1.00000
vt 0.85714 1.00000
vt 1.00000 1.00000
vt 0.00000 0.00000
vt 0.00000 0.00000
vt 0.06667 0.00000
vt 0.06667 0.00000
vt 0.13333 0.00000
vt 0.13333 0.00000
vt 0.20000 0.00000
vt 0.20000 0.00000
vt 0.26667 0.00000
vt 0.26667 0.00000
vt 0.33333 0.00000
vt 0.33333 0.00000
vt 0.40000 0.00000
vt 0.40000 0.00000
vt 0.46667 0.00000
vt 0.46667 0.00000
vt 0.53333 0.00000
vt 0.53333 0.00000
vt 0.60000 0.00000
vt 0.60000 0.00000
vt 0.66667 0.00000
vt 0.66667 0.00000
vt 0.73333 0.00000
vt 0.73333 0.00000
vt 0.80000 0.00000
vt 0.80000 0.00000
vt 0.86667 0.00000
vt 0.86667 0.00000
vt 0.93333 0.00000
vt 0.93333 0.00000
vt 1.00000 0.00000
vt 1.00000 0.00000
vt 0.00000 0.12500
vt 0.00000 0.12500
vt 0.06667 0.12500
vt 0.06667 0.12500
vt 0.13333 0.12500
vt 0.13333 0.12500
vt 0.20000 0.12500
vt 0.20000 0.12500
vt 0.26667 0.12500
vt 0.26667 0.12500
vt 0.33333 0.12500
vt 0.33333 0.12500
vt 0.40000 0.12500
vt 0.40000 0.12500
vt 0.46667 0.12500
vt 0.46667 0.12500
vt 0.53333 0.12500
vt 0.53333 0.12500
vt 0.60000 0.12500
vt 0.60000 0.12500
vt 0.66667 0.12500
vt 0.66667 0.12500
vt 0.73333 0.12500
vt 0.73333 0.12500
vt 0.80000 0.12500
vt 0.80000 0.12500
vt 0.86667 0.12500
vt 0.86667 0.12500
vt 0.93333 0.12500
vt 0.93333 0.12500
vt 1.00000 0.12500
vt 1.00000 0.12500
vt 0.00000 0.25000
vt 0.00000 0.25000
vt 0.06667 0.25000
vt 0.06667 0.25000
vt 0.13333 0.25000
vt 0.13333 0.25000
vt 0.20000 0.25000
vt 0.20000 0.25000
vt 0.26667 0.25000
vt 0.26667 0.25000
vt 0.33333 0.25000
vt 0.33333 0.25000
vt 0.40000 0.25000
vt 0.40000 0.25000
vt 0.46667 0.25000
vt 0.46667 0.25000
vt 0.53333 0.25000
vt 0.53333 0.25000
vt 0.60000 0.25000
vt 0.60000 0.25000
vt 0.66667 0.25000
vt 0.66667 0.25000
vt 0.73333 0.25000
vt 0.73333 0.25000
vt 0.80000 0.25000
vt 0.80000 0.25000
vt 0.86667 0.25000
vt 0.86667 0.25000
vt 0.93333 0.25000
vt 0.93333 0.25000
vt 1.00000 0.25000
vt 1.00000 0.25000
vt 0.00000 0.37500
vt 0.00000 0.37500
vt 0.06667 0.37500
vt 0.06667 0.37500
vt 0.13333 0.37500
vt 0.13333 0.37500
vt 0.20000 0.37500
vt 0.20000 0.37500
vt 0.26667 0.37500
vt 0.26667 0.37500
vt 0.33333 0.37500
vt 0.33333 0.37500
vt 0.40000 0.37500
vt 0.40000 0.37500
vt 0.46667 0.37500
vt 0.46667 0.37500
vt 0.53333 0.37500
vt 0.53333 0.37500
vt 0.60000 0.37500
vt 0.60000 0.37500
vt 0.66667 0.37500
vt 0.66667 0.37500
vt 0.73333 0.37500
vt 0.73333 0.37500
vt 0.80000 0.37500
vt 0.80000 0.37500
vt 0.86667 0.37500
vt 0.86667 0.37500
vt 0.93333 0.37500
vt 0.93333 0.37500
vt 1.00000 0.37500
vt 1.00000 0.37500
vt 0.00000 0.50000
vt 0.00000 0.50000
vt 0.06667 0.50000
vt 0.06667 0.50000
vt 0.13333 0.50000
vt 0.13333 0.50000
vt 0.20000 0.50000
vt 0.20000 0.50000
vt 0.26667 0.50000
vt 0.26667 0.50000
vt 0.33333 0.50000
vt 0.33333 0.50000
vt 0.40000 0.50000
vt 0.40000 0.50000
vt 0.46667 0.50000
vt 0.46667 0.50000
vt 0.53333 0.50000
vt 0.53333 0.50000
vt 0.60000 0.50000
vt 0.60000 0.50000
vt 0.66667 0.50000
vt 0.66667 0.50000
vt 0.73333 0.50000
vt 0.73333 0.50000
vt 0.80000 0.50000
vt 0.80000 0.50000
vt 0.86667 0.50000
vt 0.86667 0.50000
vt 0.93333 0.50000
vt 0.93333 0.50000
vt 1.00000 0.50000
vt 1.00000 0.50000
vt 0.00000 0.62500
vt 0.00000 0.62500
vt 0.06667 0.62500
vt 0.06667 0.62500
vt 0.13333 0.62500
vt 0.13333 0.62500
vt 0.20000 0.62500
vt 0.20000 0.62500
vt 0.26667 0.62500
vt 0.26667 0.62500
vt 0.33333 0.62500
vt 0.33333 0.62500
vt 0.40000 0.62500
vt 0.40000 0.62500
vt 0.46667 0.62500
vt 0.46667 0.62500
vt 0.53333 0.62500
vt 0.53333 0.62500
vt 0.60000 0.62500
vt 0.60000 0.62500
vt 0.66667 0.62500
vt 0.66667 0.62500
vt 0.73333 0.62500
vt 0.73333 0.62500
vt 0.80000 0.62500
vt 0.80000 0.62500
vt 0.86667 0.62500
vt 0.86667 0.62500
vt 0.93333 0.62500
vt 0.93333 0.62500
vt 1.00000 0.62500
vt 1.00000 0.62500
vt 0.00000 0.75000
vt 0.00000 0.75000
vt 0.06667 0.75000
vt 0.06667 0.75000
vt 0.13333 0.75000
vt 0.13333 0.75000
vt 0.20000 0.75000
vt 0.20000 0.75000
vt 0.26667 0.75000
vt 0.26667 0.75000
vt 0.33333 0.75000
vt 0.33333 0.75000
vt 0.40000 0.75000
vt 0.40000 0.75000
vt 0.46667 0.75000
vt 0.46667 0.75000
vt 0.53333 0.75000
vt 0.53333 0.75000
vt 0.60000 0.75000
vt 0.60000 0.75000
vt 0.66667 0.75000
vt 0.66667 0.75000
vt 0.73333 0.75000
vt 0.73333 0.75000
vt 0.80000 0.75000
vt 0.80000 0.75000
vt 0.86667 0.75000
vt 0.86667 0.75000
vt 0.93333 0.75000
vt 0.93333 0.75000
vt 1.00000 0.75000
vt 1.00000 0.75000
vt 0.00000 0.87500
vt 0.00000 0.87500
vt 0.06667 0.87500
vt 0.06667 0.87500
vt 0.13333 0.87500
vt 0.13333 0.87500
vt 0.20000 0.87500
vt 0.20000 0.87500
vt 0.26667 0.87500
vt 0.26667 0.87500
vt 0.33333 0.87500
vt 0.33333 0.87500
vt 0.40000 0.87500
vt 0.40000 0.87500
vt 0.46667 0.87500
vt 0.46667 0.87500
vt 0.53333 0.87500
vt 0.53333 0.87500
vt 0.60000 0.87500
vt 0.60000 0.87500
vt 0.66667 0.87500
vt 0.66667 0.87500
vt 0.73333 0.87500
vt 0.73333 0.87500
vt 0.80000 0.87500
vt 0.80000 0.87500
vt 0.86667 0.87500
vt 0.86667 0.87500
vt 0.93333 0.87500
vt 0.93333 0.87500
vt 1.00000 0.87500
vt 1.00000 0.87500
vt 0.00000 1.00000
vt 0.00000 1.00000
vt 0.06667 1.00000
vt 0.06667 1.00000
vt 0.13333 1.00000
vt 0.13333 1.00000
vt 0.20000 1.00000
vt 0.20000 1.00000
vt 0.26667 1.00000
vt 0.26667 1.00000
vt 0.33333 1.00000
vt 0.33333 1.00000
vt 0.40000 1.00000
vt 0.40000 1.00000
vt 0.46667 1.00000
vt 0.46667 1.00000
vt 0.53333 1.00000
vt 0.53333 1.00000
vt 0.60000 1.00000
vt 0.60000 1.00000
vt 0.66667 1.00000
vt 0.66667 1.00000
vt 0.73333 1.00000
vt 0.73333 1.00000
vt 0.80000 1.00000
vt 0.80000 1.00000
vt 0.86667 1.00000
vt 0.86667 1.00000
vt 0.93333 1.00000
vt 0.93333 1.00000
vt 1.00000 1.00000
vt 1.00000 1.00000
vt 0.00000 0.00000
vt 0.14286 0.00000
vt 0.28571 0.00000
vt 0.42857 0.00000
vt 0.57143 0.00000
vt 0.71429 0.00000
vt 0.85714 0.00000
vt 1.00000 0.00000
vt 0.00000 0.25000
vt 0.14286 0.25000
vt 0.28571 0.25000
vt 0.42857 0.25000
vt 0.57143 0.25000
vt 0.71429 0.25000
vt 0.85714 0.25000
vt 1.00000 0.25000
vt 0.00000 0.50000
vt 0.14286 0.50000
vt 0.28571 0.50000
vt 0.42857 0.50000
vt 0.57143 0.50000
vt 0.71429 0.50000
vt 0.85714 0.50000
vt 1.00000 0.50000
vt 0.00000 0.75000
vt 0.14286 0.75000
vt 0.28571 0.75000
vt 0.42857 0.75000
vt 0.57143 0.75000
vt 0.71429 0.75000
vt 0.85714 0.75000
vt 1.00000 0.75000
vt 0.00000 1.00000
vt 0.14286 1.00000
vt 0.28571 1.00000
vt 0.42857 1.00000
vt 0.57143 1.00000
vt 0.71429 1.00000
vt 0.85714 1.00000
vt 1.00000 1.00000
vt 0.00000 0.00000
vt 0.00000 0.00000
vt 0.06667 0.00000
vt 0.06667 0.00000
vt 0.13333 0.00000
vt 0.13333 0.00000
vt 0.20000 0.00000
vt 0.20000 0.00000
vt 0.26667 0.00000
vt 0.26667 0.00000
vt 0.33333 0.00000
vt 0.33333 0.00000
vt 0.40000 0.00000
vt 0.40000 0.00000
vt 0.46667 0.00000
vt 0.46667 0.00000
vt 0.53333 0.00000
vt 0.53333 0.00000
vt 0.60000 0.00000
vt 0.60000 0.00000
vt 0.66667 0.00000
vt 0.66667 0.00000
vt 0.73333 0.00000
vt 0.73333 0.00000
vt 0.80000 0.00000
vt 0.80000 0.00000
vt 0.86667 0.00000
vt 0.86667 0.00000
vt 0.93333 0.00000
vt 0.93333 0.00000
vt 1.00000 0.00000
vt 1.00000 0.00000
vt 0.00000 0.12500
vt 0.00000 0.12500
vt 0.06667 0.12500
vt 0.06667 0.12500
vt 0.13333 0.12500
vt 0.13333 0.12500
vt 0.20000 0.12500
vt 0.20000 0.12500
vt 0.26667 0.12500
vt 0.26667 0.12500
vt 0.33333 0.12500
vt 0.33333 0.12500
vt 0.40000 0.12500
vt 0.40000 0.12500
vt 0.46667 0.12500
vt 0.46667 0.12500
vt 0.53333 0.12500
vt 0.53333 0.12500
vt 0.60000 0.12500
vt 0.60000 0.12500
vt 0.66667 0.12500
vt 0.66667 0.12500
vt 0.73333 0.12500
vt 0.73333 0.12500
vt 0.80000 0.12500
vt 0.80000 0.12500
vt 0.86667 0.12500
vt 0.86667 0.12500
vt 0.93333 0.12500
vt 0.93333 0.12500
vt 1.00000 0.12500
vt 1.00000 0.12500
vt 0.00000 0.25000
vt 0.00000 0.25000
vt 0.06667 0.25000
vt 0.06667 0.25000
vt 0.13333 0.25000
vt 0.13333 0.25000
vt 0.20000 0.25000
vt 0.20000 0.25000
vt 0.26667 0.25000
vt 0.26667 0.25000
vt 0.33333 0.25000
vt 0.33333 0.25000
vt 0.40000 0.25000
vt 0.40000 0.25000
vt 0.46667 0.25000
vt 0.46667 0.25000
vt 0.53333 0.25000
vt 0.53333 0.25000
vt 0.60000 0.25000
vt 0.60000 0.25000
vt 0.66667 0.25000
vt 0.66667 0.25000
vt 0.73333 0.25000
vt 0.73333 0.25000
vt 0.80000 0.25000
vt 0.80000 0.25000
vt 0.86667 0.25000
vt 0.86667 0.25000
vt 0.93333 0.25000
vt 0.93333 0.25000
vt 1.00000 0.25000
vt 1.00000 0.25000
vt 0.00000 0.37500
vt 0.00000 0.37500
vt 0.06667 0.37500
vt 0.06667 0.37500
vt 0.13333 0.37500
vt 0.13333 0.37500
vt 0.20000 0.37500
vt 0.20000 0.37500
vt 0.26667 0.37500
vt 0.26667 0.37500
vt 0.33333 0.37500
vt 0.33333 0.37500
vt 0.40000 0.37500
vt 0.40000 0.37500
vt 0.46667 0.37500
vt 0.46667 0.37500
vt 0.53333 0.37500
vt 0.53333 0.37500
vt 0.60000 0.37500
vt 0.60000 0.37500
vt 0.66667 0.37500
vt 0.66667 0.37500
vt 0.73333 0.37500
vt 0.73333 0.37500
vt 0.80000 0.37500
vt 0.80000 0.37500
vt 0.86667 0.37500
vt 0.86667 0.37500
vt 0.93333 0.37500
vt 0.93333 0.37500
vt 1.00000 0.37500
vt 1.00000 0.37500
vt 0.00000 0.50000
vt 0.00000 0.50000
vt 0.06667 0.50000
vt 0.06667 0.50000
vt 0.13333 0.50000
vt 0.13333 0.50000
vt 0.20000 0.50000
vt 0.20000 0.50000
vt 0.26667 0.50000
vt 0.26667 0.50000
vt 0.33333 0.50000
vt 0.33333 0.50000
vt 0.40000 0.50000
vt 0.40000 0.50000
vt 0.46667 0.50000
vt 0.46667 0.50000
vt 0.53333 0.50000
vt 0.53333 0.50000
vt 0.60000 0.50000
vt 0.60000 0.50000
vt 0.66667 0.50000
vt 0.66667 0.50000
vt 0.73333 0.50000
vt 0.73333 0.50000
vt 0.80000 0.50000
vt 0.80000 0.50000
vt 0.86667 0.50000
vt 0.86667 0.50000
vt 0.93333 0.50000
vt 0.93333 0.50000
vt 1.00000 0.50000
vt 1.00000 0.50000
vt 0.00000 0.62500
vt 0.00000 0.62500
vt 0.06667 0.62500
vt 0.06667 0.62500
vt 0.13333 0.62500
vt 0.13333 0.62500
vt 0.20000 0.62500
vt 0.20000 0.62500
vt 0.26667 0.62500
vt 0.26667 0.62500
vt 0.33333 0.62500
vt 0.33333 0.62500
vt 0.40000 0.62500
vt 0.40000 0.62500
vt 0.46667 0.62500
vt 0.46667 0.62500
vt 0.53333 0.62500
vt 0.53333 0.62500
vt 0.60000 0.62500
vt 0.60000 0.62500
vt 0.66667 0.62500
vt 0.66667 0.62500
vt 0.73333 0.62500
vt 0.73333 0.62500
vt 0.80000 0.62500
vt 0.80000 0.62500
vt 0.86667 0.62500
vt 0.86667 0.62500
vt 0.93333 0.62500
vt 0.93333 0.62500
vt 1.00000 0.62500
vt 1.00000 0.62500
vt 0.00000 0.75000
vt 0.00000 0.75000
vt 0.06667 0.75000
vt 0.06667 0.75000
vt 0.13333 0.75000
vt 0.13333 0.75000
vt 0.20000 0.75000
vt 0.20000 0.75000
vt 0.26667 0.75000
vt 0.26667 0.75000
vt 0.33333 0.75000
vt 0.33333 0.75000
vt 0.40000 0.75000
vt 0.40000 0.75000
vt 0.46667 0.75000
vt 0.46667 0.75000
vt 0.53333 0.75000
vt 0.53333 0.75000
vt 0.60000 0.75000
vt 0.60000 0.75000
vt 0.66667 0.75000
vt 0.66667 0.75000
vt 0.73333 0.75000
vt 0.73333 0.75000
vt 0.80000 0.75000
vt 0.80000 0.75000
vt 0.86667 0.75000
vt 0.86667 0.75000
vt 0.93333 0.75000
vt 0.93333 0.75000
vt 1.00000 0.75000
vt 1.00000 0.75000
vt 0.00000 0.87500
vt 0.00000 0.87500
vt 0.06667 0.87500
vt 0.06667 0.87500
vt 0.13333 0.87500
vt 0.13333 0.87500
vt 0.20000 0.87500
vt 0.20000 0.87500
vt 0.26667 0.87500
vt 0.26667 0.87500
vt 0.33333 0.87500
vt 0.33333 0.87500
vt 0.40000 0.87500
vt 0.40000 0.87500
vt 0.46667 0.87500
vt 0.46667 0.87500
vt 0.53333 0.87500
vt 0.53333 0.87500
vt 0.60000 0.87500
vt 0.60000 0.87500
vt 0.66667 0.87500
vt 0.66667 0.87500
vt 0.73333 0.87500
vt 0.73333 0.87500
vt 0.80000 0.87500
vt 0.80000 0.87500
vt 0.86667 0.87500
vt 0.86667 0.87500
vt 0.93333 0.87500
vt 0.93333 0.87500
vt 1.00000 0.87500
vt 1.00000 0.87500
vt 0.00000 1.00000
vt 0.00000 1.00000
vt 0.06667 1.00000
vt 0.06667 1.00000
vt 0.13333 1.00000
vt 0.13333 1.00000
vt 0.20000 1.00000
vt 0.20000 1.00000
vt 0.26667 1.00000
vt 0.26667 1.00000
vt 0.33333 1.00000
vt 0.33333 1.00000
vt 0.40000 1.00000
vt 0.40000 1.00000
vt 0.46667 1.00000
vt 0.46667 1.00000
vt 0.53333 1.00000
vt 0.53333 1.00000
vt 0.60000 1.00000
vt 0.60000 1.00000
vt 0.66667 1.00000
vt 0.66667 1.00000
vt 0.73333 1.00000
vt 0.73333 1.00000
vt 0.80000 1.00000
vt 0.80000 1.00000
vt 0.86667 1.00000
vt 0.86667 1.00000
vt 0.93333 1.00000
vt 0.93333 1.00000
vt 1.00000 1.00000
vt 1.00000 1.00000
vt 0.00000 0.00000
vt 0.14286 0.00000
vt 0.28571 0.00000
vt 0.42857 0.00000
vt 0.57143 0.00000
vt 0.71429 0.00000
vt 0.85714 0.00000
vt 1.00000 0.00000
vt 0.00000 0.25000
vt 0.14286 0.25000
vt 0.28571 0.25000
vt 0.42857 0.25000
vt 0.57143 0.25000
vt 0.71429 0.25000
vt 0.85714 0.25000
vt 1.00000 0.25000
vt 0.00000 0.50000
vt 0.14286 0.50000
vt 0.28571 0.50000
vt 0.42857 0.50000
vt 0.57143 0.50000
vt 0.71429 0.50000
vt 0.85714 0.50000
vt 1.00000 0.50000
vt 0.00000 0.75000
vt 0.14286 0.75000
vt 0.28571 0.75000
vt 0.42857 0.75000
vt 0.57143 0.75000
vt 0.71429 0.75000
vt 0.85714 0.75000
vt 1.00000 0.75000
vt 0.00000 1.00000
vt 0.14286 1.00000
vt 0.28571 1.00000
vt 0.42857 1.00000
vt 0.57143 1.00000
vt 0.71429 1.00000
vt 0.85714 1.00000
vt 1.00000 1.00000
vt 0.00000 0.00000
vt 0.00000 0.00000
vt 0.06667 0.00000
vt 0.06667 0.00000
vt 0.13333 0.00000
vt 0.13333 0.00000
vt 0.20000 0.00000
vt 0.20000 0.00000
vt 0.26667 0.00000
vt 0.26667 0.00000
vt 0.33333 0.00000
vt 0.33333 0.00000
vt 0.40000 0.00000
vt 0.40000 0.00000
vt 0.46667 0.00000
vt 0.46667 0.00000
vt 0.53333 0.00000
vt 0.53333 0.00000
vt 0.60000 0.00000
vt 0.60000 0.00000
vt 0.66667 0.00000
vt 0.66667 0.00000
vt 0.73333 0.00000
vt 0.73333 0.00000
vt 0.80000 0.00000
vt 0.80000 0.00000
vt 0.86667 0.00000
vt 0.86667 0.00000
vt 0.93333 0.00000
vt 0.93333 0.00000
vt 1.00000 0.00000
vt 1.00000 0.00000
vt 0.00000 0.12500
vt 0.00000 0.12500
vt 0.06667 0.12500
vt 0.06667 0.12500
vt 0.13333 0.12500
vt 0.13333 0.12500
vt 0.20000 0.12500
vt 0.20000 0.12500
vt 0.26667 0.12500
vt 0.26667 0.12500
vt 0.33333 0.12500
vt 0.33333 0.12500
vt 0.40000 0.12500
vt 0.40000 0.12500
vt 0.46667 0.12500
vt 0.46667 0.12500
vt 0.53333 0.12500
vt 0.53333 0.12500
vt 0.60000 0.12500
vt 0.60000 0.12500
vt 0.66667 0.12500
vt 0.66667 0.12500
vt 0.73333 0.12500
vt 0.73333 0.12500
vt 0.80000 0.12500
vt 0.80000 0.12500
vt 0.86667 0.12500
vt 0.86667 0.12500
vt 0.93333 0.12500
vt 0.93333 0.12500
vt 1.00000 0.12500
vt 1.00000 0.12500
vt 0.00000 0.25000
vt 0.00000 0.25000
vt 0.06667 0.25000
vt 0.06667 0.25000
vt 0.13333 0.25000
vt 0.13333 0.25000
vt 0.20000 0.25000
vt 0.20000 0.25000
vt 0.26667 0.25000
vt 0.26667 0.25000
vt 0.33333 0.25000
vt 0.33333 0.25000
vt 0.40000 0.25000
vt 0.40000 0.25000
vt 0.46667 0.25000
vt 0.46667 0.25000
vt 0.53333 0.25000
vt 0.53333 0.25000
vt 0.60000 0.25000
vt 0.60000 0.25000
vt 0.66667 0.25000
vt 0.66667 0.25000
vt 0.73333 0.25000
vt 0.73333 0.25000
vt 0.80000 0.25000
vt 0.80000 0.25000
vt 0.86667 0.25000
vt 0.86667 0.25000
vt 0.93333 0.25000
vt 0.93333 0.25000
vt 1.00000 0.25000
vt 1.00000 0.25000
vt 0.00000 0.37500
vt 0.00000 0.37500
vt 0.06667 0.37500
vt 0.06667 0.37500
vt 0.13333 0.37500
vt 0.13333 0.37500
vt 0.20000 0.37500
vt 0.20000 0.37500
vt 0.26667 0.37500
vt 0.26667 0.37500
vt 0.33333 0.37500
vt 0.33333 0.37500
vt 0.40000 0.37500
vt 0.40000 0.37500
vt 0.46667 0.37500
vt 0.46667 0.37500
vt 0.53333 0.37500
vt 0.53333 0.37500
vt 0.60000 0.37500
vt 0.60000 0.37500
vt 0.66667 0.37500
vt 0.66667 0.37500
vt 0.73333 0.37500
vt 0.73333 0.37500
vt 0.80000 0.37500
vt 0.80000 0.37500
vt 0.86667 0.37500
vt 0.86667 0.37500
vt 0.93333 0.37500
vt 0.93333 0.37500
vt 1.00000 0.37500
vt 1.00000 0.37500
vt 0.00000 0.50000
vt 0.00000 0.50000
vt 0.06667 0.50000
vt 0.06667 0.50000
vt 0.13333 0.50000
vt 0.13333 0.50000
vt 0.20000 0.50000
vt 0.20000 0.50000
vt 0.26667 0.50000
vt 0.26667 0.50000
vt 0.33333 0.50000
vt 0.33333 0.50000
vt 0.40000 0.50000
vt 0.40000 0.50000
vt 0.46667 0.50000
vt 0.46667 0.50000
vt 0.53333 0.50000
vt 0.53333 0.50000
vt 0.60000 0.50000
vt 0.60000 0.50000
vt 0.66667 0.50000
vt 0.66667 0.50000
vt 0.73333 0.50000
vt 0.73333 0.50000
vt 0.80000 0.50000
vt 0.80000 0.50000
vt 0.86667 0.50000
vt 0.86667 0.50000
vt 0.93333 0.50000
vt 0.93333 0.50000
vt 1.00000 0.50000
vt 1.00000 0.50000
vt 0.00000 0.62500
vt 0.00000 0.62500
vt 0.06667 0.62500
vt 0.06667 0.62500
vt 0.13333 0.62500
vt 0.13333 0.62500
vt 0.20000 0.62500
vt 0.20000 0.62500
vt 0.26667 0.62500
vt 0.26667 0.62500
vt 0.33333 0.62500
vt 0.33333 0.62500
vt 0.40000 0.62500
vt 0.40000 0.62500
vt 0.46667 0.62500
vt 0.46667 0.62500
vt 0.53333 0.62500
vt 0.53333 0.62500
vt 0.60000 0.62500
vt 0.60000 0.62500
vt 0.66667 0.62500
vt 0.66667 0.62500
vt 0.73333 0.62500
vt 0.73333 0.62500
vt 0.80000 0.62500
vt 0.80000 0.62500
vt 0.86667 0.62500
vt 0.86667 0.62500
vt 0.93333 0.62500
vt 0.93333 0.62500
vt 1.00000 0.62500
vt 1.00000 0.62500
vt 0.00000 0.75000
vt 0.00000 0.75000
vt 0.06667 0.75000
vt 0.06667 0.75000
vt 0.13333 0.75000
vt 0.13333 0.75000
vt 0.20000 0.75000
vt 0.20000 0.75000
vt 0.26667 0.75000
vt 0.26667 0.75000
vt 0.33333 0.75000
vt 0.33333 0.75000
vt 0.40000 0.75000
vt 0.40000 0.75000
vt 0.46667 0.75000
vt 0.46667 0.75000
vt 0.53333 0.75000
vt 0.53333 0.75000
vt 0.60000 0.75000
vt 0.60000 0.75000
vt 0.66667 0.75000
vt 0.66667 0.75000
vt 0.73333 0.75000
vt 0.73333 0.75000
vt 0.80000 0.75000
vt 0.80000 0.75000
vt 0.86667 0.75000
vt 0.86667 0.75000
vt 0.93333 0.75000
vt 0.93333 0.75000
vt 1.00000 0.75000
vt 1.00000 0.75000
vt 0.00000 0.87500
vt 0.00000 0.87500
vt 0.06667 0.87500
vt 0.06667 0.87500
vt 0.13333 0.87500
vt 0.13333 0.87500
vt 0.20000 0.87500
vt 0.20000 0.87500
vt 0.26667 0.87500
vt 0.26667 0.87500
vt 0.33333 0.87500
vt 0.33333 0.87500
vt 0.40000 0.87500
vt 0.40000 0.87500
vt 0.46667 0.87500
vt 0.46667 0.87500
vt 0.53333 0.87500
vt 0.53333 0.87500
vt 0.60000 0.87500
vt 0.60000 0.87500
vt 0.66667 0.87500
vt 0.66667 0.87500
vt 0.73333 0.87500
vt 0.73333 0.87500
vt 0.80000 0.87500
vt 0.80000 0.87500
vt 0.86667 0.87500
vt 0.86667 0.87500
vt 0.93333 0.87500
vt 0.93333 0.87500
vt 1.00000 0.87500
vt 1.00000 0.87500
vt 0.00000 1.00000
vt 0.00000 1.00000
vt 0.06667 1.00000
vt 0.06667 1.00000
vt 0.13333 1.00000
vt 0.13333 1.00000
vt 0.20000 1.00000
vt 0.20000 1.00000
vt 0.26667 1.00000
vt 0.26667 1.00000
vt 0.33333 1.00000
vt 0.33333 1.00000
vt 0.40000 1.00000
vt 0.40000 1.00000
vt 0.46667 1.00000
vt 0.46667 1.00000
vt 0.53333 1.00000
vt 0.53333 1.00000
vt 0.60000 1.00000
vt 0.60000 1.00000
vt 0.66667 1.00000
vt 0.66667 1.00000
vt 0.73333 1.00000
vt 0.73333 1.00000
vt 0.80000 1.00000
vt 0.80000 1.00000
vt 0.86667 1.00000
vt 0.86667 1.00000
vt 0.93333 1.00000
vt 0.93333 1.00000
vt 1.00000 1.00000
vt 1.00000 1.00000
vt 0.00000 0.00000
vt 0.14286 0.00000
vt 0.28571 0.00000
vt 0.42857 0.00000
vt 0.57143 0.00000
vt 0.71429 0.00000
vt 0.85714 0.00000
vt 1.00000 0.00000
vt 0.00000 0.25000
vt 0.14286 0.25000
vt 0.28571 0.25000
vt 0.42857 0.25000
vt 0.57143 0.25000
vt 0.71429 0.25000
vt 0.85714 0.25000
vt 1.00000 0.25000
vt 0.00000 0.50000
vt 0.14286 0.50000
vt 0.28571 0.50000
vt 0.42857 0.50000
vt 0.57143 0.50000
vt 0.71429 0.50000
vt 0.85714 0.50000
vt 1.00000 0.50000
vt 0.00000 0.75000
vt 0.14286 0.75000
vt 0.28571 0.75000
vt 0.42857 0.75000
vt 0.57143 0.75000
vt 0.71429 0.75000
vt 0.85714 0.75000
vt 1.00000 0.75000
vt 0.00000 1.00000
vt 0.14286 1.00000
vt 0.28571 1.00000
vt 0.42857 1.00000
vt 0.57143 1.00000
vt 0.71429 1.00000
vt 0.85714 1.00000
vt 1.00000 1.00000
vt 0.00000 0.00000
vt 0.00000 0.00000
vt 0.06667 0.00000
vt 0.06667 0.00000
vt 0.13333 0.00000
vt 0.13333 0.00000
vt 0.20000 0.00000
vt 0.20000 0.00000
vt 0.26667 0.00000
vt 0.26667 0.00000
vt 0.33333 0.00000
vt 0.33333 0.00000
vt 0.40000 0.00000
vt 0.40000 0.00000
vt 0.46667 0.00000
vt 0.46667 0.00000
vt 0.53333 0.00000
vt 0.53333 0.00000
vt 0.60000 0.00000
vt 0.60000 0.00000
vt 0.66667 0.00000
vt 0.66667 0.00000
vt 0.73333 0.00000
vt 0.73333 0.00000
vt 0.80000 0.00000
vt 0.80000 0.00000
vt 0.86667 0.00000
vt 0.86667 0.00000
vt 0.93333 0.00000
vt 0.93333 0.00000
vt 1.00000 0.00000
vt 1.00000 0.00000
vt 0.00000 0.12500
vt 0.00000 0.12500
vt 0.06667 0.12500
vt 0.06667 0.12500
vt 0.13333 0.12500
vt 0.13333 0.12500
vt 0.20000 0.12500
vt 0.20000 0.12500
vt 0.26667 0.12500
vt 0.26667 0.12500
vt 0.33333 0.12500
vt 0.33333 0.12500
vt 0.40000 0.12500
vt 0.40000 0.12500
vt 0.46667 0.12500
vt 0.46667 0.12500
vt 0.53333 0.12500
vt 0.53333 0.12500
vt 0.60000 0.12500
vt 0.60000 0.12500
vt 0.66667 0.12500
vt 0.66667 0.12500
vt 0.73333 0.12500
vt 0.73333 0.12500
vt 0.80000 0.12500
vt 0.80000 0.12500
vt 0.86667 0.12500
vt 0.86667 0.12500
vt 0.93333 0.12500
vt 0.93333 0.12500
vt 1.00000 0.12500
vt 1.00000 0.12500
vt 0.00000 0.25000
vt 0.00000 0.25000
vt 0.06667 0.25000
vt 0.06667 0.25000
vt 0.13333 0.25000
vt 0.13333 0.25000
vt 0.20000 0.25000
vt 0.20000 0.25000
vt 0.26667 0.25000
vt 0.26667 0.25000
vt 0.33333 0.25000
vt 0.33333 0.25000
vt 0.40000 0.25000
vt 0.40000 0.25000
vt 0.46667 0.25000
vt 0.46667 0.25000
vt 0.53333 0.25000
vt 0.53333 0.25000
vt 0.60000 0.25000
vt 0.60000 0.25000
vt 0.66667 0.25000
vt 0.66667 0.25000
vt 0.73333 0.25000
vt 0.73333 0.25000
vt 0.80000 0.25000
vt 0.80000 0.25000
vt 0.86667 0.25000
vt 0.86667 0.25000
vt 0.93333 0.25000
vt 0.93333 0.25000
vt 1.00000 0.25000
vt 1.00000 0.25000
vt 0.00000 0.37500
vt 0.00000 0.37500
vt 0.06667 0.37500
vt 0.06667 0.37500
vt 0.13333 0.37500
vt 0.13333 0.37500
vt 0.20000 0.37500
vt 0.20000 0.37500
vt 0.26667 0.37500
vt 0.26667 0.37500
vt 0.33333 0.37500
vt 0.33333 0.37500
vt 0.40000 0.37500
vt 0.40000 0.37500
vt 0.46667 0.37500
vt 0.46667 0.37500
vt 0.53333 0.37500
vt 0.53333 0.37500
vt 0.60000 0.37500
vt 0.60000 0.37500
vt 0.66667 0.37500
vt 0.66667 0.37500
vt 0.73333 0.37500
vt 0.73333 0.37500
vt 0.80000 0.37500
vt 0.80000 0.37500
vt 0.86667 0.37500
vt 0.86667 0.37500
vt 0.93333 0.37500
vt 0.93333 0.37500
vt 1.00000 0.37500
vt 1.00000 0.37500
vt 0.00000 0.50000
vt 0.00000 0.50000
vt 0.06667 0.50000
vt 0.06667 0.50000
vt 0.13333 0.50000
vt 0.13333 0.50000
vt 0.20000 0.50000
vt 0.20000 0.50000
vt 0.26667 0.50000
vt 0.26667 0.50000
vt 0.33333 0.50000
vt 0.33333 0.50000
vt 0.40000 0.50000
vt 0.40000 0.50000
vt 0.46667 0.50000
vt 0.46667 0.50000
vt 0.53333 0.50000
vt 0.53333 0.50000
vt 0.60000 0.50000
vt 0.60000 0.50000
vt 0.66667 0.50000
vt 0.66667 0.50000
vt 0.73333 0.50000
vt 0.73333 0.50000
vt 0.80000 0.50000
vt 0.80000 0.50000
vt 0.86667 0.50000
vt 0.86667 0.50000
vt 0.93333 0.50000
vt 0.93333 0.50000
vt 1.00000 0.50000
vt 1.00000 0.50000
vt 0.00000 0.62500
vt 0.00000 0.62500
vt 0.06667 0.62500
vt 0.06667 0.62500
vt 0.13333 0.62500
vt 0.13333 0.62500
vt 0.20000 0.62500
vt 0.20000 0.62500
vt 0.26667 0.62500
vt 0.26667 0.62500
vt 0.33333 0.62500
vt 0.33333 0.62500
vt 0.40000 0.62500
vt 0.40000 0.62500
vt 0.46667 0.62500
vt 0.46667 0.62500
vt 0.53333 0.62500
vt 0.53333 0.62500
vt 0.60000 0.62500
vt 0.60000 0.62500
vt 0.66667 0.62500
vt 0.66667 0.62500
vt 0.73333 0.62500
vt 0.73333 0.62500
vt 0.80000 0.62500
vt 0.80000 0.62500
vt 0.86667 0.62500
vt 0.86667 0.62500
vt 0.93333 0.62500
vt 0.93333 0.62500
vt 1.00000 0.62500
vt 1.00000 0.62500
vt 0.00000 0.75000
vt 0.00000 0.75000
vt 0.06667 0.75000
vt 0.06667 0.75000
vt 0.13333 0.75000
vt 0.13333 0.75000
vt 0.20000 0.75000
vt 0.20000 0.75000
vt 0.26667 0.75000
vt 0.26667 0.75000
vt 0.33333 0.75000
vt 0.33333 0.75000
vt 0.40000 0.75000
vt 0.40000 0.75000
vt 0.46667 0.75000
vt 0.46667 0.75000
vt 0.53333 0.75000
vt 0.53333 0.75000
vt 0.60000 0.75000
vt 0.60000 0.75000
vt 0.66667 0.75000
vt 0.66667 0.75000
vt 0.73333 0.75000
vt 0.73333 0.75000
vt 0.80000 0.75000
vt 0.80000 0.75000
vt 0.86667 0.75000
vt 0.86667 0.75000
vt 0.93333 0.75000
vt 0.93333 0.75000
vt 1.00000 0.75000
vt 1.00000 0.75000
vt 0.00000 0.87500
vt 0.00000 0.87500
vt 0.06667 0.87500
vt 0.06667 0.87500
vt 0.13333 0.87500
vt 0.13333 0.87500
vt 0.20000 0.87500
vt 0.20000 0.87500
vt 0.26667 0.87500
vt 0.26667 0.87500
vt 0.33333 0.87500
vt 0.33333 0.87500
vt 0.40000 0.87500
vt 0.40000 0.87500
vt 0.46667 0.87500
vt 0.46667 0.87500
vt 0.53333 0.87500
vt 0.53333 0.87500
vt 0.60000 0.87500
vt 0.60000 0.87500
vt 0.66667 0.87500
vt 0.66667 0.87500
vt 0.73333 0.87500
vt 0.73333 0.87500
vt 0.80000 0.87500
vt 0.80000 0.87500
vt 0.86667 0.87500
vt 0.86667 0.87500
vt 0.93333 0.87500
vt 0.93333 0.87500
vt 1.00000 0.87500
vt 1.00000 0.87500
vt 0.00000 1.00000
vt 0.00000 1.00000
vt 0.06667 1.00000
vt 0.06667 1.00000
vt 0.13333 1.00000
vt 0.13333 1.00000
vt 0.20000 1.00000
vt 0.20000 1.00000
vt 0.26667 1.00000
vt 0.26667 1.00000
vt 0.33333 1.00000
vt 0.33333 1.00000
vt 0.40000 1.00000
vt 0.40000 1.00000
vt 0.46667 1.00000
vt 0.46667 1.00000
vt 0.53333 1.00000
vt 0.53333 1.00000
vt 0.60000 1.00000
vt 0.60000 1.00000
vt 0.66667 1.00000
vt 0.66667 1.00000
vt 0.73333 1.00000
vt 0.73333 1.00000
vt 0.80000 1.00000
vt 0.80000 1.00000
vt 0.86667 1.00000
vt 0.86667 1.00000
vt 0.93333 1.00000
vt 0.93333 1.00000
vt 1.00000 1.00000
vt 1.00000 1.00000
vt 0.00000 0.00000
vt 0.14286 0.00000
vt 0.28571 0.00000
vt 0.42857 0.00000
vt 0.57143 0.00000
vt 0.71429 0.00000
vt 0.85714 0.00000
vt 1.00000 0.00000
vt 0.00000 0.25000
vt 0.14286 0.25000
vt 0.28571 0.25000
vt 0.42857 0.25000
vt 0.57143 0.25000
vt 0.71429 0.25000
vt 0.85714 0.25000
vt 1.00000 0.25000
vt 0.00000 0.50000
vt 0.14286 0.50000
vt 0.28571 0.50000
vt 0.42857 0.50000
vt 0.57143 0.50000
vt 0.71429 0.50000
vt 0.85714 0.50000
vt 1.00000 0.50000
vt 0.00000 0.75000
vt 0.14286 0.75000
vt 0.28571 0.75000
vt 0.42857 0.75000
vt 0.57143 0.75000
vt 0.71429 0.75000
vt 0.85714 0.75000
vt 1.00000 0.75000
vt 0.00000 1.00000
vt 0.14286 1.00000
vt 0.28571 1.00000
vt 0.42857 1.00000
vt 0.57143 1.00000
vt 0.71429 1.00000
vt 0.85714 1.00000
vt 1.00000 1.00000
vt 0.00000 0.00000
vt 0.14286 0.00000
vt 0.28571 0.00000
vt 0.42857 0.00000
vt 0.57143 0.00000
vt 0.71429 0.00000
vt 0.85714 0.00000
vt 1.00000 0.00000
vt 0.00000 0.25000
vt 0.14286 0.25000
vt 0.28571 0.25000
vt 0.42857 0.25000
vt 0.57143 0.25000
vt 0.71429 0.25000
vt 0.85714 0.25000
vt 1.00000 0.25000
vt 0.00000 0.50000
vt 0.14286 0.50000
vt 0.28571 0.50000
vt 0.42857 0.50000
vt 0.57143 0.50000
vt 0.71429 0.50000
vt 0.85714 0.50000
vt 1.00000 0.50000
vt 0.00000 0.75000
vt 0.14286 0.75000
vt 0.28571 0.75000
vt 0.42857 0.75000
vt 0.57143 0.75000
vt 0.71429 0.75000
vt 0.85714 0.75000
vt 1.00000 0.75000
vt 0.00000 1.00000
vt 0.14286 1.00000
vt 0.28571 1.00000
vt 0.42857 1.00000
vt 0.57143 1.00000
vt 0.71429 1.00000
vt 0.85714 1.00000
vt 1.00000 1.00000
vt 0.00000 0.00000
vt 0.14286 0.00000
vt 0.28571 0.00000
vt 0.42857 0.00000
vt 0.57143 0.00000
vt 0.71429 0.00000
vt 0.85714 0.00000
vt 1.00000 0.00000
vt 0.00000 0.25000
vt 0.14286 0.25000
vt 0.28571 0.25000
vt 0.42857 0.25000
vt 0.57143 0.25000
vt 0.71429 0.25000
vt 0.85714 0.25000
vt 1.00000 0.25000
vt 0.00000 0.50000
vt 0.14286 0.50000
vt 0.28571 0.50000
vt 0.42857 0.50000
vt 0.57143 0.50000
vt 0.71429 0.50000
vt 0.85714 0.50000
vt 1.00000 0.50000
vt 0.00000 0.75000
vt 0.14286 0.75000
vt 0.28571 0.75000
vt 0.42857 0.75000
vt 0.57143 0.75000
vt 0.71429 0.75000
vt 0.85714 0.75000
vt 1.00000 0.75000
vt 0.00000 1.00000
vt 0.14286 1.00000
vt 0.28571 1.00000
vt 0.42857 1.00000
vt 0.57143 1.00000
vt 0.71429 1.00000
vt 0.85714 1.00000
vt 1.00000 1.00000
vt 0.00000 0.00000
vt 0.14286 0.00000
vt 0.28571 0.00000
vt 0.42857 0.00000
vt 0.57143 0.00000
vt 0.71429 0.00000
vt 0.85714 0.00000
vt 1.00000 0.00000
vt 0.00000 0.25000
vt 0.14286 0.25000
vt 0.28571 0.25000
vt 0.42857 0.25000
vt 0.57143 0.25000
vt 0.71429 0.25000
vt 0.85714 0.25000
vt 1.00000 0.25000
vt 0.00000 0.50000
vt 0.14286 0.50000
vt 0.28571 0.50000
vt 0.42857 0.50000
vt 0.57143 0.50000
vt 0.71429 0.50000
vt 0.85714 0.50000
vt 1.00000 0.50000
vt 0.00000 0.75000
vt 0.14286 0.75000
vt 0.28571 0.75000
vt 0.42857 0.75000
vt 0.57143 0.75000
vt 0.71429 0.75000
vt 0.85714 0.75000
vt 1.00000 0.75000
vt 0.00000 1.00000
vt 0.14286 1.00000
vt 0.28571 1.00000
vt 0.42857 1.00000
vt 0.57143 1.00000
vt 0.71429 1.00000
vt 0.85714 1.00000
vt 1.00000 1.00000
vt 0.00000 0.00000
vt 0.14286 0.00000
vt 0.28571 0.00000
vt 0.42857 0.00000
vt 0.57143 0.00000
vt 0.71429 0.00000
vt 0.85714 0.00000
vt 1.00000 0.00000
vt 0.00000 0.25000
vt 0.14286 0.25000
vt 0.28571 0.25000
vt 0.42857 0.25000
vt 0.57143 0.25000
vt 0.71429 0.25000
vt 0.85714 0.25000
vt 1.00000 0.25000
vt 0.00000 0.50000
vt 0.14286 0.50000
vt 0.28571 0.50000
vt 0.42857 0.50000
vt 0.57143 0.50000
vt 0.71429 0.50000
vt 0.85714 0.50000
vt 1.00000 0.50000
vt 0.00000 0.75000
vt 0.14286 0.75000
vt 0.28571 0.75000
vt 0.42857 0.75000
vt 0.57143 0.75000
vt 0.71429 0.75000
vt 0.85714 0.75000
vt 1.00000 0.75000
vt 0.00000 1.00000
vt 0.14286 1.00000
vt 0.28571 1.00000
vt 0.42857 1.00000
vt 0.57143 1.00000
vt 0.71429 1.00000
vt 0.85714 1.00000
vt 1.00000 1.00000
vt 0.00000 0.00000
vt 0.14286 0.00000
vt 0.28571 0.00000
vt 0.42857 0.00000
vt 0.57143 0.00000
vt 0.71429 0.00000
vt 0.85714 0.00000
vt 1.00000 0.00000
vt 0.00000 0.25000
vt 0.14286 0.25000
vt 0.28571 0.25000
vt 0.42857 0.25000
vt 0.57143 0.25000
vt 0.71429 0.25000
vt 0.85714 0.25000
vt 1.00000 0.25000
vt 0.00000 0.50000
vt 0.14286 0.50000
vt 0.28571 0.50000
vt 0.42857 0.50000
vt 0.57143 0.50000
vt 0.71429 0.50000
vt 0.85714 0.50000
vt 1.00000 0.50000
vt 0.00000 0.75000
vt 0.14286 0.75000
vt 0.28571 0.75000
vt 0.42857 0.75000
vt 0.57143 0.75000
vt 0.71429 0.75000
vt 0.85714 0.75000
vt 1.00000 0.75000
vt 0.00000 1.00000
vt 0.14286 1.00000
vt 0.28571 1.00000
vt 0.42857 1.00000
vt 0.57143 1.00000
vt 0.71429 1.00000
vt 0.85714 1.00000
vt 1.00000 1.00000
vt 0.00000 0.00000
vt 0.14286 0.00000
vt 0.28571 0.00000
vt 0.42857 0.00000
vt 0.57143 0.00000
vt 0.71429 0.00000
vt 0.85714 0.00000
vt 1.00000 0.00000
vt 0.00000 0.25000
vt 0.14286 0.25000
vt 0.28571 0.25000
vt 0.42857 0.25000
vt 0.57143 0.25000
vt 0.71429 0.25000
vt 0.85714 0.25000
vt 1.00000 0.25000
vt 0.00000 0.50000
vt 0.14286 0.50000
vt 0.28571 0.50000
vt 0.42857 0.50000
vt 0.57143 0.50000
vt 0.71429 0.50000
vt 0.85714 0.50000
vt 1.00000 0.50000
vt 0.00000 0.75000
vt 0.14286 0.75000
vt 0.28571 0.75000
vt 0.42857 0.75000
vt 0.57143 0.75000
vt 0.71429 0.75000
vt 0.85714 0.75000
vt 1.00000 0.75000
vt 0.00000 1.00000
vt 0.14286 1.00000
vt 0.28571 1.00000
vt 0.42857 1.00000
vt 0.57143 1.00000
vt 0.71429 1.00000
vt 0.85714 1.00000
vt 1.00000 1.00000
vt 0.00000 0.00000
vt 0.14286 0.00000
vt 0.28571 0.00000
vt 0.42857 0.00000
vt 0.57143 0.00000
vt 0.71429 0.00000
vt 0.85714 0.00000
vt 1.00000 0.00000
vt 0.00000 0.25000
vt 0.14286 0.25000
vt 0.28571 0.25000
vt 0.42857 0.25000
vt 0.57143 0.25000
vt 0.71429 0.25000
vt 0.85714 0.25000
vt 1.00000 0.25000
vt 0.00000 0.50000
vt 0.14286 0.50000
vt 0.28571 0.50000
vt 0.42857 0.50000
vt 0.57143 0.50000
vt 0.71429 0.50000
vt 0.85714 0.50000
vt 1.00000 0.50000
vt 0.00000 0.75000
vt 0.14286 0.75000
vt 0.28571 0.75000
vt 0.42857 0.75000
vt 0.57143 0.75000
vt 0.71429 0.75000
vt 0.85714 0.75000
vt 1.00000 0.75000
vt 0.00000 1.00000
vt 0.14286 1.00000
vt 0.28571 1.00000
vt 0.42857 1.00000
vt 0.57143 1.00000
vt 0.71429 1.00000
vt 0.85714 1.00000
vt 1.00000 1.00000
vt 0.00000 0.00000
vt 0.14286 0.00000
vt 0.28571 0.00000
vt 0.42857 0.00000
vt 0.57143 0.00000
vt 0.71429 0.00000
vt 0.85714 0.00000
vt 1.00000 0.00000
vt 0.00000 0.25000
vt 0.14286 0.25000
vt 0.28571 0.25000
vt 0.42857 0.25000
vt 0.57143 0.25000
vt 0.71429 0.25000
vt 0.85714 0.25000
vt 1.00000 0.25000
vt 0.00000 0.50000
vt 0.14286 0.50000
vt 0.28571 0.50000
vt 0.42857 0.50000
vt 0.57143 0.50000
vt 0.71429 0.50000
vt 0.85714 0.50000
vt 1.00000 0.50000
vt 0.00000 0.75000
vt 0.14286 0.75000
vt 0.28571 0.75000
vt 0.42857 0.75000
vt 0.57143 0.75000
vt 0.71429 0.75000
vt 0.85714 0.75000
vt 1.00000 0.75000
vt 0.00000 1.00000
vt 0.14286 1.00000
vt 0.28571 1.00000
vt 0.42857 1.00000
vt 0.57143 1.00000
vt 0.71429 1.00000
vt 0.85714 1.00000
vt 1.00000 1.00000
vt 0.00000 0.00000
vt 0.14286 0.00000
vt 0.28571 0.00000
vt 0.42857 0.00000
vt 0.57143 0.00000
vt 0.71429 0.00000
vt 0.85714 0.00000
vt 1.00000 0.00000
vt 0.00000 0.25000
vt 0.14286 0.25000
vt 0.28571 0.25000
vt 0.42857 0.25000
vt 0.57143 0.25000
vt 0.71429 0.25000
vt 0.85714 0.25000
vt 1.00000 0.25000
vt 0.00000 0.50000
vt 0.14286 0.50000
vt 0.28571 0.50000
vt 0.42857 0.50000
vt 0.57143 0.50000
vt 0.71429 0.50000
vt 0.85714 0.50000
vt 1.00000 0.50000
vt 0.00000 0.75000
vt 0.14286 0.75000
vt 0.28571 0.75000
vt 0.42857 0.75000
vt 0.57143 0.75000
vt 0.71429 0.75000
vt 0.85714 0.75000
vt 1.00000 0.75000
vt 0.00000 1.00000
vt 0.14286 1.00000
vt 0.28571 1.00000
vt 0.42857 1.00000
vt 0.57143 1.00000
vt 0.71429 1.00000
vt 0.85714 1.00000
vt 1.00000 1.00000
vt 0.00000 0.00000
vt 0.14286 0.00000
vt 0.28571 0.00000
vt 0.42857 0.00000
vt 0.57143 0.00000
vt 0.71429 0.00000
vt 0.85714 0.00000
vt 1.00000 0.00000
vt 0.00000 0.25000
vt 0.14286 0.25000
vt 0.28571 0.25000
vt 0.42857 0.25000
vt 0.57143 0.25000
vt 0.71429 0.25000
vt 0.85714 0.25000
vt 1.00000 0.25000
vt 0.00000 0.50000
vt 0.14286 0.50000
vt 0.28571 0.50000
vt 0.42857 0.50000
vt 0.57143 0.50000
vt 0.71429 0.50000
vt 0.85714 0.50000
vt 1.00000 0.50000
vt 0.00000 0.75000
vt 0.14286 0.75000
vt 0.28571 0.75000
vt 0.42857 0.75000
vt 0.57143 0.75000
vt 0.71429 0.75000
vt 0.85714 0.75000
vt 1.00000 0.75000
vt 0.00000 1.00000
vt 0.14286 1.00000
vt 0.28571 1.00000
vt 0.42857 1.00000
vt 0.57143 1.00000
vt 0.71429 1.00000
vt 0.85714 1.00000
vt 1.00000 1.00000
vt 0.00000 0.00000
vt 0.14286 0.00000
vt 0.28571 0.00000
vt 0.42857 0.00000
vt 0.57143 0.00000
vt 0.71429 0.00000
vt 0.85714 0.00000
vt 1.00000 0.00000
vt 0.00000 0.25000
vt 0.14286 0.25000
vt 0.28571 0.25000
vt 0.42857 0.25000
vt 0.57143 0.25000
vt 0.71429 0.25000
vt 0.85714 0.25000
vt 1.00000 0.25000
vt 0.00000 0.50000
vt 0.14286 0.50000
vt 0.28571 0.50000
vt 0.42857 0.50000
vt 0.57143 0.50000
vt 0.71429 0.50000
vt 0.85714 0.50000
vt 1.00000 0.50000
vt 0.00000 0.75000
vt 0.14286 0.75000
vt 0.28571 0.75000
vt 0.42857 0.75000
vt 0.57143 0.75000
vt 0.71429 0.75000
vt 0.85714 0.75000
vt 1.00000 0.75000
vt 0.00000 1.00000
vt 0.14286 1.00000
vt 0.28571 1.00000
vt 0.42857 1.00000
vt 0.57143 1.00000
vt 0.71429 1.00000
vt 0.85714 1.00000
vt 1.00000 1.00000
vt 0.00000 0.00000
vt 0.14286 0.00000
vt 0.28571 0.00000
vt 0.42857 0.00000
vt 0.57143 0.00000
vt 0.71429 0.00000
vt 0.85714 0.00000
vt 1.00000 0.00000
vt 0.00000 0.25000
vt 0.14286 0.25000
vt 0.28571 0.25000
vt 0.42857 0.25000
vt 0.57143 0.25000
vt 0.71429 0.25000
vt 0.85714 0.25000
vt 1.00000 0.25000
vt 0.00000 0.50000
vt 0.14286 0.50000
vt 0.28571 0.50000
vt 0.42857 0.50000
vt 0.57143 0.50000
vt 0.71429 0.50000
vt 0.85714 0.50000
vt 1.00000 0.50000
vt 0.00000 0.75000
vt 0.14286 0.75000
vt 0.28571 0.75000
vt 0.42857 0.75000
vt 0.57143 0.75000
vt 0.71429 0.75000
vt 0.85714 0.75000
vt 1.00000 0.75000
vt 0.00000 1.00000
vt 0.14286 1.00000
vt 0.28571 1.00000
vt 0.42857 1.00000
vt 0.57143 1.00000
vt 0.71429 1.00000
vt 0.85714 1.00000
vt 1.00000 1.00000
vt 0.00000 0.00000
vt 0.14286 0.00000
vt 0.28571 0.00000
vt 0.42857 0.00000
vt 0.57143 0.00000
vt 0.71429 0.00000
vt 0.85714 0.00000
vt 1.00000 0.00000
vt 0.00000 0.25000
vt 0.14286 0.25000
vt 0.28571 0.25000
vt 0.42857 0.25000
vt 0.57143 0.25000
vt 0.71429 0.25000
vt 0.85714 0.25000
vt 1.00000 0.25000
vt 0.00000 0.50000
vt 0.14286 0.50000
vt 0.28571 0.50000
vt 0.42857 0.50000
vt 0.57143 0.50000
vt 0.71429 0.50000
vt 0.85714 0.50000
vt 1.00000 0.50000
vt 0.00000 0.75000
vt 0.14286 0.75000
vt 0.28571 0.75000
vt 0.42857 0.75000
vt 0.57143 0.75000
vt 0.71429 0.75000
vt 0.85714 0.75000
vt 1.00000 0.75000
vt 0.00000 1.00000
vt 0.14286 1.00000
vt 0.28571 1.00000
vt 0.42857 1.00000
vt 0.57143 1.00000
vt 0.71429 1.00000
vt 0.85714 1.00000
vt 1.00000 1.00000
vt 0.00000 0.00000
vt 0.14286 0.00000
vt 0.28571 0.00000
vt 0.42857 0.00000
vt 0.57143 0.00000
vt 0.71429 0.00000
vt 0.85714 0.00000
vt 1.00000 0.00000
vt 0.00000 0.25000
vt 0.14286 0.25000
vt 0.28571 0.25000
vt 0.42857 0.25000
vt 0.57143 0.25000
vt 0.71429 0.25000
vt 0.85714 0.25000
vt 1.00000 0.25000
vt 0.00000 0.50000
vt 0.14286 0.50000
vt 0.28571 0.50000
vt 0.42857 0.50000
vt 0.57143 0.50000
vt 0.71429 0.50000
vt 0.85714 0.50000
vt 1.00000 0.50000
vt 0.00000 0.75000
vt 0.14286 0.75000
vt 0.28571 0.75000
vt 0.42857 0.75000
vt 0.57143 0.75000
vt 0.71429 0.75000
vt 0.85714 0.75000
vt 1.00000 0.75000
vt 0.00000 1.00000
vt 0.14286 1.00000
vt 0.28571 1.00000
vt 0.42857 1.00000
vt 0.57143 1.00000
vt 0.71429 1.00000
vt 0.85714 1.00000
vt 1.00000 1.00000
vn 0.58941 -0.44293 0.67558
vn 0.59251 -0.43757 0.67636
vn 0.59610 -0.43096 0.67745
vn 0.36843 -0.36369 0.85556
vn 0.19670 -0.30295 0.93249
vn -0.19557 -0.30346 0.93256
vn -0.50377 -0.40666 0.76214
vn -0.59399 -0.43545 0.67643
vn -0.59081 -0.44218 0.67485
vn -0.59084 -0.44756 0.67126
vn 0.58529 -0.44110 0.68034
vn 0.58861 -0.43751 0.67980
vn 0.59204 -0.43089 0.68105
vn 0.43585 -0.38413 0.81393
vn 0.13313 -0.27969 0.95082
vn 0.03894 -0.24543 0.96863
vn -0.03982 -0.24498 0.96871
vn -0.15733 -0.28699 0.94492
vn -0.44138 -0.38586 0.81012
vn -0.59193 -0.43101 0.68107
vn -0.58855 -0.43764 0.67977
vn -0.58838 -0.44319 0.67631
vn 0.58133 -0.43602 0.68698
vn 0.58461 -0.43250 0.68642
vn 0.58816 -0.42559 0.68771
vn 0.43225 -0.37729 0.81903
vn 0.11778 -0.26758 0.95631
vn 0.05633 -0.24503 0.96788
vn 0.07805 -0.25012 0.96506
vn -0.07939 -0.24929 0.96517
vn -0.05031 -0.24123 0.96916
vn -0.11944 -0.26824 0.95592
vn -0.43734 -0.37905 0.81551
vn -0.58801 -0.42585 0.68767
vn -0.58450 -0.43277 0.68634
vn -0.58418 -0.43879 0.68278
vn 0.58916 -0.39330 0.70583
vn 0.58898 -0.40028 0.70205
vn 0.59203 -0.39481 0.70259
vn 0.43201 -0.35428 0.82937
vn 0.11804 -0.25244 0.96039
vn 0.06214 -0.23341 0.97039
vn 0.10262 -0.24389 0.96436
vn 0.16933 -0.25359 0.95238
vn 0.20483 -0.26378 0.94258
vn 0.20127 -0.27045 0.94146
vn 0.14414 -0.27472 0.95066
vn 0.03896 -0.27675 0.96015
vn -0.08076 -0.27566 0.95786
vn -0.17088 -0.27193 0.94702
vn -0.20791 -0.26653 0.94114
vn -0.19515 -0.25874 0.94603
vn -0.15130 -0.24762 0.95697
vn -0.09453 -0.23848 0.96654
vn -0.06109 -0.23343 0.97045
vn -0.11960 -0.25083 0.96061
vn -0.43806 -0.34794 0.82888
vn -0.59230 -0.39359 0.70304
vn -0.58930 -0.39905 0.70248
vn -0.58616 -0.41379 0.69656
vn 0.62614 -0.21973 0.74811
vn 0.61849 -0.26399 0.74012
vn 0.61927 -0.26896 0.73768
vn 0.44381 -0.27218 0.85378
vn 0.11989 -0.21901 0.96833
vn 0.06475 -0.20763 0.97606
vn 0.11226 -0.21729 0.96963
vn 0.16600 -0.22843 0.95930
vn 0.20658 -0.23941 0.94869
vn 0.21063 -0.24946 0.94520
vn 0.16140 -0.25814 0.95253
vn 0.06029 -0.26339 0.96280
vn -0.06313 -0.26248 0.96287
vn -0.16329 -0.25600 0.95278
vn -0.21118 -0.24730 0.94565
vn -0.20597 -0.23813 0.94914
vn -0.16477 -0.22825 0.95956
vn -0.11100 -0.21786 0.96965
vn -0.06381 -0.20842 0.97595
vn -0.12145 -0.21142 0.96982
vn -0.45203 -0.24222 0.85849
vn -0.62028 -0.26294 0.73900
vn -0.61954 -0.25781 0.74142
vn -0.61133 -0.29503 0.73433
vn 0.64489 -0.12621 0.75379
vn 0.64175 -0.13709 0.75456
vn 0.64221 -0.15082 0.75154
vn 0.46124 -0.17278 0.87029
vn 0.12419 -0.17842 0.97609
vn 0.06841 -0.17959 0.98136
vn 0.11870 -0.18533 0.97548
vn 0.17562 -0.19300 0.96535
vn 0.21861 -0.20247 0.95458
vn 0.22301 -0.21374 0.95110
vn 0.17112 -0.22569 0.95905
vn 0.06415 -0.23425 0.97006
vn -0.06665 -0.23439 0.96986
vn -0.17268 -0.22609 0.95868
vn -0.22336 -0.21431 0.95088
vn -0.21799 -0.20306 0.95459
vn -0.17452 -0.19347 0.96546
vn -0.11760 -0.18563 0.97556
vn -0.06758 -0.17975 0.98139
vn -0.12537 -0.17866 0.97589
vn -0.46519 -0.17328 0.86809
vn -0.64208 -0.15167 0.75149
vn -0.64166 -0.13793 0.75448
vn -0.63927 -0.13043 0.75784
vn 0.65225 -0.11433 0.74933
vn 0.64993 -0.12353 0.74989
vn 0.65078 -0.13447 0.74726
vn 0.47033 -0.15142 0.86940
vn 0.12806 -0.15346 0.97982
vn 0.07179 -0.15394 0.98547
vn 0.12459 -0.15907 0.97937
vn 0.18430 -0.16571 0.96880
vn 0.22943 -0.17370 0.95770
vn 0.23428 -0.18315 0.95476
vn 0.18022 -0.19333 0.96444
vn 0.06788 -0.20076 0.97729
vn -0.07000 -0.20094 0.97710
vn -0.18154 -0.19382 0.96409
vn -0.23457 -0.18383 0.95456
vn -0.22890 -0.17438 0.95770
vn -0.18337 -0.16626 0.96888
vn -0.12365 -0.15942 0.97944
vn -0.07109 -0.15413 0.98549
vn -0.12906 -0.15374 0.97965
vn -0.47362 -0.15207 0.86750
vn -0.65065 -0.13544 0.74720
vn -0.64983 -0.12450 0.74981
vn -0.64781 -0.11909 0.75244
vn 0.65778 -0.10113 0.74639
vn 0.65629 -0.10844 0.74668
vn 0.65752 -0.11629 0.74441
vn 0.47765 -0.12733 0.86928
vn 0.13120 -0.12497 0.98345
vn 0.07452 -0.12464 0.98940
vn 0.12934 -0.12908 0.98316
vn 0.19133 -0.13459 0.97225
vn 0.23821 -0.14093 0.96093
vn 0.24348 -0.14829 0.95850
vn 0.18772 -0.15625 0.96971
vn 0.07101 -0.16218 0.98420
vn -0.07271 -0.16240 0.98404
vn -0.18877 -0.15682 0.96942
vn -0.24371 -0.14905 0.95833
vn -0.23779 -0.14169 0.96093
vn -0.19058 -0.13519 0.97232
vn -0.12859 -0.12947 0.98321
vn -0.07396 -0.12486 0.98941
vn -0.13200 -0.12527 0.98330
vn -0.48024 -0.12811 0.86773
vn -0.65740 -0.11737 0.74434
vn -0.65620 -0.10951 0.74660
vn -0.65457 -0.10635 0.74848
vn 0.66426 -0.04469 0.74616
vn 0.66274 -0.06286 0.74620
vn 0.66426 -0.07020 0.74420
vn 0.48412 -0.08706 0.87066
vn 0.13371 -0.09017 0.98691
vn 0.07663 -0.09008 0.99298
vn 0.13303 -0.09280 0.98676
vn 0.19681 -0.09656 0.97567
vn 0.24508 -0.10142 0.96418
vn 0.25070 -0.10752 0.96208
vn 0.19363 -0.11428 0.97440
vn 0.07353 -0.11921 0.99014
vn -0.07478 -0.11913 0.99006
vn -0.19442 -0.11416 0.97425
vn -0.25088 -0.10756 0.96202
vn -0.24479 -0.10173 0.96423
vn -0.19627 -0.09709 0.97573
vn -0.13248 -0.09338 0.98678
vn -0.07622 -0.09056 0.99297
vn -0.13432 -0.08832 0.98699
vn -0.48635 -0.07929 0.87016
vn -0.66427 -0.06952 0.74425
vn -0.66277 -0.06213 0.74624
vn -0.66065 -0.07048 0.74738
vn 0.66176 0.18553 0.72640
vn 0.66549 0.12052 0.73661
vn 0.66877 0.10135 0.73653
vn 0.49260 0.02904 0.86977
vn 0.13693 -0.03509 0.98996
vn 0.07886 -0.04293 0.99596
vn 0.13695 -0.03924 0.98980
vn 0.20264 -0.03838 0.97850
vn 0.25234 -0.04263 0.96670
vn 0.25825 -0.05222 0.96467
vn 0.19975 -0.06411 0.97775
vn 0.07612 -0.07223 0.99448
vn -0.07690 -0.07098 0.99451
vn -0.20027 -0.06117 0.97783
vn -0.25840 -0.04931 0.96478
vn -0.25218 -0.04106 0.96681
vn -0.20231 -0.03845 0.97857
vn -0.13661 -0.04039 0.98980
vn -0.07861 -0.04433 0.99592
vn -0.13733 -0.02526 0.99020
vn -0.49281 0.06829 0.86745
vn -0.66824 0.10857 0.73598
vn -0.66487 0.12788 0.73593
vn -0.66385 0.08797 0.74267
vn 0.65788 0.29962 0.69095
vn 0.65774 0.27782 0.70014
vn 0.66448 0.25138 0.70376
vn 0.50083 0.16626 0.84943
vn 0.14263 0.02764 0.98939
vn 0.08237 0.00341 0.99660
vn 0.14295 0.01333 0.98964
vn 0.21133 0.01959 0.97722
vn 0.26303 0.01767 0.96463
vn 0.26941 0.00653 0.96300
vn 0.20891 -0.00957 0.97789
vn 0.07997 -0.02194 0.99656
vn -0.08024 -0.02221 0.99653
vn -0.20908 -0.01026 0.97784
vn -0.26945 0.00562 0.96300
vn -0.26297 0.01677 0.96466
vn -0.21122 0.01886 0.97726
vn -0.14284 0.01282 0.98966
vn -0.08228 0.00310 0.99660
vn -0.14275 0.02736 0.98938
vn -0.50128 0.16551 0.84931
vn -0.66467 0.25027 0.70397
vn -0.65795 0.27674 0.70037
vn -0.64981 0.29005 0.70258
vn 0.66746 0.31848 0.67311
vn 0.66771 0.29913 0.68167
vn 0.67434 0.27581 0.68498
vn 0.51357 0.19952 0.83453
vn 0.14845 0.06498 0.98678
vn 0.08569 0.04084 0.99548
vn 0.14861 0.05200 0.98753
vn 0.21945 0.05979 0.97379
vn 0.27292 0.05969 0.96018
vn 0.27970 0.05088 0.95874
vn 0.21744 0.03751 0.97535
vn 0.08363 0.02717 0.99613
vn -0.08335 0.02689 0.99616
vn -0.21728 0.03679 0.97542
vn -0.27968 0.04997 0.95879
vn -0.27299 0.05881 0.96022
vn -0.21958 0.05910 0.97380
vn -0.14874 0.05155 0.98753
vn -0.08578 0.04059 0.99549
vn -0.14833 0.06462 0.98682
vn -0.51329 0.19853 0.83494
vn -0.67455 0.27474 0.68519
vn -0.66794 0.29810 0.68190
vn -0.66042 0.30978 0.68402
vn 0.67559 0.33574 0.65640
vn 0.67612 0.31870 0.66429
vn 0.68252 0.29828 0.66723
vn 0.52452 0.23079 0.81952
vn 0.15358 0.10145 0.98291
vn 0.08831 0.07753 0.99307
vn 0.15303 0.08975 0.98414
vn 0.22573 0.09886 0.96916
vn 0.28051 0.10047 0.95458
vn 0.28760 0.09403 0.95312
vn 0.22404 0.08356 0.97099
vn 0.08653 0.07550 0.99338
vn -0.08567 0.07522 0.99348
vn -0.22352 0.08285 0.97117
vn -0.28749 0.09315 0.95324
vn -0.28072 0.09964 0.95460
vn -0.22610 0.09824 0.96914
vn -0.15340 0.08936 0.98411
vn -0.08859 0.07733 0.99306
vn -0.15319 0.10102 0.98302
vn -0.52351 0.22963 0.82049
vn -0.68275 0.29728 0.66744
vn -0.67636 0.31773 0.66452
vn -0.66946 0.32792 0.66655
vn 0.68252 0.35130 0.64090
vn 0.68322 0.33640 0.64811
vn 0.68931 0.31859 0.65066
vn 0.53387 0.25959 0.80474
vn 0.15798 0.13615 0.97801
vn 0.09016 0.11253 0.98955
vn 0.15612 0.12562 0.97972
vn 0.23008 0.13586 0.96364
vn 0.28571 0.13903 0.94818
vn 0.29300 0.13489 0.94655
vn 0.22861 0.12737 0.96515
vn 0.08863 0.12167 0.98861
vn -0.08716 0.12141 0.98877
vn -0.22772 0.12669 0.96545
vn -0.29282 0.13406 0.94672
vn -0.28607 0.13827 0.94818
vn -0.23071 0.13531 0.96357
vn -0.15676 0.12531 0.97965
vn -0.09064 0.11240 0.98952
vn -0.15731 0.13566 0.97819
vn -0.53214 0.25831 0.80629
vn -0.68955 0.31768 0.65085
vn -0.68346 0.33551 0.64832
vn -0.67716 0.34437 0.65028
vn 0.68850 0.36511 0.62663
vn 0.68928 0.35212 0.63317
vn 0.69500 0.33664 0.63533
vn 0.54186 0.28552 0.79048
vn 0.16168 0.16831 0.97239
vn 0.09122 0.14501 0.98522
vn 0.15787 0.15876 0.97461
vn 0.23249 0.16994 0.95764
vn 0.28854 0.17451 0.94143
vn 0.29592 0.17254 0.93950
vn 0.23114 0.16786 0.95833
vn 0.08990 0.16448 0.98227
vn -0.08781 0.16424 0.98250
vn -0.22988 0.16724 0.95874
vn -0.29566 0.17177 0.93972
vn -0.28904 0.17382 0.94140
vn -0.23338 0.16948 0.95750
vn -0.15879 0.15854 0.97450
vn -0.09191 0.14495 0.98516
vn -0.16071 0.16777 0.97264
vn -0.53944 0.28418 0.79262
vn -0.69524 0.33582 0.63550
vn -0.68951 0.35132 0.63336
vn -0.68378 0.35905 0.63525
vn 0.69377 0.37714 0.61355
vn 0.69456 0.36584 0.61947
vn 0.69991 0.35234 0.62128
vn 0.54881 0.30833 0.77701
vn 0.16471 0.19725 0.96642
vn 0.09151 0.17424 0.98044
vn 0.15830 0.18848 0.96923
vn 0.23299 0.20042 0.95160
vn 0.28906 0.20622 0.93483
vn 0.29646 0.20624 0.93251
vn 0.23170 0.20417 0.95112
vn 0.09037 0.20293 0.97501
vn -0.08764 0.20272 0.97531
vn -0.23005 0.20363 0.95164
vn -0.29611 0.20556 0.93277
vn -0.28971 0.20563 0.93477
vn -0.23415 0.20006 0.95139
vn -0.15948 0.18835 0.96907
vn -0.09240 0.17425 0.98036
vn -0.16346 0.19667 0.96675
vn -0.54571 0.30698 0.77972
vn -0.70014 0.35162 0.62142
vn -0.69478 0.36514 0.61964
vn -0.68954 0.37192 0.62145
vn 0.73740 0.19674 0.64617
vn 0.72883 0.24852 0.63800
vn 0.73032 0.24833 0.63637
vn 0.56398 0.26079 0.78353
vn 0.16646 0.20417 0.96468
vn 0.09046 0.18812 0.97797
vn 0.15667 0.19793 0.96761
vn 0.23079 0.20801 0.95051
vn 0.28630 0.21657 0.93334
vn 0.29325 0.22394 0.92944
vn 0.22880 0.23106 0.94565
vn 0.08932 0.23586 0.96767
vn -0.08603 0.23408 0.96840
vn -0.22699 0.22675 0.94713
vn -0.29309 0.21926 0.93060
vn -0.28725 0.21334 0.93380
vn -0.23225 0.20689 0.95040
vn -0.15810 0.19845 0.96728
vn -0.09154 0.18930 0.97764
vn -0.16533 0.19172 0.96743
vn -0.56619 0.21652 0.79533
vn -0.73216 0.23885 0.63788
vn -0.73067 0.23886 0.63959
vn -0.72011 0.28840 0.63109
vn 0.73840 -0.03586 0.67341
vn 0.74428 0.01365 0.66773
vn 0.74525 0.03936 0.66563
vn 0.57085 0.11642 0.81276
vn 0.16196 0.18360 0.96957
vn 0.08526 0.19261 0.97756
vn 0.14806 0.19471 0.96962
vn 0.21876 0.20011 0.95504
vn 0.27183 0.21057 0.93903
vn 0.27804 0.22698 0.93337
vn 0.21597 0.24678 0.94470
vn 0.08410 0.26137 0.96157
vn -0.08037 0.26040 0.96215
vn -0.21378 0.24433 0.94583
vn -0.27768 0.22417 0.93415
vn -0.27281 0.20845 0.93921
vn -0.22041 0.19915 0.95486
vn -0.14971 0.19472 0.96937
vn -0.08649 0.19307 0.97737
vn -0.16039 0.17631 0.97118
vn -0.56756 0.08879 0.81853
vn -0.74547 0.03288 0.66572
vn -0.74435 0.00705 0.66776
vn -0.74887 0.02172 0.66236
vn 0.71381 -0.08973 0.69456
vn 0.72286 -0.06920 0.68752
vn 0.72568 -0.03270 0.68726
vn 0.55114 0.06280 0.83205
vn 0.15155 0.18400 0.97117
vn 0.07698 0.20494 0.97574
vn 0.13397 0.20500 0.96955
vn 0.19852 0.20934 0.95748
vn 0.24730 0.22084 0.94344
vn 0.25291 0.24048 0.93713
vn 0.19574 0.26445 0.94433
vn 0.07606 0.28227 0.95631
vn -0.07208 0.28229 0.95662
vn -0.19324 0.26438 0.94486
vn -0.25233 0.24018 0.93736
vn -0.24825 0.22035 0.94330
vn -0.20027 0.20880 0.95723
vn -0.13574 0.20454 0.96940
vn -0.07831 0.20462 0.97570
vn -0.14964 0.18424 0.97142
vn -0.54553 0.06421 0.83563
vn -0.72573 -0.03322 0.68718
vn -0.72285 -0.06970 0.68748
vn -0.72818 -0.09788 0.67836
vn 0.69069 -0.07552 0.71920
vn 0.70015 -0.05388 0.71196
vn 0.70253 -0.01580 0.71148
vn 0.52475 0.08159 0.84734
vn 0.13997 0.19845 0.97007
vn 0.06830 0.21869 0.97340
vn 0.11902 0.21986 0.96824
vn 0.17678 0.22548 0.95808
vn 0.22073 0.23803 0.94584
vn 0.22582 0.25800 0.93938
vn 0.17437 0.28135 0.94363
vn 0.06772 0.29823 0.95209
vn -0.06362 0.29828 0.95235
vn -0.17177 0.28138 0.94410
vn -0.22521 0.25783 0.93958
vn -0.22172 0.23765 0.94571
vn -0.17860 0.22503 0.95784
vn -0.12086 0.21946 0.96811
vn -0.06967 0.21840 0.97337
vn -0.13800 0.19874 0.97029
vn -0.51861 0.08328 0.85095
vn -0.70260 -0.01618 0.71140
vn -0.70016 -0.05424 0.71192
vn -0.70641 -0.08343 0.70287
vn 0.66566 -0.06280 0.74361
vn 0.67546 -0.04026 0.73630
vn 0.67741 -0.00109 0.73561
vn 0.49762 0.09656 0.86200
vn 0.12877 0.20798 0.96962
vn 0.05990 0.22745 0.97195
vn 0.10451 0.22958 0.96766
vn 0.15555 0.23628 0.95915
vn 0.19465 0.24963 0.94858
vn 0.19926 0.26965 0.94212
vn 0.15361 0.29212 0.94396
vn 0.05967 0.30792 0.94954
vn -0.05555 0.30800 0.94976
vn -0.15096 0.29223 0.94436
vn -0.19862 0.26960 0.94227
vn -0.19566 0.24938 0.94844
vn -0.15739 0.23593 0.95894
vn -0.10636 0.22925 0.96754
vn -0.06128 0.22720 0.97192
vn -0.12678 0.20832 0.96981
vn -0.49109 0.09847 0.86553
vn -0.67749 -0.00131 0.73553
vn -0.67548 -0.04045 0.73627
vn -0.68258 -0.07024 0.72743
vn 0.64755 -0.06865 0.75892
vn 0.65762 -0.04554 0.75198
vn 0.65941 -0.00594 0.75176
vn 0.54954 0.07271 0.83230
vn 0.14859 0.20376 0.96768
vn 0.04894 0.22947 0.97209
vn 0.08771 0.23078 0.96905
vn 0.13449 0.23622 0.96235
vn 0.17393 0.24815 0.95298
vn 0.18504 0.26724 0.94570
vn 0.15127 0.29019 0.94494
vn 0.07128 0.30879 0.94846
vn -0.03361 0.31363 0.94895
vn -0.12652 0.30224 0.94480
vn -0.17838 0.28148 0.94284
vn -0.18252 0.26053 0.94806
vn -0.15098 0.24488 0.95773
vn -0.10445 0.23576 0.96618
vn -0.06144 0.23180 0.97082
vn -0.09239 0.22008 0.97110
vn -0.39125 0.14018 0.90955
vn -0.66004 0.02061 0.75095
vn -0.65842 -0.01897 0.75242
vn -0.66159 -0.05378 0.74794
vn 0.58929 -0.44286 -0.67573
vn 0.59213 -0.43738 -0.67682
vn 0.59472 -0.43038 -0.67903
vn 0.36110 -0.36062 -0.85997
vn 0.18533 -0.29752 -0.93656
vn -0.18386 -0.29818 -0.93663
vn -0.49993 -0.40522 -0.76542
vn -0.59306 -0.43508 -0.67749
vn -0.59056 -0.44206 -0.67514
vn -0.59072 -0.44750 -0.67141
vn 0.58516 -0.44103 -0.68050
vn 0.58827 -0.43735 -0.68019
vn 0.59080 -0.43038 -0.68244
vn 0.43008 -0.38186 -0.81806
vn 0.11407 -0.27126 -0.95572
vn 0.00978 -0.23170 -0.97274
vn -0.01000 -0.23159 -0.97276
vn -0.14106 -0.27988 -0.94961
vn -0.43587 -0.38368 -0.81413
vn -0.59074 -0.43052 -0.68241
vn -0.58822 -0.43749 -0.68015
vn -0.58825 -0.44312 -0.67646
vn 0.58119 -0.43594 -0.68715
vn 0.58424 -0.43233 -0.68684
vn 0.58683 -0.42506 -0.68917
vn 0.42615 -0.37490 -0.82331
vn 0.09613 -0.25819 -0.96130
vn 0.01417 -0.22719 -0.97375
vn 0.01969 -0.22572 -0.97399
vn -0.02003 -0.22552 -0.97403
vn -0.01264 -0.22517 -0.97424
vn -0.09832 -0.25902 -0.96085
vn -0.43148 -0.37674 -0.81969
vn -0.58673 -0.42533 -0.68908
vn -0.58415 -0.43260 -0.68675
vn -0.58405 -0.43872 -0.68294
vn 0.58901 -0.39323 -0.70600
vn 0.58858 -0.40012 -0.70248
vn 0.59058 -0.39430 -0.70409
vn 0.42550 -0.35204 -0.83367
vn 0.09553 -0.24365 -0.96515
vn 0.01563 -0.21593 -0.97628
vn 0.02596 -0.21766 -0.97568
vn 0.04335 -0.21642 -0.97534
vn 0.05292 -0.21947 -0.97418
vn 0.05205 -0.22120 -0.97384
vn 0.03694 -0.22174 -0.97441
vn 0.00989 -0.22171 -0.97506
vn -0.02055 -0.22157 -0.97493
vn -0.04395 -0.22126 -0.97423
vn -0.05379 -0.22024 -0.97396
vn -0.05026 -0.21803 -0.97465
vn -0.03857 -0.21471 -0.97592
vn -0.02387 -0.21469 -0.97639
vn -0.01536 -0.21593 -0.97629
vn -0.09756 -0.24202 -0.96535
vn -0.43177 -0.34564 -0.83313
vn -0.59090 -0.39306 -0.70451
vn -0.58892 -0.39888 -0.70290
vn -0.58601 -0.41372 -0.69673
vn 0.62595 -0.21970 -0.74828
vn 0.61801 -0.26392 -0.74055
vn 0.61757 -0.26875 -0.73917
vn 0.43660 -0.27113 -0.85783
vn 0.09627 -0.21396 -0.97209
vn 0.01626 -0.19693 -0.98028
vn 0.02835 -0.19955 -0.97948
vn 0.04232 -0.20275 -0.97832
vn 0.05319 -0.20598 -0.97711
vn 0.05440 -0.20867 -0.97647
vn 0.04137 -0.21045 -0.97673
vn 0.01530 -0.21120 -0.97732
vn -0.01602 -0.21098 -0.97736
vn -0.04185 -0.20990 -0.97683
vn -0.05452 -0.20810 -0.97659
vn -0.05302 -0.20564 -0.97719
vn -0.04200 -0.20269 -0.97834
vn -0.02803 -0.19969 -0.97946
vn -0.01602 -0.19713 -0.98025
vn -0.09821 -0.20585 -0.97364
vn -0.44499 -0.24074 -0.86257
vn -0.61865 -0.26258 -0.74049
vn -0.61909 -0.25769 -0.74184
vn -0.61115 -0.29498 -0.73450
vn 0.64468 -0.12620 -0.75396
vn 0.64124 -0.13707 -0.75500
vn 0.64039 -0.15079 -0.75310
vn 0.45346 -0.17250 -0.87442
vn 0.09911 -0.17611 -0.97937
vn 0.01716 -0.17411 -0.98458
vn 0.02993 -0.17572 -0.98398
vn 0.04471 -0.17799 -0.98302
vn 0.05622 -0.18078 -0.98192
vn 0.05752 -0.18376 -0.98129
vn 0.04378 -0.18640 -0.98150
vn 0.01624 -0.18802 -0.98203
vn -0.01687 -0.18806 -0.98201
vn -0.04420 -0.18652 -0.98146
vn -0.05762 -0.18392 -0.98125
vn -0.05606 -0.18093 -0.98190
vn -0.04442 -0.17811 -0.98301
vn -0.02965 -0.17579 -0.98398
vn -0.01695 -0.17415 -0.98457
vn -0.10066 -0.17630 -0.97918
vn -0.45760 -0.17298 -0.87217
vn -0.64029 -0.15163 -0.75302
vn -0.64116 -0.13791 -0.75491
vn -0.63907 -0.13042 -0.75801
vn 0.65204 -0.11432 -0.74952
vn 0.64940 -0.12351 -0.75035
vn 0.64892 -0.13444 -0.74889
vn 0.46228 -0.15113 -0.87376
vn 0.10176 -0.15127 -0.98324
vn 0.01801 -0.14884 -0.98870
vn 0.03143 -0.15029 -0.98814
vn 0.04695 -0.15228 -0.98722
vn 0.05906 -0.15467 -0.98620
vn 0.06047 -0.15717 -0.98572
vn 0.04607 -0.15936 -0.98614
vn 0.01714 -0.16070 -0.98685
vn -0.01767 -0.16076 -0.98684
vn -0.04642 -0.15950 -0.98611
vn -0.06055 -0.15735 -0.98568
vn -0.05893 -0.15484 -0.98618
vn -0.04671 -0.15241 -0.98721
vn -0.03119 -0.15038 -0.98814
vn -0.01783 -0.14889 -0.98869
vn -0.10308 -0.15148 -0.98307
vn -0.46572 -0.15176 -0.87182
vn -0.64882 -0.13540 -0.74880
vn -0.64932 -0.12448 -0.75026
vn -0.64760 -0.11908 -0.75262
vn 0.65757 -0.10112 -0.74657
vn 0.65575 -0.10842 -0.74715
vn 0.65563 -0.11625 -0.74608
vn 0.46938 -0.12702 -0.87381
vn 0.10391 -0.12292 -0.98696
vn 0.01869 -0.12000 -0.99260
vn 0.03263 -0.12125 -0.99209
vn 0.04877 -0.12292 -0.99122
vn 0.06137 -0.12484 -0.99028
vn 0.06287 -0.12679 -0.98994
vn 0.04794 -0.12846 -0.99056
vn 0.01788 -0.12948 -0.99142
vn -0.01831 -0.12953 -0.99141
vn -0.04822 -0.12861 -0.99052
vn -0.06293 -0.12699 -0.98991
vn -0.06126 -0.12503 -0.99026
vn -0.04857 -0.12307 -0.99121
vn -0.03244 -0.12135 -0.99208
vn -0.01855 -0.12005 -0.99259
vn -0.10497 -0.12314 -0.98682
vn -0.47210 -0.12777 -0.87224
vn -0.65554 -0.11731 -0.74600
vn -0.65568 -0.10948 -0.74706
vn -0.65436 -0.10634 -0.74867
vn 0.66405 -0.04469 -0.74635
vn 0.66220 -0.06287 -0.74668
vn 0.66234 -0.07024 -0.74591
vn 0.47566 -0.08708 -0.87531
vn 0.10566 -0.08925 -0.99039
vn 0.01921 -0.08765 -0.99597
vn 0.03355 -0.08844 -0.99552
vn 0.05016 -0.08960 -0.99471
vn 0.06316 -0.09106 -0.99384
vn 0.06473 -0.09267 -0.99359
vn 0.04940 -0.09412 -0.99433
vn 0.01848 -0.09498 -0.99531
vn -0.01879 -0.09497 -0.99530
vn -0.04961 -0.09409 -0.99433
vn -0.06478 -0.09268 -0.99359
vn -0.06308 -0.09114 -0.99384
vn -0.05002 -0.08973 -0.99471
vn -0.03341 -0.08859 -0.99551
vn -0.01911 -0.08778 -0.99596
vn -0.10645 -0.08715 -0.99049
vn -0.47798 -0.07915 -0.87480
vn -0.66237 -0.06950 -0.74595
vn -0.66223 -0.06212 -0.74672
vn -0.66044 -0.07047 -0.74756
vn 0.66156 0.18546 -0.72660
vn 0.66497 0.12036 -0.73711
vn 0.66689 0.10083 -0.73831
vn 0.48403 0.02710 -0.87463
vn 0.10805 -0.03979 -0.99335
vn 0.01977 -0.05059 -0.99852
vn 0.03453 -0.04971 -0.99817
vn 0.05164 -0.04957 -0.99744
vn 0.06504 -0.05074 -0.99659
vn 0.06668 -0.05323 -0.99635
vn 0.05093 -0.05612 -0.99712
vn 0.01910 -0.05794 -0.99814
vn -0.01929 -0.05762 -0.99815
vn -0.05106 -0.05537 -0.99716
vn -0.06672 -0.05248 -0.99639
vn -0.06499 -0.05033 -0.99662
vn -0.05155 -0.04958 -0.99744
vn -0.03444 -0.05000 -0.99816
vn -0.01970 -0.05094 -0.99851
vn -0.10856 -0.02913 -0.99366
vn -0.48434 0.06702 -0.87231
vn -0.66636 0.10827 -0.73773
vn -0.66434 0.12780 -0.73642
vn -0.66364 0.08793 -0.74287
vn 0.65770 0.29953 -0.69117
vn 0.65727 0.27762 -0.70067
vn 0.66275 0.25071 -0.70562
vn 0.49249 0.16337 -0.85485
vn 0.11258 0.01852 -0.99347
vn 0.02066 -0.01269 -0.99971
vn 0.03609 -0.01017 -0.99930
vn 0.05398 -0.00852 -0.99851
vn 0.06801 -0.00895 -0.99764
vn 0.06977 -0.01182 -0.99749
vn 0.05333 -0.01597 -0.99845
vn 0.02005 -0.01905 -0.99962
vn -0.02012 -0.01911 -0.99961
vn -0.05337 -0.01615 -0.99844
vn -0.06978 -0.01206 -0.99749
vn -0.06799 -0.00918 -0.99764
vn -0.05395 -0.00871 -0.99851
vn -0.03606 -0.01030 -0.99930
vn -0.02063 -0.01277 -0.99971
vn -0.11275 0.01836 -0.99345
vn -0.49295 0.16265 -0.85472
vn -0.66295 0.24961 -0.70583
vn -0.65748 0.27654 -0.70089
vn -0.64962 0.28996 -0.70279
vn 0.66728 0.31840 -0.67332
vn 0.66725 0.29894 -0.68221
vn 0.67266 0.27519 -0.68687
vn 0.50528 0.19673 -0.84023
vn 0.11733 0.05535 -0.99155
vn 0.02151 0.02342 -0.99949
vn 0.03758 0.02631 -0.99895
vn 0.05623 0.02847 -0.99801
vn 0.07085 0.02863 -0.99708
vn 0.07272 0.02636 -0.99700
vn 0.05563 0.02275 -0.99819
vn 0.02098 0.01999 -0.99958
vn -0.02091 0.01992 -0.99958
vn -0.05559 0.02256 -0.99820
vn -0.07271 0.02613 -0.99701
vn -0.07087 0.02840 -0.99708
vn -0.05626 0.02829 -0.99802
vn -0.03761 0.02620 -0.99895
vn -0.02153 0.02336 -0.99950
vn -0.11716 0.05508 -0.99158
vn -0.50497 0.19576 -0.84065
vn -0.67288 0.27413 -0.68709
vn -0.66748 0.29791 -0.68244
vn -0.66023 0.30969 -0.68424
vn 0.67542 0.33566 -0.65661
vn 0.67568 0.31853 -0.66483
vn 0.68090 0.29771 -0.66913
vn 0.51633 0.22814 -0.82544
vn 0.12165 0.09144 -0.98835
vn 0.02219 0.05900 -0.99801
vn 0.03877 0.06224 -0.99731
vn 0.05801 0.06486 -0.99621
vn 0.07311 0.06560 -0.99516
vn 0.07507 0.06396 -0.99513
vn 0.05748 0.06090 -0.99649
vn 0.02173 0.05849 -0.99805
vn -0.02152 0.05842 -0.99806
vn -0.05734 0.06072 -0.99651
vn -0.07503 0.06372 -0.99514
vn -0.07316 0.06538 -0.99517
vn -0.05810 0.06470 -0.99621
vn -0.03886 0.06214 -0.99731
vn -0.02226 0.05895 -0.99801
vn -0.12113 0.09108 -0.98845
vn -0.51526 0.22699 -0.82643
vn -0.68113 0.29672 -0.66935
vn -0.67591 0.31756 -0.66506
vn -0.66928 0.32784 -0.66677
vn 0.68236 0.35123 -0.64112
vn 0.68280 0.33624 -0.64864
vn 0.68776 0.31808 -0.65255
vn 0.52584 0.25710 -0.81080
vn 0.12553 0.12591 -0.98407
vn 0.02267 0.09315 -0.99539
vn 0.03962 0.09667 -0.99453
vn 0.05929 0.09972 -0.99325
vn 0.07474 0.10100 -0.99208
vn 0.07677 0.09997 -0.99202
vn 0.05883 0.09750 -0.99350
vn 0.02230 0.09545 -0.99518
vn -0.02193 0.09539 -0.99520
vn -0.05859 0.09732 -0.99353
vn -0.07671 0.09975 -0.99205
vn -0.07483 0.10080 -0.99209
vn -0.05945 0.09958 -0.99325
vn -0.03979 0.09659 -0.99453
vn -0.02279 0.09311 -0.99539
vn -0.12463 0.12545 -0.98424
vn -0.52400 0.25582 -0.81239
vn -0.68798 0.31717 -0.65275
vn -0.68303 0.33534 -0.64886
vn -0.67699 0.34430 -0.65049
vn 0.68834 0.36504 -0.62684
vn 0.68887 0.35198 -0.63370
vn 0.69352 0.33618 -0.63719
vn 0.53404 0.28321 -0.79661
vn 0.12898 0.15796 -0.97899
vn 0.02296 0.12501 -0.99189
vn 0.04013 0.12877 -0.99086
vn 0.06005 0.13219 -0.98940
vn 0.07571 0.13396 -0.98809
vn 0.07780 0.13353 -0.98799
vn 0.05966 0.13163 -0.98950
vn 0.02268 0.12995 -0.99126
vn -0.02215 0.12989 -0.99128
vn -0.05932 0.13146 -0.98955
vn -0.07771 0.13332 -0.98802
vn -0.07585 0.13379 -0.98810
vn -0.06029 0.13207 -0.98940
vn -0.04036 0.12872 -0.99086
vn -0.02313 0.12500 -0.99189
vn -0.12770 0.15741 -0.97924
vn -0.53147 0.28186 -0.79881
vn -0.69374 0.33536 -0.63738
vn -0.68909 0.35118 -0.63390
vn -0.68361 0.35898 -0.63546
vn 0.69362 0.37708 -0.61376
vn 0.69418 0.36570 -0.61998
vn 0.69849 0.35193 -0.62310
vn 0.54123 0.30621 -0.78314
vn 0.13205 0.18691 -0.97346
vn 0.02305 0.15386 -0.98782
vn 0.04029 0.15781 -0.98665
vn 0.06029 0.16153 -0.98502
vn 0.07603 0.16375 -0.98357
vn 0.07816 0.16386 -0.98338
vn 0.05998 0.16250 -0.98488
vn 0.02286 0.16118 -0.98666
vn -0.02217 0.16112 -0.98669
vn -0.05953 0.16234 -0.98494
vn -0.07805 0.16367 -0.98342
vn -0.07621 0.16359 -0.98358
vn -0.06061 0.16145 -0.98502
vn -0.04059 0.15779 -0.98664
vn -0.02328 0.15387 -0.98782
vn -0.13038 0.18628 -0.97381
vn -0.53794 0.30483 -0.78594
vn -0.69870 0.35121 -0.62327
vn -0.69438 0.36500 -0.62016
vn -0.68939 0.37186 -0.62166
vn 0.73723 0.19672 -0.64637
vn 0.72841 0.24849 -0.63850
vn 0.72882 0.24827 -0.63812
vn 0.55621 0.26022 -0.78925
vn 0.13406 0.19879 -0.97083
vn 0.02276 0.17626 -0.98408
vn 0.03979 0.17907 -0.98303
vn 0.05957 0.18228 -0.98144
vn 0.07514 0.18522 -0.97982
vn 0.07724 0.18729 -0.97926
vn 0.05930 0.18833 -0.98032
vn 0.02266 0.18847 -0.98182
vn -0.02181 0.18799 -0.98193
vn -0.05875 0.18716 -0.98057
vn -0.07712 0.18603 -0.97951
vn -0.07536 0.18437 -0.97996
vn -0.05996 0.18201 -0.98147
vn -0.04017 0.17921 -0.98299
vn -0.02303 0.17656 -0.98402
vn -0.13235 0.18545 -0.97370
vn -0.55818 0.21520 -0.80133
vn -0.73066 0.23858 -0.63970
vn -0.73025 0.23876 -0.64010
vn -0.71995 0.28836 -0.63129
vn 0.73822 -0.03582 -0.67360
vn 0.74384 0.01375 -0.66821
vn 0.74370 0.03970 -0.66733
vn 0.56295 0.11771 -0.81806
vn 0.13104 0.18515 -0.97393
vn 0.02139 0.19330 -0.98091
vn 0.03742 0.19410 -0.98027
vn 0.05606 0.19599 -0.97900
vn 0.07073 0.19926 -0.97739
vn 0.07271 0.20367 -0.97634
vn 0.05581 0.20811 -0.97651
vn 0.02137 0.21086 -0.97728
vn -0.02041 0.21059 -0.97736
vn -0.05519 0.20744 -0.97669
vn -0.07257 0.20292 -0.97650
vn -0.07098 0.19872 -0.97748
vn -0.05650 0.19576 -0.97902
vn -0.03785 0.19411 -0.98025
vn -0.02170 0.19342 -0.98088
vn -0.12888 0.17748 -0.97565
vn -0.55942 0.08970 -0.82401
vn -0.74389 0.03310 -0.66748
vn -0.74390 0.00711 -0.66825
vn -0.74870 0.02174 -0.66256
vn 0.71365 -0.08968 -0.69474
vn 0.72244 -0.06908 -0.68798
vn 0.72416 -0.03226 -0.68888
vn 0.54358 0.06454 -0.83687
vn 0.12343 0.18736 -0.97450
vn 0.01928 0.20895 -0.97774
vn 0.03376 0.20919 -0.97729
vn 0.05060 0.21072 -0.97623
vn 0.06387 0.21416 -0.97471
vn 0.06568 0.21936 -0.97343
vn 0.05042 0.22497 -0.97306
vn 0.01935 0.22871 -0.97330
vn -0.01833 0.22870 -0.97332
vn -0.04975 0.22493 -0.97310
vn -0.06551 0.21928 -0.97346
vn -0.06413 0.21404 -0.97472
vn -0.05106 0.21060 -0.97624
vn -0.03421 0.20909 -0.97730
vn -0.01962 0.20887 -0.97775
vn -0.12092 0.18775 -0.97475
vn -0.53769 0.06604 -0.84055
vn -0.72416 -0.03276 -0.68885
vn -0.72242 -0.06957 -0.68795
vn -0.72801 -0.09782 -0.67855
vn 0.69052 -0.07548 -0.71936
vn 0.69974 -0.05376 -0.71238
vn 0.70103 -0.01538 -0.71297
vn 0.51764 0.08313 -0.85155
vn 0.11495 0.20109 -0.97280
vn 0.01710 0.22144 -0.97503
vn 0.02995 0.22193 -0.97460
vn 0.04491 0.22372 -0.97362
vn 0.05672 0.22735 -0.97216
vn 0.05834 0.23261 -0.97082
vn 0.04482 0.23816 -0.97019
vn 0.01725 0.24182 -0.97017
vn -0.01620 0.24181 -0.97019
vn -0.04413 0.23814 -0.97023
vn -0.05817 0.23256 -0.97084
vn -0.05698 0.22726 -0.97217
vn -0.04538 0.22362 -0.97362
vn -0.03042 0.22183 -0.97461
vn -0.01745 0.22137 -0.97503
vn -0.11236 0.20152 -0.97302
vn -0.51120 0.08490 -0.85526
vn -0.70104 -0.01574 -0.71294
vn -0.69973 -0.05411 -0.71236
vn -0.70624 -0.08338 -0.70304
vn 0.66550 -0.06275 -0.74376
vn 0.67505 -0.04015 -0.73668
vn 0.67595 -0.00072 -0.73695
vn 0.49104 0.09787 -0.86562
vn 0.10677 0.20997 -0.97186
vn 0.01500 0.22909 -0.97329
vn 0.02627 0.22978 -0.97289
vn 0.03941 0.23177 -0.97197
vn 0.04979 0.23552 -0.97059
vn 0.05125 0.24078 -0.96923
vn 0.03940 0.24621 -0.96842
vn 0.01521 0.24974 -0.96819
vn -0.01416 0.24974 -0.96821
vn -0.03870 0.24621 -0.96844
vn -0.05108 0.24076 -0.96924
vn -0.05006 0.23547 -0.97059
vn -0.03988 0.23170 -0.97197
vn -0.02674 0.22971 -0.97289
vn -0.01534 0.22903 -0.97330
vn -0.10416 0.21042 -0.97205
vn -0.48421 0.09985 -0.86924
vn -0.67597 -0.00091 -0.73693
vn -0.67505 -0.04034 -0.73666
vn -0.68241 -0.07019 -0.72759
vn 0.64740 -0.06860 -0.75906
vn 0.65730 -0.04544 -0.75226
vn 0.65825 -0.00561 -0.75278
vn 0.54493 0.07380 -0.83523
vn 0.13111 0.20576 -0.96978
vn 0.01224 0.23139 -0.97278
vn 0.02200 0.23183 -0.97251
vn 0.03395 0.23344 -0.97178
vn 0.04428 0.23677 -0.97056
vn 0.04741 0.24180 -0.96917
vn 0.03875 0.24748 -0.96812
vn 0.01818 0.25181 -0.96761
vn -0.00857 0.25296 -0.96744
vn -0.03239 0.25044 -0.96759
vn -0.04580 0.24546 -0.96832
vn -0.04667 0.24004 -0.96964
vn -0.03827 0.23575 -0.97106
vn -0.02627 0.23316 -0.97208
vn -0.01539 0.23200 -0.97259
vn -0.06917 0.22129 -0.97275
vn -0.38291 0.14143 -0.91290
vn -0.65831 0.02100 -0.75246
vn -0.65792 -0.01886 -0.75285
vn -0.66143 -0.05374 -0.74808
vn -0.02194 0.13702 0.99033
vn -0.01339 0.79755 0.60310
vn 0.00307 0.99051 -0.13742
vn 0.01783 0.60350 -0.79716
vn 0.02216 -0.13646 -0.99040
vn 0.01349 -0.79674 -0.60418
vn -0.00302 -0.99069 0.13608
vn -0.01766 -0.60395 0.79683
vn -0.04488 -0.00441 0.99898
vn -0.02961 0.70502 0.70857
vn 0.00317 0.99999 0.00212
vn 0.03426 0.70854 -0.70484
vn 0.04531 0.00302 -0.99897
vn 0.02982 -0.70400 -0.70957
vn -0.00298 -0.99998 -0.00553
vn -0.03385 -0.71093 0.70244
vn -0.09505 -0.00830 0.99544
vn -0.06505 0.70280 0.70841
vn 0.00335 0.99998 0.00522
vn 0.06983 0.71090 -0.69982
vn 0.09539 0.00724 -0.99541
vn 0.06528 -0.70044 -0.71072
vn -0.00277 -0.99994 -0.01092
vn -0.06914 -0.71427 0.69644
vn -0.15719 -0.01420 0.98747
vn -0.10906 0.69967 0.70609
vn 0.00381 0.99995 0.00889
vn 0.11471 0.71319 -0.69152
vn 0.15839 0.01145 -0.98731
vn 0.10981 -0.69645 -0.70915
vn -0.00226 -0.99984 -0.01787
vn -0.11270 -0.71905 0.68575
vn -0.24440 -0.02460 0.96936
vn -0.17149 0.69572 0.69754
vn 0.00562 0.99991 0.01187
vn 0.18127 0.71435 -0.67591
vn 0.25069 0.01574 -0.96794
vn 0.17465 -0.69045 -0.70198
vn -0.00031 -0.99954 -0.03025
vn -0.17284 -0.72808 0.66334
vn -0.36126 -0.05987 0.93054
vn -0.26864 0.68970 0.67242
vn 0.01750 0.99981 0.00854
vn 0.31448 0.70692 -0.63354
vn 0.42760 0.01523 -0.90384
vn 0.29483 -0.67988 -0.67145
vn 0.01273 -0.99803 -0.06151
vn -0.24559 -0.75795 0.60432
vn 0.72559 -0.24938 0.64135
vn -0.22323 0.66398 0.71365
vn 0.09917 0.99500 0.01196
vn 0.64493 0.67054 -0.36666
vn 0.83581 0.00247 -0.54901
vn 0.57516 -0.66457 -0.47701
vn 0.11561 -0.98572 -0.12240
vn 0.40170 -0.70863 0.58007
vn 0.98891 0.07353 -0.12901
vn 0.87886 0.04056 -0.47535
vn 0.17489 0.97900 0.10474
vn 0.70525 0.66721 0.23969
vn 0.98147 0.00024 0.19160
vn 0.74448 -0.66466 0.06304
vn 0.15861 -0.98591 -0.05318
vn 0.97829 -0.10714 -0.17740
vn -0.27917 0.14442 -0.94932
vn -0.18408 0.80827 -0.55930
vn 0.04422 0.99452 0.09473
vn 0.41145 0.67152 0.61625
vn 0.60487 -0.00903 0.79628
vn 0.45594 -0.69182 0.55991
vn 0.04385 -0.99904 -0.00244
vn -0.31217 -0.68290 -0.66046
vn -0.30272 0.03530 -0.95243
vn -0.21146 0.73754 -0.64134
vn 0.00300 0.99913 0.04168
vn 0.22323 0.68600 0.69251
vn 0.32099 -0.01687 0.94693
vn 0.23316 -0.71287 0.66140
vn 0.00869 -0.99989 -0.01180
vn -0.21506 -0.69318 -0.68794
vn -0.19651 0.01843 -0.98033
vn -0.14003 0.72266 -0.67687
vn -0.00164 0.99973 0.02297
vn 0.13850 0.69381 0.70672
vn 0.19909 -0.01368 0.97989
vn 0.14389 -0.71409 0.68511
vn 0.00438 -0.99993 -0.01061
vn -0.13705 -0.69783 -0.70303
vn -0.12398 0.01096 -0.99222
vn -0.08947 0.71639 -0.69194
vn -0.00258 0.99990 0.01402
vn 0.08594 0.69861 0.71032
vn 0.12460 -0.00928 0.99216
vn 0.09060 -0.71208 0.69623
vn 0.00351 -0.99997 -0.00706
vn -0.08553 -0.70131 -0.70771
vn -0.06906 0.00598 -0.99759
vn -0.05085 0.71249 -0.69984
vn -0.00289 0.99996 0.00832
vn 0.04679 0.70205 0.71059
vn 0.06925 -0.00532 0.99758
vn 0.05129 -0.70971 0.70263
vn 0.00325 -0.99999 -0.00340
vn -0.04668 -0.70419 -0.70847
vn -0.02223 0.00191 -0.99975
vn -0.01782 0.70949 -0.70449
vn -0.00302 0.99999 0.00397
vn 0.01355 0.70483 0.70925
vn 0.02228 -0.00173 0.99975
vn 0.01800 -0.70731 0.70667
vn 0.00312 -1.00000 0.00020
vn -0.01358 -0.70683 -0.70725
vn 0.02223 -0.00191 -0.99975
vn 0.01358 0.70683 -0.70725
vn -0.00312 1.00000 0.00020
vn -0.01800 0.70731 0.70667
vn -0.02228 0.00173 0.99975
vn -0.01355 -0.70483 0.70925
vn 0.00302 -0.99999 0.00397
vn 0.01782 -0.70949 -0.70449
vn 0.06906 -0.00598 -0.99759
vn 0.04668 0.70419 -0.70847
vn -0.00325 0.99999 -0.00340
vn -0.05129 0.70971 0.70263
vn -0.06925 0.00532 0.99758
vn -0.04679 -0.70205 0.71059
vn 0.00289 -0.99996 0.00832
vn 0.05085 -0.71249 -0.69984
vn 0.12398 -0.01096 -0.99222
vn 0.08553 0.70131 -0.70771
vn -0.00351 0.99997 -0.00706
vn -0.09060 0.71208 0.69623
vn -0.12460 0.00928 0.99216
vn -0.08594 -0.69861 0.71032
vn 0.00258 -0.99990 0.01402
vn 0.08947 -0.71639 -0.69194
vn 0.19651 -0.01843 -0.98033
vn 0.13705 0.69783 -0.70303
vn -0.00438 0.99993 -0.01061
vn -0.14389 0.71409 0.68511
vn -0.19909 0.01368 0.97989
vn -0.13850 -0.69381 0.70672
vn 0.00164 -0.99973 0.02297
vn 0.14003 -0.72266 -0.67687
vn 0.30272 -0.03530 -0.95243
vn 0.21506 0.69318 -0.68794
vn -0.00869 0.99989 -0.01180
vn -0.23316 0.71287 0.66140
vn -0.32099 0.01687 0.94693
vn -0.22323 -0.68600 0.69251
vn -0.00300 -0.99913 0.04168
vn 0.21146 -0.73754 -0.64134
vn 0.27917 -0.14442 -0.94932
vn 0.31217 0.68290 -0.66046
vn -0.04385 0.99904 -0.00244
vn -0.45594 0.69182 0.55991
vn -0.60487 0.00903 0.79628
vn -0.41145 -0.67152 0.61625
vn -0.04422 -0.99452 0.09473
vn 0.18408 -0.80827 -0.55930
vn -0.98891 -0.07353 -0.12901
vn -0.97829 0.10714 -0.17740
vn -0.15861 0.98591 -0.05318
vn -0.74448 0.66466 0.06304
vn -0.98147 -0.00024 0.19160
vn -0.70525 -0.66721 0.23969
vn -0.17489 -0.97900 0.10474
vn -0.87886 -0.04056 -0.47535
vn -0.72559 0.24938 0.64135
vn -0.40170 0.70863 0.58007
vn -0.11561 0.98572 -0.12240
vn -0.57516 0.66457 -0.47701
vn -0.83581 -0.00247 -0.54901
vn -0.64493 -0.67054 -0.36666
vn -0.09917 -0.99500 0.01196
vn 0.22323 -0.66398 0.71365
vn 0.36126 0.05987 0.93054
vn 0.24559 0.75795 0.60432
vn -0.01273 0.99803 -0.06151
vn -0.29483 0.67988 -0.67145
vn -0.42760 -0.01523 -0.90384
vn -0.31448 -0.70692 -0.63354
vn -0.01750 -0.99981 0.00854
vn 0.26864 -0.68970 0.67242
vn 0.24440 0.02460 0.96936
vn 0.17284 0.72808 0.66334
vn 0.00031 0.99954 -0.03025
vn -0.17465 0.69045 -0.70198
vn -0.25069 -0.01574 -0.96794
vn -0.18127 -0.71435 -0.67591
vn -0.00562 -0.99991 0.01187
vn 0.17149 -0.69572 0.69754
vn 0.15719 0.01420 0.98747
vn 0.11270 0.71905 0.68575
vn 0.00226 0.99984 -0.01787
vn -0.10981 0.69645 -0.70915
vn -0.15839 -0.01145 -0.98731
vn -0.11471 -0.71319 -0.69152
vn -0.00381 -0.99995 0.00889
vn 0.10906 -0.69967 0.70609
vn 0.09505 0.00830 0.99544
vn 0.06914 0.71427 0.69644
vn 0.00277 0.99994 -0.01092
vn -0.06528 0.70044 -0.71072
vn -0.09539 -0.00724 -0.99541
vn -0.06983 -0.71090 -0.69982
vn -0.00335 -0.99998 0.00522
vn 0.06505 -0.70280 0.70841
vn 0.04488 0.00441 0.99898
vn 0.03385 0.71093 0.70244
vn 0.00298 0.99998 -0.00553
vn -0.02982 0.70400 -0.70957
vn -0.04531 -0.00302 -0.99897
vn -0.03426 -0.70854 -0.70484
vn -0.00317 -0.99999 0.00212
vn 0.02961 -0.70502 0.70857
vn 0.02194 -0.13702 0.99033
vn 0.01766 0.60395 0.79683
vn 0.00302 0.99069 0.13608
vn -0.01349 0.79674 -0.60418
vn -0.02216 0.13646 -0.99040
vn -0.01783 -0.60350 -0.79716
vn -0.00307 -0.99051 -0.13742
vn 0.01339 -0.79755 0.60310
vn 0.00133 0.13676 0.99060
vn 0.00081 0.79716 0.60377
vn -0.00018 0.99061 -0.13674
vn -0.00107 0.60376 -0.79717
vn -0.00133 -0.13679 -0.99060
vn -0.00081 -0.79719 -0.60372
vn 0.00018 -0.99060 0.13681
vn 0.00107 -0.60374 0.79718
vn 0.00332 0.00007 0.99999
vn 0.00215 0.70708 0.70713
vn -0.00027 1.00000 0.00012
vn -0.00254 0.70720 -0.70701
vn -0.00332 0.00007 -0.99999
vn -0.00215 -0.70713 -0.70708
vn 0.00027 -1.00000 0.00012
vn 0.00254 -0.70701 0.70720
vn 0.01072 0.00011 0.99994
vn 0.00705 0.70702 0.70716
vn -0.00074 1.00000 0.00029
vn -0.00809 0.70730 -0.70687
vn -0.01069 0.00010 -0.99994
vn -0.00704 -0.70720 -0.70698
vn 0.00075 -1.00000 0.00029
vn 0.00811 -0.70690 0.70726
vn 0.02665 0.00013 0.99964
vn 0.01781 0.70693 0.70705
vn -0.00144 1.00000 0.00049
vn -0.01983 0.70738 -0.70656
vn -0.02661 0.00006 -0.99965
vn -0.01779 -0.70733 -0.70666
vn 0.00147 -1.00000 0.00049
vn 0.01988 -0.70679 0.70715
vn 0.05025 0.00004 0.99874
vn 0.03426 0.70688 0.70650
vn -0.00179 1.00000 0.00054
vn -0.03681 0.70729 -0.70597
vn -0.05028 -0.00015 -0.99874
vn -0.03425 -0.70747 -0.70591
vn 0.00184 -1.00000 0.00054
vn 0.03684 -0.70681 0.70645
vn 0.06967 -0.00024 0.99757
vn 0.04866 0.70690 0.70563
vn -0.00086 1.00000 0.00018
vn -0.04991 0.70700 -0.70545
vn -0.06971 -0.00036 -0.99757
vn -0.04865 -0.70739 -0.70515
vn 0.00089 -1.00000 0.00018
vn 0.04988 -0.70711 0.70534
vn 0.06517 -0.00054 0.99787
vn 0.04712 0.70707 0.70557
vn 0.00149 1.00000 -0.00053
vn -0.04493 0.70670 -0.70609
vn -0.06501 -0.00029 -0.99788
vn -0.04707 -0.70696 -0.70569
vn -0.00154 -1.00000 -0.00053
vn 0.04498 -0.70764 0.70514
vn 0.02719 -0.00033 0.99963
vn 0.02182 0.70752 0.70636
vn 0.00372 0.99999 -0.00115
vn -0.01647 0.70653 -0.70749
vn -0.02702 -0.00008 -0.99963
vn -0.02181 -0.70657 -0.70730
vn -0.00377 -0.99999 -0.00115
vn 0.01658 -0.70788 0.70614
vn -0.02719 0.00033 0.99963
vn -0.01658 0.70788 0.70614
vn 0.00377 0.99999 -0.00115
vn 0.02181 0.70657 -0.70730
vn 0.02702 0.00008 -0.99963
vn 0.01647 -0.70653 -0.70749
vn -0.00372 -0.99999 -0.00115
vn -0.02182 -0.70752 0.70636
vn -0.06517 0.00054 0.99787
vn -0.04498 0.70764 0.70514
vn 0.00154 1.00000 -0.00053
vn 0.04707 0.70696 -0.70569
vn 0.06501 0.00029 -0.99788
vn 0.04493 -0.70670 -0.70609
vn -0.00149 -1.00000 -0.00053
vn -0.04712 -0.70707 0.70557
vn -0.06967 0.00024 0.99757
vn -0.04988 0.70711 0.70534
vn -0.00089 1.00000 0.00018
vn 0.04865 0.70739 -0.70515
vn 0.06971 0.00036 -0.99757
vn 0.04991 -0.70700 -0.70545
vn 0.00086 -1.00000 0.00018
vn -0.04866 -0.70690 0.70563
vn -0.05025 -0.00004 0.99874
vn -0.03684 0.70681 0.70645
vn -0.00184 1.00000 0.00054
vn 0.03425 0.70747 -0.70591
vn 0.05028 0.00015 -0.99874
vn 0.03681 -0.70729 -0.70597
vn 0.00179 -1.00000 0.00054
vn -0.03426 -0.70688 0.70650
vn -0.02665 -0.00013 0.99964
vn -0.01988 0.70679 0.70715
vn -0.00147 1.00000 0.00049
vn 0.01779 0.70733 -0.70666
vn 0.02661 -0.00006 -0.99965
vn 0.01983 -0.70738 -0.70656
vn 0.00144 -1.00000 0.00049
vn -0.01781 -0.70693 0.70705
vn -0.01072 -0.00011 0.99994
vn -0.00811 0.70690 0.70726
vn -0.00075 1.00000 0.00029
vn 0.00704 0.70720 -0.70698
vn 0.01069 -0.00010 -0.99994
vn 0.00809 -0.70730 -0.70687
vn 0.00074 -1.00000 0.00029
vn -0.00705 -0.70702 0.70716
vn -0.00332 -0.00007 0.99999
vn -0.00254 0.70701 0.70720
vn -0.00027 1.00000 0.00012
vn 0.00215 0.70713 -0.70708
vn 0.00332 -0.00007 -0.99999
vn 0.00254 -0.70720 -0.70701
vn 0.00027 -1.00000 0.00012
vn -0.00215 -0.70708 0.70713
vn -0.00133 -0.13676 0.99060
vn -0.00107 0.60374 0.79718
vn -0.00018 0.99060 0.13681
vn 0.00081 0.79719 -0.60372
vn 0.00133 0.13679 -0.99060
vn 0.00107 -0.60376 -0.79717
vn 0.00018 -0.99061 -0.13674
vn -0.00081 -0.79716 0.60377
vn 0.75505 -0.09600 -0.64860
vn 0.73644 -0.23752 -0.63344
vn -0.12801 0.98448 -0.12007
vn 0.29763 -0.60970 0.73463
vn -0.10811 0.99289 -0.04983
vn 0.65729 -0.70442 0.26789
vn -0.10912 0.99365 -0.02733
vn 0.72515 -0.66661 0.17260
vn -0.11148 0.99363 -0.01639
vn 0.76036 -0.63994 0.11108
vn -0.11299 0.99355 -0.00967
vn 0.77961 -0.62239 0.06947
vn -0.11363 0.99351 -0.00481
vn 0.79089 -0.61078 0.03812
vn -0.11359 0.99353 -0.00074
vn 0.79764 -0.60302 0.01162
vn -0.11293 0.99360 0.00320
vn 0.80135 -0.59803 -0.01366
vn -0.11161 0.99372 0.00763
vn 0.80238 -0.59541 -0.04094
vn -0.10947 0.99390 0.01339
vn 0.80012 -0.59523 -0.07421
vn -0.10647 0.99407 0.02226
vn 0.79295 -0.59737 -0.11994
vn -0.10423 0.99378 0.03933
vn 0.77922 -0.59702 -0.19073
vn -0.11716 0.98924 0.08761
vn 0.79782 -0.52155 -0.30243
vn -0.10736 0.97965 0.16959
vn 0.46885 0.28220 -0.83699
vn 0.78354 -0.20744 0.58570
vn 0.79780 -0.23347 0.55588
vn 0.74143 -0.10465 -0.66282
vn 0.76916 -0.30228 -0.56305
vn -0.29484 0.86738 -0.40090
vn 0.35621 -0.85733 0.37161
vn -0.45781 0.86239 -0.21608
vn 0.48302 -0.85452 0.19104
vn -0.51539 0.84707 -0.12978
vn 0.51640 -0.84678 0.12762
vn -0.54051 0.83738 -0.08152
vn 0.53940 -0.83813 0.08111
vn -0.55257 0.83196 -0.05021
vn 0.55105 -0.83297 0.05009
vn -0.55830 0.82920 -0.02718
vn 0.55665 -0.83030 0.02714
vn -0.56038 0.82819 -0.00801
vn 0.55869 -0.82934 0.00803
vn -0.55980 0.82857 0.01007
vn 0.55808 -0.82973 -0.01001
vn -0.55645 0.83036 0.02945
vn 0.55472 -0.83152 -0.02933
vn -0.54918 0.83402 0.05300
vn 0.54744 -0.83518 -0.05277
vn -0.53493 0.84058 0.08533
vn 0.53319 -0.84174 -0.08472
vn -0.50607 0.85175 0.13569
vn 0.50500 -0.85285 -0.13274
vn -0.44045 0.86866 0.22680
vn 0.45777 -0.86818 -0.19162
vn -0.25403 0.86974 0.42311
vn 0.25667 -0.88391 -0.39092
vn 0.75760 -0.13164 0.63931
vn 0.76927 -0.29094 0.56884
vn 0.75762 -0.10708 -0.64386
vn 0.80629 -0.34153 -0.48295
vn -0.35975 0.78671 -0.50166
vn 0.39484 -0.77524 0.49306
vn -0.56389 0.78074 -0.26921
vn 0.59279 -0.76986 0.23646
vn -0.63025 0.75972 -0.16004
vn 0.63296 -0.75810 0.15701
vn -0.65766 0.74666 -0.09993
vn 0.65823 -0.74623 0.09935
vn -0.67043 0.73942 -0.06142
vn 0.67062 -0.73927 0.06125
vn -0.67643 0.73575 -0.03331
vn 0.67651 -0.73568 0.03324
vn -0.67865 0.73439 -0.01004
vn 0.67869 -0.73436 0.01001
vn -0.67814 0.73483 0.01186
vn 0.67816 -0.73482 -0.01187
vn -0.67485 0.73711 0.03533
vn 0.67483 -0.73713 -0.03531
vn -0.66753 0.74183 0.06391
vn 0.66747 -0.74190 -0.06380
vn -0.65286 0.75039 0.10336
vn 0.65278 -0.75054 -0.10282
vn -0.62215 0.76522 0.16541
vn 0.62286 -0.76540 -0.16190
vn -0.54833 0.78834 0.27901
vn 0.57179 -0.78620 -0.23440
vn -0.32166 0.79110 0.52029
vn 0.32139 -0.80818 -0.49350
vn 0.77600 -0.12408 0.61840
vn 0.80666 -0.33767 0.48505
vn 0.77325 -0.09985 -0.62620
vn 0.85375 -0.36295 -0.37335
vn -0.42001 0.68383 -0.59663
vn 0.43996 -0.66859 0.59952
vn -0.66264 0.67762 -0.31897
vn 0.69520 -0.66363 0.27619
vn -0.73408 0.65266 -0.18753
vn 0.73681 -0.65066 0.18372
vn -0.76162 0.63749 -0.11636
vn 0.76217 -0.63697 0.11565
vn -0.77396 0.62920 -0.07133
vn 0.77414 -0.62901 0.07112
vn -0.77964 0.62503 -0.03871
vn 0.77972 -0.62494 0.03863
vn -0.78175 0.62348 -0.01184
vn 0.78178 -0.62344 0.01181
vn -0.78134 0.62397 0.01339
vn 0.78134 -0.62396 -0.01339
vn -0.77835 0.62652 0.04043
vn 0.77834 -0.62655 -0.04039
vn -0.77160 0.63186 0.07345
vn 0.77155 -0.63194 -0.07330
vn -0.75770 0.64161 0.11931
vn 0.75765 -0.64178 -0.11865
vn -0.72737 0.65878 0.19221
vn 0.72828 -0.65900 -0.18797
vn -0.64931 0.68635 0.32759
vn 0.67655 -0.68379 -0.27333
vn -0.38584 0.69090 0.61138
vn 0.37304 -0.70771 -0.59999
vn 0.79209 -0.10601 0.60113
vn 0.85371 -0.35784 0.37832
vn 0.78693 -0.08433 -0.61126
vn 0.90192 -0.34732 -0.25673
vn -0.47294 0.55815 -0.68176
vn 0.47099 -0.53854 0.69867
vn -0.74997 0.55273 -0.36336
vn 0.78492 -0.53643 0.31007
vn -0.82315 0.52705 -0.21128
vn 0.82575 -0.52478 0.20673
vn -0.84917 0.51180 -0.13028
vn 0.84965 -0.51121 0.12947
vn -0.86026 0.50360 -0.07964
vn 0.86041 -0.50338 0.07941
vn -0.86523 0.49951 -0.04323
vn 0.86529 -0.49942 0.04315
vn -0.86706 0.49803 -0.01337
vn 0.86708 -0.49799 0.01334
vn -0.86674 0.49855 0.01461
vn 0.86674 -0.49854 -0.01461
vn -0.86424 0.50110 0.04461
vn 0.86422 -0.50113 -0.04456
vn -0.85845 0.50641 0.08135
vn 0.85840 -0.50651 -0.08117
vn -0.84615 0.51616 0.13268
vn 0.84614 -0.51639 -0.13190
vn -0.81794 0.53357 0.21512
vn 0.81896 -0.53396 -0.21020
vn -0.73926 0.56235 0.37050
vn 0.76929 -0.56042 -0.30680
vn -0.44411 0.56840 0.69260
vn 0.41467 -0.58393 -0.69791
vn 0.80421 -0.07994 0.58894
vn 0.90168 -0.34262 0.26380
vn 0.79761 -0.06242 -0.59993
vn 0.94529 -0.29123 -0.14703
vn -0.51529 0.41081 -0.75214
vn 0.48825 -0.38769 0.78186
vn -0.82106 0.40727 -0.39999
vn 0.85702 -0.39021 0.33653
vn -0.89367 0.38512 -0.23029
vn 0.89601 -0.38276 0.22509
vn -0.91733 0.37223 -0.14124
vn 0.91772 -0.37162 0.14034
vn -0.92685 0.36542 -0.08614
vn 0.92696 -0.36519 0.08589
vn -0.93097 0.36210 -0.04677
vn 0.93101 -0.36200 0.04668
vn -0.93247 0.36096 -0.01460
vn 0.93248 -0.36092 0.01457
vn -0.93225 0.36149 0.01550
vn 0.93225 -0.36149 -0.01549
vn -0.93028 0.36374 0.04777
vn 0.93026 -0.36379 -0.04771
vn -0.92558 0.36833 0.08738
vn 0.92555 -0.36845 -0.08717
vn -0.91522 0.37673 0.14300
vn 0.91523 -0.37703 -0.14213
vn -0.88999 0.39188 0.23314
vn 0.89111 -0.39256 -0.22765
vn -0.81325 0.41753 0.40532
vn 0.84517 -0.41774 -0.33345
vn -0.49336 0.42429 0.75933
vn 0.44615 -0.43896 -0.77991
vn 0.81137 -0.04896 0.58248
vn 0.94507 -0.28812 0.15439
vn 0.80462 -0.03617 -0.59269
vn 0.97838 -0.19782 -0.06035
vn -0.54373 0.24544 -0.80257
vn 0.49392 -0.22141 0.84084
vn -0.87086 0.24465 -0.42632
vn 0.90670 -0.22889 0.35427
vn -0.94211 0.23036 -0.24363
vn 0.94411 -0.22812 0.23793
vn -0.96358 0.22218 -0.14883
vn 0.96387 -0.22157 0.14787
vn -0.97174 0.21796 -0.09062
vn 0.97182 -0.21773 0.09036
vn -0.97515 0.21600 -0.04922
vn 0.97518 -0.21590 0.04914
vn -0.97639 0.21546 -0.01549
vn 0.97640 -0.21542 0.01546
vn -0.97626 0.21600 0.01603
vn 0.97626 -0.21601 -0.01601
vn -0.97475 0.21767 0.04982
vn 0.97474 -0.21773 -0.04975
vn -0.97101 0.22091 0.09136
vn 0.97099 -0.22107 -0.09113
vn -0.96235 0.22674 0.14989
vn 0.96241 -0.22713 -0.14895
vn -0.93996 0.23722 0.24536
vn 0.94120 -0.23832 -0.23948
vn -0.86618 0.25531 0.42958
vn 0.89936 -0.25921 -0.35208
vn -0.53014 0.26160 0.80654
vn 0.46846 -0.27726 -0.83885
vn 0.81322 -0.01621 0.58172
vn 0.97828 -0.19655 0.06581
vn 0.81073 -0.00754 -0.58537
vn 0.99700 -0.07676 -0.00988
vn -0.55552 0.06845 -0.82868
vn 0.49630 -0.04376 0.86705
vn -0.89511 0.07070 -0.44020
vn 0.93043 -0.05537 0.36226
vn -0.96575 0.06747 -0.25056
vn 0.96766 -0.06297 0.24426
vn -0.98608 0.06566 -0.15276
vn 0.98645 -0.06275 0.15158
vn -0.99356 0.06488 -0.09294
vn 0.99375 -0.06242 0.09255
vn -0.99662 0.06470 -0.05053
vn 0.99678 -0.06242 0.05034
vn -0.99776 0.06492 -0.01602
vn 0.99790 -0.06272 0.01590
vn -0.99772 0.06546 0.01618
vn 0.99786 -0.06332 -0.01627
vn -0.99650 0.06638 0.05071
vn 0.99664 -0.06427 -0.05076
vn -0.99334 0.06784 0.09317
vn 0.99348 -0.06579 -0.09310
vn -0.98571 0.07024 0.15308
vn 0.98595 -0.06836 -0.15240
vn -0.96510 0.07437 0.25109
vn 0.96659 -0.07339 -0.24561
vn -0.89370 0.08154 0.44120
vn 0.92801 -0.08752 -0.36213
vn -0.55134 0.08609 0.82983
vn 0.48035 -0.10219 -0.87110
vn 0.81315 0.01540 0.58185
vn 0.99699 -0.07655 0.01261
vn 0.79282 -0.23484 -0.56240
vn 0.99823 -0.01600 -0.05731
vn -0.39296 -0.38731 -0.83401
vn 0.06977 -0.74064 0.66827
vn -0.77082 -0.46561 -0.43478
vn 0.78583 -0.52206 0.33156
vn -0.85232 -0.46289 -0.24349
vn 0.86300 -0.44467 0.23978
vn -0.87838 -0.45445 -0.14808
vn 0.88926 -0.43252 0.14880
vn -0.88986 -0.44707 -0.09102
vn 0.89861 -0.42909 0.09158
vn -0.89616 -0.44076 -0.05128
vn 0.90240 -0.42781 0.05149
vn -0.90021 -0.43502 -0.01951
vn 0.90390 -0.42730 0.01952
vn -0.90309 -0.42934 0.00963
vn 0.90412 -0.42717 -0.00967
vn -0.90516 -0.42316 0.04032
vn 0.90320 -0.42734 -0.04022
vn -0.90626 -0.41555 0.07746
vn 0.90053 -0.42794 -0.07683
vn -0.90538 -0.40449 0.12915
vn 0.89412 -0.42949 -0.12687
vn -0.89874 -0.38330 0.21293
vn 0.87757 -0.43407 -0.20358
vn -0.86815 -0.32209 0.37759
vn 0.83603 -0.45448 -0.30742
vn -0.62551 -0.31046 0.71579
vn 0.51472 -0.67697 -0.52609
vn 0.57300 -0.17421 0.80083
vn 0.98904 -0.14762 -0.00263
vn 0.18124 0.90858 0.37635
vn 0.40724 0.90858 0.09295
vn 0.32658 0.90858 -0.26044
vn 0.00000 0.90858 -0.41771
vn -0.32658 0.90858 -0.26044
vn -0.40724 0.90858 0.09295
vn -0.18124 0.90858 0.37635
vn 0.00000 0.00000 0.00000
vn 0.36593 0.53731 0.75987
vn 0.68176 0.62210 0.38497
vn 0.72605 0.62210 -0.29300
vn 0.22361 0.62210 -0.75033
vn -0.44721 0.62210 -0.64265
vn -0.78127 0.62210 -0.05104
vn -0.52702 0.62210 0.57900
vn -0.32235 0.66936 0.66936
vn 0.43184 -0.09702 0.89672
vn 0.78183 0.00000 0.62349
vn 0.97493 -0.00000 -0.22252
vn 0.43388 -0.00000 -0.90097
vn -0.43388 0.00000 -0.90097
vn -0.97493 0.00000 -0.22252
vn -0.78183 -0.00000 0.62349
vn -0.43184 0.09702 0.89672
vn 0.32235 -0.66936 0.66936
vn 0.52702 -0.62210 0.57900
vn 0.78127 -0.62210 -0.05104
vn 0.44721 -0.62210 -0.64265
vn -0.22361 -0.62210 -0.75033
vn -0.72605 -0.62210 -0.29300
vn -0.68176 -0.62210 0.38497
vn -0.36593 -0.53731 0.75987
vn 0.00000 0.00000 0.00000
vn 0.18124 -0.90858 0.37635
vn 0.40724 -0.90858 0.09295
vn 0.32658 -0.90858 -0.26044
vn 0.00000 -0.90858 -0.41771
vn -0.32658 -0.90858 -0.26044
vn -0.40724 -0.90858 0.09295
vn -0.18124 -0.90858 0.37635
vn 0.77279 -0.07592 -0.63010
vn 0.78092 -0.32013 -0.53636
vn -0.19856 0.95871 -0.20359
vn 0.39760 -0.52475 0.75269
vn -0.21774 0.97119 -0.09687
vn 0.73209 -0.61252 0.29809
vn -0.23269 0.97092 -0.05627
vn 0.79896 -0.57048 0.19031
vn -0.24134 0.96982 -0.03477
vn 0.83243 -0.54068 0.12138
vn -0.24599 0.96904 -0.02099
vn 0.85000 -0.52137 0.07536
vn -0.24823 0.96864 -0.01081
vn 0.85993 -0.50877 0.04098
vn -0.24888 0.96853 -0.00223
vn 0.86566 -0.50048 0.01206
vn -0.24826 0.96867 0.00604
vn 0.86860 -0.49527 -0.01549
vn -0.24627 0.96908 0.01515
vn 0.86902 -0.49269 -0.04529
vn -0.24242 0.96981 0.02666
vn 0.86622 -0.49292 -0.08182
vn -0.23580 0.97083 0.04343
vn 0.85814 -0.49605 -0.13242
vn -0.22577 0.97146 0.07273
vn 0.84124 -0.49766 -0.21133
vn -0.21928 0.96519 0.14254
vn 0.84038 -0.42798 -0.33256
vn -0.14990 0.95021 0.27319
vn 0.46404 0.12354 -0.87716
vn 0.81461 -0.20876 0.54113
vn 0.85378 -0.27000 0.44515
vn 0.75062 -0.09569 -0.65376
vn 0.80638 -0.35657 -0.47181
vn -0.35070 0.79957 -0.48754
vn 0.39436 -0.79083 0.46804
vn -0.54910 0.79370 -0.26178
vn 0.57614 -0.78403 0.23099
vn -0.61444 0.77342 -0.15586
vn 0.61553 -0.77308 0.15322
vn -0.64165 0.76078 -0.09741
vn 0.64067 -0.76167 0.09694
vn -0.65440 0.75377 -0.05990
vn 0.65306 -0.75494 0.05977
vn -0.66040 0.75021 -0.03247
vn 0.65896 -0.75148 0.03245
vn -0.66261 0.74890 -0.00976
vn 0.66114 -0.75020 0.00979
vn -0.66210 0.74933 0.01162
vn 0.66061 -0.75064 -0.01155
vn -0.65878 0.75154 0.03454
vn 0.65727 -0.75287 -0.03440
vn -0.65142 0.75614 0.06243
vn 0.64990 -0.75747 -0.06216
vn -0.63674 0.76445 0.10090
vn 0.63523 -0.76580 -0.10019
vn -0.60615 0.77882 0.16132
vn 0.60542 -0.78010 -0.15786
vn -0.53326 0.80112 0.27173
vn 0.55311 -0.80029 -0.23155
vn -0.31216 0.80362 0.50670
vn 0.30942 -0.81657 -0.48731
vn 0.76985 -0.11480 0.62782
vn 0.80578 -0.34385 0.48217
vn 0.76452 -0.08990 -0.63830
vn 0.84927 -0.37341 -0.37324
vn -0.41178 0.69993 -0.58356
vn 0.43037 -0.68798 0.58435
vn -0.64913 0.69369 -0.31214
vn 0.67916 -0.68110 0.27358
vn -0.72006 0.66912 -0.18380
vn 0.72266 -0.66727 0.18030
vn -0.74770 0.65415 -0.11415
vn 0.74823 -0.65366 0.11349
vn -0.76016 0.64595 -0.07000
vn 0.76033 -0.64577 0.06981
vn -0.76592 0.64181 -0.03799
vn 0.76599 -0.64173 0.03792
vn -0.76805 0.64028 -0.01160
vn 0.76808 -0.64024 0.01157
vn -0.76763 0.64076 0.01319
vn 0.76764 -0.64075 -0.01319
vn -0.76459 0.64329 0.03976
vn 0.76457 -0.64331 -0.03972
vn -0.75772 0.64858 0.07219
vn 0.75767 -0.64865 -0.07205
vn -0.74365 0.65822 0.11718
vn 0.74360 -0.65838 -0.11656
vn -0.71315 0.67517 0.18860
vn 0.71398 -0.67537 -0.18467
vn -0.63546 0.70227 0.32094
vn 0.66044 -0.70000 -0.27168
vn -0.37697 0.70658 0.59887
vn 0.36801 -0.72073 -0.58746
vn 0.78441 -0.09775 0.61249
vn 0.84881 -0.36797 0.37964
vn 0.77669 -0.07668 -0.62520
vn 0.89731 -0.36214 -0.25236
vn -0.46595 0.57748 -0.67038
vn 0.46704 -0.56198 0.68268
vn -0.73837 0.57188 -0.35744
vn 0.77083 -0.55701 0.30913
vn -0.81148 0.54606 -0.20815
vn 0.81397 -0.54394 0.20393
vn -0.83778 0.53067 -0.12847
vn 0.83825 -0.53012 0.12770
vn -0.84909 0.52238 -0.07856
vn 0.84923 -0.52218 0.07835
vn -0.85417 0.51824 -0.04265
vn 0.85423 -0.51815 0.04257
vn -0.85604 0.51674 -0.01317
vn 0.85607 -0.51670 0.01314
vn -0.85571 0.51725 0.01446
vn 0.85572 -0.51724 -0.01445
vn -0.85314 0.51982 0.04408
vn 0.85312 -0.51985 -0.04403
vn -0.84719 0.52518 0.08034
vn 0.84715 -0.52527 -0.08016
vn -0.83464 0.53501 0.13095
vn 0.83462 -0.53522 -0.13022
vn -0.80604 0.55254 0.21213
vn 0.80700 -0.55288 -0.20754
vn -0.72726 0.58138 0.36480
vn 0.75503 -0.57955 -0.30668
vn -0.43626 0.58726 0.68177
vn 0.41386 -0.60048 -0.68421
vn 0.79515 -0.07346 0.60194
vn 0.89672 -0.35747 0.26097
vn 0.78623 -0.05779 -0.61522
vn 0.94102 -0.30944 -0.13683
vn -0.51002 0.43308 -0.74318
vn 0.49053 -0.41450 0.76653
vn -0.81209 0.42921 -0.39533
vn 0.84571 -0.41338 0.33746
vn -0.88487 0.40628 -0.22790
vn 0.88713 -0.40404 0.22305
vn -0.90888 0.39290 -0.13988
vn 0.90926 -0.39231 0.13903
vn -0.91862 0.38581 -0.08533
vn 0.91874 -0.38559 0.08509
vn -0.92286 0.38234 -0.04633
vn 0.92290 -0.38224 0.04625
vn -0.92441 0.38113 -0.01444
vn 0.92442 -0.38109 0.01442
vn -0.92417 0.38166 0.01539
vn 0.92417 -0.38166 -0.01538
vn -0.92213 0.38397 0.04739
vn 0.92211 -0.38402 -0.04733
vn -0.91728 0.38871 0.08665
vn 0.91725 -0.38882 -0.08644
vn -0.90664 0.39738 0.14173
vn 0.90665 -0.39766 -0.14091
vn -0.88097 0.41301 0.23090
vn 0.88202 -0.41362 -0.22576
vn -0.80386 0.43939 0.40094
vn 0.83354 -0.43933 -0.33497
vn -0.48700 0.44611 0.75087
vn 0.44981 -0.45854 -0.76643
vn 0.80122 -0.04494 0.59668
vn 0.94056 -0.30677 0.14573
vn 0.79263 -0.03508 -0.60870
vn 0.97505 -0.21776 -0.04319
vn -0.54063 0.26996 -0.79677
vn 0.50179 -0.25022 0.82801
vn -0.86523 0.26874 -0.42328
vn 0.89890 -0.25382 0.35715
vn -0.93666 0.25309 -0.24210
vn 0.93861 -0.25093 0.23675
vn -0.95839 0.24411 -0.14797
vn 0.95868 -0.24353 0.14706
vn -0.96672 0.23946 -0.09010
vn 0.96679 -0.23924 0.08986
vn -0.97021 0.23727 -0.04894
vn 0.97024 -0.23718 0.04886
vn -0.97148 0.23663 -0.01538
vn 0.97149 -0.23660 0.01536
vn -0.97134 0.23717 0.01597
vn 0.97133 -0.23718 -0.01596
vn -0.96977 0.23894 0.04960
vn 0.96976 -0.23900 -0.04953
vn -0.96591 0.24240 0.09093
vn 0.96589 -0.24255 -0.09070
vn -0.95704 0.24866 0.14913
vn 0.95709 -0.24902 -0.14824
vn -0.93429 0.25994 0.24400
vn 0.93544 -0.26093 -0.23846
vn -0.86009 0.27935 0.42685
vn 0.89106 -0.28252 -0.35524
vn -0.52578 0.28579 0.80117
vn 0.47598 -0.29875 -0.82716
vn 0.80242 -0.01513 0.59657
vn 0.97481 -0.21734 0.05000
vn 0.79561 -0.01028 -0.60572
vn 0.99519 -0.09705 0.01345
vn -0.55492 0.09413 -0.82656
vn 0.50271 -0.07572 0.86113
vn -0.89333 0.09596 -0.43904
vn 0.92635 -0.08386 0.36721
vn -0.96396 0.09103 -0.24999
vn 0.96559 -0.08914 0.24433
vn -0.98437 0.08825 -0.15243
vn 0.98456 -0.08772 0.15150
vn -0.99189 0.08694 -0.09275
vn 0.99193 -0.08674 0.09250
vn -0.99498 0.08650 -0.05041
vn 0.99499 -0.08641 0.05033
vn -0.99612 0.08660 -0.01597
vn 0.99612 -0.08657 0.01595
vn -0.99606 0.08714 0.01618
vn 0.99606 -0.08716 -0.01617
vn -0.99482 0.08818 0.05066
vn 0.99481 -0.08825 -0.05058
vn -0.99159 0.08991 0.09305
vn 0.99160 -0.09009 -0.09281
vn -0.98388 0.09283 0.15286
vn 0.98398 -0.09328 -0.15193
vn -0.96310 0.09793 0.25069
vn 0.96443 -0.09936 -0.24496
vn -0.89144 0.10679 0.44037
vn 0.92342 -0.11417 -0.36643
vn -0.54936 0.11166 0.82809
vn 0.49317 -0.12685 -0.86063
vn 0.79910 0.01344 0.60104
vn 0.99512 -0.09812 -0.01068
vn 0.79929 0.01529 -0.60075
vn 0.99906 0.03656 0.02322
vn -0.55134 -0.08609 -0.82983
vn 0.49737 0.10404 0.86128
vn -0.89370 -0.08154 -0.44120
vn 0.92562 0.09222 0.36705
vn -0.96510 -0.07437 -0.25109
vn 0.96635 0.07824 0.24503
vn -0.98571 -0.07024 -0.15308
vn 0.98570 0.07291 0.15194
vn -0.99334 -0.06784 -0.09317
vn 0.99321 0.07015 0.09279
vn -0.99650 -0.06638 -0.05071
vn 0.99637 0.06853 0.05052
vn -0.99772 -0.06546 -0.01618
vn 0.99759 0.06754 0.01607
vn -0.99776 -0.06492 0.01602
vn 0.99763 0.06695 -0.01610
vn -0.99662 -0.06470 0.05053
vn 0.99649 0.06670 -0.05057
vn -0.99356 -0.06488 0.09294
vn 0.99343 0.06682 -0.09287
vn -0.98608 -0.06566 0.15276
vn 0.98606 0.06740 -0.15210
vn -0.96575 -0.06747 0.25056
vn 0.96703 0.06808 -0.24540
vn -0.89511 -0.07070 0.44020
vn 0.92795 0.06138 -0.36762
vn -0.55552 -0.06845 0.82868
vn 0.50211 0.05291 -0.86318
vn 0.79616 0.03889 0.60384
vn 0.99904 0.03540 -0.02581
vn 0.80066 -0.21909 -0.55762
vn 0.99477 0.08578 -0.05545
vn -0.35404 -0.50620 -0.78639
vn 0.11868 -0.58865 0.79963
vn -0.70672 -0.57787 -0.40818
vn 0.85618 -0.35744 0.37308
vn -0.79104 -0.56703 -0.22963
vn 0.92240 -0.28948 0.25569
vn -0.82034 -0.55444 -0.14013
vn 0.94573 -0.28400 0.15790
vn -0.83395 -0.54504 -0.08641
vn 0.95384 -0.28419 0.09707
vn -0.84160 -0.53788 -0.04895
vn 0.95703 -0.28479 0.05459
vn -0.84652 -0.53203 -0.01899
vn 0.95827 -0.28511 0.02073
vn -0.84995 -0.52680 0.00846
vn 0.95845 -0.28507 -0.01015
vn -0.85233 -0.52167 0.03733
vn 0.95770 -0.28463 -0.04245
vn -0.85353 -0.51602 0.07219
vn 0.95547 -0.28373 -0.08116
vn -0.85259 -0.50848 0.12057
vn 0.94990 -0.28234 -0.13406
vn -0.84632 -0.49415 0.19890
vn 0.93506 -0.28155 -0.21541
vn -0.82089 -0.44830 0.35378
vn 0.89687 -0.29340 -0.33097
vn -0.60227 -0.44176 0.66492
vn 0.59437 -0.50038 -0.62956
vn 0.56548 -0.19764 0.80073
vn 0.99855 -0.03576 -0.04021
vn 0.18124 0.90858 0.37635
vn 0.40724 0.90858 0.09295
vn 0.32658 0.90858 -0.26044
vn 0.00000 0.90858 -0.41771
vn -0.32658 0.90858 -0.26044
vn -0.40724 0.90858 0.09295
vn -0.18124 0.90858 0.37635
vn 0.00000 0.00000 0.00000
vn 0.36593 0.53731 0.75987
vn 0.68176 0.62210 0.38497
vn 0.72605 0.62210 -0.29300
vn 0.22361 0.62210 -0.75033
vn -0.44721 0.62210 -0.64265
vn -0.78127 0.62210 -0.05104
vn -0.52702 0.62210 0.57900
vn -0.32235 0.66936 0.66936
vn 0.43184 -0.09702 0.89672
vn 0.78183 0.00000 0.62349
vn 0.97493 -0.00000 -0.22252
vn 0.43388 0.00000 -0.90097
vn -0.43388 -0.00000 -0.90097
vn -0.97493 -0.00000 -0.22252
vn -0.78183 0.00000 0.62349
vn -0.43184 0.09702 0.89672
vn 0.32235 -0.66936 0.66936
vn 0.52702 -0.62210 0.57900
vn 0.78127 -0.62210 -0.05104
vn 0.44721 -0.62210 -0.64265
vn -0.22361 -0.62210 -0.75033
vn -0.72605 -0.62210 -0.29300
vn -0.68176 -0.62210 0.38497
vn -0.36593 -0.53731 0.75987
vn 0.00000 0.00000 0.00000
vn 0.18124 -0.90858 0.37635
vn 0.40724 -0.90858 0.09295
vn 0.32658 -0.90858 -0.26044
vn 0.00000 -0.90858 -0.41771
vn -0.32658 -0.90858 -0.26044
vn -0.40724 -0.90858 0.09295
vn -0.18124 -0.90858 0.37635
vn 0.78508 -0.04299 -0.61791
vn 0.83316 -0.38929 -0.39281
vn -0.27174 0.91756 -0.29024
vn 0.47521 -0.42358 0.77120
vn -0.32956 0.93294 -0.14497
vn 0.79703 -0.51016 0.32325
vn -0.35655 0.93037 -0.08533
vn 0.86102 -0.46549 0.20488
vn -0.37012 0.92747 -0.05302
vn 0.89152 -0.43404 0.12963
vn -0.37707 0.92563 -0.03217
vn 0.90679 -0.41393 0.07996
vn -0.38044 0.92465 -0.01672
vn 0.91509 -0.40093 0.04314
vn -0.38159 0.92433 -0.00370
vn 0.91971 -0.39241 0.01229
vn -0.38100 0.92453 0.00881
vn 0.92190 -0.38705 -0.01708
vn -0.37856 0.92530 0.02255
vn 0.92187 -0.38439 -0.04891
vn -0.37351 0.92677 0.03976
vn 0.91886 -0.38461 -0.08812
vn -0.36423 0.92907 0.06448
vn 0.91056 -0.38792 -0.14283
vn -0.34796 0.93146 0.10636
vn 0.89188 -0.39009 -0.22885
vn -0.32398 0.92490 0.19900
vn 0.87573 -0.32357 -0.35833
vn -0.19403 0.90521 0.37807
vn 0.44212 0.08157 -0.89324
vn 0.84484 -0.19111 0.49972
vn 0.91038 -0.27583 0.30844
vn 0.75618 -0.07976 -0.64948
vn 0.84738 -0.38980 -0.36056
vn -0.40341 0.71555 -0.57030
vn 0.43029 -0.70704 0.56120
vn -0.63539 0.70931 -0.30521
vn 0.66346 -0.69821 0.26892
vn -0.70575 0.68521 -0.18001
vn 0.70687 -0.68486 0.17695
vn -0.73346 0.67046 -0.11190
vn 0.73261 -0.67147 0.11139
vn -0.74602 0.66237 -0.06865
vn 0.74488 -0.66367 0.06853
vn -0.75184 0.65829 -0.03725
vn 0.75063 -0.65968 0.03723
vn -0.75400 0.65677 -0.01135
vn 0.75276 -0.65820 0.01138
vn -0.75356 0.65725 0.01298
vn 0.75230 -0.65869 -0.01290
vn -0.75047 0.65975 0.03906
vn 0.74919 -0.66121 -0.03891
vn -0.74350 0.66497 0.07088
vn 0.74220 -0.66645 -0.07059
vn -0.72928 0.67449 0.11500
vn 0.72799 -0.67600 -0.11420
vn -0.69863 0.69117 0.18491
vn 0.69819 -0.69265 -0.18100
vn -0.62139 0.71774 0.31419
vn 0.64303 -0.71692 -0.26933
vn -0.36798 0.72179 0.58618
vn 0.35874 -0.73330 -0.57756
vn 0.77710 -0.08940 0.62300
vn 0.84631 -0.37783 0.37550
vn 0.76679 -0.06859 -0.63823
vn 0.89227 -0.37652 -0.24919
vn -0.45875 0.59636 -0.65871
vn 0.46193 -0.58373 0.66774
vn -0.72646 0.59060 -0.35136
vn 0.75670 -0.57699 0.30740
vn -0.79943 0.56473 -0.20493
vn 0.80183 -0.56273 0.20101
vn -0.82601 0.54926 -0.12659
vn 0.82647 -0.54874 0.12587
vn -0.83752 0.54090 -0.07744
vn 0.83766 -0.54071 0.07724
vn -0.84271 0.53672 -0.04204
vn 0.84277 -0.53664 0.04196
vn -0.84463 0.53519 -0.01296
vn 0.84465 -0.53516 0.01294
vn -0.84429 0.53570 0.01430
vn 0.84429 -0.53569 -0.01429
vn -0.84164 0.53829 0.04352
vn 0.84162 -0.53831 -0.04348
vn -0.83554 0.54368 0.07928
vn 0.83550 -0.54376 -0.07912
vn -0.82273 0.55356 0.12915
vn 0.82271 -0.55375 -0.12847
vn -0.79378 0.57115 0.20903
vn 0.79468 -0.57145 -0.20475
vn -0.71496 0.59999 0.35895
vn 0.74071 -0.59824 -0.30570
vn -0.42823 0.60567 0.67066
vn 0.41081 -0.61722 -0.67102
vn 0.78643 -0.06665 0.61407
vn 0.89136 -0.37175 0.25938
vn 0.77511 -0.05249 -0.62964
vn 0.93615 -0.32748 -0.12799
vn -0.50447 0.45496 -0.73384
vn 0.49031 -0.43960 0.75256
vn -0.80271 0.45078 -0.39047
vn 0.83423 -0.43606 0.33750
vn -0.87563 0.42716 -0.22540
vn 0.87782 -0.42504 0.22086
vn -0.89999 0.41334 -0.13844
vn 0.90037 -0.41279 0.13764
vn -0.90996 0.40600 -0.08448
vn 0.91007 -0.40579 0.08426
vn -0.91432 0.40239 -0.04587
vn 0.91436 -0.40230 0.04579
vn -0.91591 0.40113 -0.01428
vn 0.91593 -0.40109 0.01426
vn -0.91566 0.40166 0.01528
vn 0.91566 -0.40165 -0.01527
vn -0.91354 0.40402 0.04698
vn 0.91353 -0.40406 -0.04692
vn -0.90854 0.40888 0.08586
vn 0.90851 -0.40899 -0.08568
vn -0.89762 0.41781 0.14039
vn 0.89763 -0.41806 -0.13961
vn -0.87151 0.43386 0.22855
vn 0.87250 -0.43440 -0.22372
vn -0.79404 0.46088 0.39635
vn 0.82173 -0.46059 -0.33557
vn -0.48041 0.46754 0.74203
vn 0.45034 -0.47836 -0.75390
vn 0.79133 -0.04035 0.61005
vn 0.93547 -0.32514 0.13850
vn 0.78076 -0.03311 -0.62395
vn 0.97090 -0.23789 -0.02743
vn -0.53720 0.29421 -0.79048
vn 0.50618 -0.27754 0.81655
vn -0.85908 0.29257 -0.41999
vn 0.89081 -0.27842 0.35907
vn -0.93071 0.27563 -0.24044
vn 0.93260 -0.27356 0.23541
vn -0.95272 0.26589 -0.14703
vn 0.95301 -0.26534 0.14617
vn -0.96122 0.26083 -0.08955
vn 0.96130 -0.26062 0.08932
vn -0.96480 0.25843 -0.04864
vn 0.96483 -0.25834 0.04856
vn -0.96611 0.25769 -0.01527
vn 0.96612 -0.25766 0.01525
vn -0.96595 0.25823 0.01591
vn 0.96595 -0.25824 -0.01590
vn -0.96432 0.26009 0.04935
vn 0.96431 -0.26015 -0.04929
vn -0.96034 0.26377 0.09044
vn 0.96032 -0.26391 -0.09023
vn -0.95125 0.27044 0.14829
vn 0.95128 -0.27077 -0.14745
vn -0.92812 0.28247 0.24251
vn 0.92920 -0.28336 -0.23728
vn -0.85349 0.30314 0.42387
vn 0.88249 -0.30567 -0.35745
vn -0.52110 0.30970 0.79532
vn 0.47982 -0.32076 -0.81663
vn 0.79177 -0.01329 0.61067
vn 0.97055 -0.23824 0.03571
vn 0.78361 -0.01192 -0.62114
vn 0.99244 -0.11711 0.03663
vn -0.55396 0.11973 -0.82389
vn 0.51060 -0.10383 0.85353
vn -0.89097 0.12113 -0.43760
vn 0.92219 -0.10935 0.37095
vn -0.96164 0.11453 -0.24927
vn 0.96323 -0.11268 0.24391
vn -0.98215 0.11078 -0.15202
vn 0.98234 -0.11027 0.15113
vn -0.98973 0.10896 -0.09250
vn 0.98978 -0.10877 0.09227
vn -0.99285 0.10825 -0.05028
vn 0.99286 -0.10817 0.05020
vn -0.99400 0.10824 -0.01591
vn 0.99400 -0.10821 0.01589
vn -0.99393 0.10878 0.01618
vn 0.99393 -0.10880 -0.01616
vn -0.99265 0.10993 0.05058
vn 0.99265 -0.11000 -0.05051
vn -0.98937 0.11193 0.09288
vn 0.98937 -0.11209 -0.09265
vn -0.98154 0.11536 0.15256
vn 0.98163 -0.11578 -0.15168
vn -0.96056 0.12142 0.25015
vn 0.96180 -0.12272 -0.24470
vn -0.88862 0.13194 0.43926
vn 0.91861 -0.13830 -0.37018
vn -0.54702 0.13711 0.82582
vn 0.49937 -0.14982 -0.85333
vn 0.78820 0.01225 0.61530
vn 0.99231 -0.11933 -0.03276
vn 0.78359 0.00983 -0.62120
vn 0.99837 0.01924 0.05370
vn -0.55295 -0.06042 -0.83102
vn 0.50481 0.07414 0.86004
vn -0.89538 -0.05622 -0.44174
vn 0.92576 0.06431 0.37261
vn -0.96656 -0.05076 -0.25136
vn 0.96789 0.05224 0.24589
vn -0.98704 -0.04761 -0.15322
vn 0.98716 0.04806 0.15233
vn -0.99459 -0.04574 -0.09325
vn 0.99461 0.04592 0.09302
vn -0.99772 -0.04455 -0.05074
vn 0.99772 0.04462 0.05067
vn -0.99891 -0.04375 -0.01618
vn 0.99891 0.04377 0.01616
vn -0.99894 -0.04320 0.01607
vn 0.99894 0.04318 -0.01605
vn -0.99780 -0.04287 0.05062
vn 0.99780 0.04279 -0.05054
vn -0.99474 -0.04278 0.09310
vn 0.99477 0.04259 -0.09286
vn -0.98729 -0.04303 0.15301
vn 0.98745 0.04254 -0.15211
vn -0.96699 -0.04386 0.25100
vn 0.96846 0.04216 -0.24557
vn -0.89632 -0.04536 0.44108
vn 0.92720 0.03505 -0.37293
vn -0.55575 -0.04269 0.83026
vn 0.50931 0.02763 -0.86014
vn 0.78131 0.03460 0.62318
vn 0.99833 0.01665 -0.05528
vn 0.78593 0.03196 -0.61748
vn 0.98831 0.15117 0.01969
vn -0.53419 -0.23715 -0.81142
vn 0.48987 0.25044 0.83505
vn -0.87175 -0.23103 -0.43206
vn 0.90065 0.23748 0.36392
vn -0.94512 -0.21433 -0.24659
vn 0.94585 0.21754 0.24093
vn -0.96718 -0.20468 -0.15058
vn 0.96683 0.20707 0.14951
vn -0.97563 -0.19930 -0.09176
vn 0.97523 0.20142 0.09139
vn -0.97927 -0.19629 -0.05002
vn 0.97888 0.19829 0.04984
vn -0.98073 -0.19472 -0.01607
vn 0.98034 0.19665 0.01596
vn -0.98084 -0.19418 0.01559
vn 0.98046 0.19608 -0.01566
vn -0.97963 -0.19462 0.04948
vn 0.97926 0.19649 -0.04951
vn -0.97630 -0.19634 0.09108
vn 0.97594 0.19815 -0.09099
vn -0.96828 -0.20011 0.14962
vn 0.96805 0.20168 -0.14899
vn -0.94706 -0.20746 0.24502
vn 0.94822 0.20773 -0.24028
vn -0.87597 -0.22033 0.42911
vn 0.90739 0.20881 -0.36476
vn -0.54648 -0.22069 0.80787
vn 0.51136 0.20653 -0.83418
vn 0.77717 0.05348 0.62702
vn 0.98825 0.15016 -0.02839
vn 0.80777 -0.19748 -0.55543
vn 0.97956 0.18381 -0.08165
vn -0.31040 -0.61392 -0.72578
vn 0.16183 -0.42426 0.89096
vn -0.63256 -0.67785 -0.37468
vn 0.89734 -0.18200 0.40206
vn -0.71869 -0.66216 -0.21219
vn 0.95584 -0.12776 0.26466
vn -0.75111 -0.64723 -0.13010
vn 0.97805 -0.12974 0.16307
vn -0.76685 -0.63675 -0.08055
vn 0.98591 -0.13387 0.10025
vn -0.77585 -0.62925 -0.04590
vn 0.98903 -0.13651 0.05641
vn -0.78161 -0.62350 -0.01817
vn 0.99024 -0.13774 0.02147
vn -0.78553 -0.61878 0.00722
vn 0.99040 -0.13781 -0.01039
vn -0.78812 -0.61459 0.03388
vn 0.98965 -0.13671 -0.04370
vn -0.78923 -0.61054 0.06598
vn 0.98743 -0.13417 -0.08357
vn -0.78791 -0.60582 0.11038
vn 0.98192 -0.12961 -0.13799
vn -0.78133 -0.59700 0.18198
vn 0.96733 -0.12298 -0.22169
vn -0.75936 -0.56434 0.32387
vn 0.93021 -0.12488 -0.34512
vn -0.56694 -0.56049 0.60368
vn 0.64900 -0.30296 -0.69786
vn 0.56250 -0.22269 0.79624
vn 0.99575 0.08292 -0.04007
vn 0.18124 0.90858 0.37635
vn 0.40724 0.90858 0.09295
vn 0.32658 0.90858 -0.26044
vn 0.00000 0.90858 -0.41771
vn -0.32658 0.90858 -0.26044
vn -0.40724 0.90858 0.09295
vn -0.18124 0.90858 0.37635
vn 0.00000 0.00000 0.00000
vn 0.36593 0.53731 0.75987
vn 0.68176 0.62210 0.38497
vn 0.72605 0.62210 -0.29300
vn 0.22361 0.62210 -0.75033
vn -0.44721 0.62210 -0.64265
vn -0.78127 0.62210 -0.05104
vn -0.52702 0.62210 0.57900
vn -0.32235 0.66936 0.66936
vn 0.43184 -0.09702 0.89672
vn 0.78183 0.00000 0.62349
vn 0.97493 0.00000 -0.22252
vn 0.43388 0.00000 -0.90097
vn -0.43388 0.00000 -0.90097
vn -0.97493 -0.00000 -0.22252
vn -0.78183 -0.00000 0.62349
vn -0.43184 0.09702 0.89672
vn 0.32235 -0.66936 0.66936
vn 0.52702 -0.62210 0.57900
vn 0.78127 -0.62210 -0.05104
vn 0.44721 -0.62210 -0.64265
vn -0.22361 -0.62210 -0.75033
vn -0.72605 -0.62210 -0.29300
vn -0.68176 -0.62210 0.38497
vn -0.36593 -0.53731 0.75987
vn 0.00000 0.00000 0.00000
vn 0.18124 -0.90858 0.37635
vn 0.40724 -0.90858 0.09295
vn 0.32658 -0.90858 -0.26044
vn 0.00000 -0.90858 -0.41771
vn -0.32658 -0.90858 -0.26044
vn -0.40724 -0.90858 0.09295
vn -0.18124 -0.90858 0.37635
vn 0.78943 -0.00232 -0.61383
vn 0.88200 -0.42530 -0.20297
vn -0.34534 0.85917 -0.37759
vn 0.53671 -0.30834 0.78541
vn -0.44053 0.87679 -0.19280
vn 0.85123 -0.39683 0.34341
vn -0.47701 0.87152 -0.11363
vn 0.91077 -0.35173 0.21630
vn -0.49381 0.86670 -0.07058
vn 0.93749 -0.32040 0.13588
vn -0.50211 0.86374 -0.04284
vn 0.95011 -0.30056 0.08334
vn -0.50610 0.86219 -0.02235
vn 0.95666 -0.28775 0.04465
vn -0.50752 0.86162 -0.00511
vn 0.96012 -0.27931 0.01234
vn -0.50699 0.86188 0.01144
vn 0.96159 -0.27387 -0.01840
vn -0.50437 0.86298 0.02958
vn 0.96120 -0.27096 -0.05178
vn -0.49874 0.86517 0.05227
vn 0.95815 -0.27071 -0.09308
vn -0.48792 0.86876 0.08475
vn 0.94999 -0.27329 -0.15111
vn -0.46736 0.87303 0.13922
vn 0.93038 -0.27443 -0.24306
vn -0.42851 0.86671 0.25534
vn 0.90138 -0.20887 -0.37932
vn -0.23823 0.84362 0.48120
vn 0.41750 0.10163 -0.90297
vn 0.87129 -0.15623 0.46523
vn 0.95762 -0.24183 0.15648
vn 0.75725 -0.06012 -0.65035
vn 0.88847 -0.39436 -0.23473
vn -0.45135 0.61478 -0.64678
vn 0.46251 -0.60591 0.64727
vn -0.71424 0.60888 -0.34514
vn 0.74253 -0.59697 0.30375
vn -0.78703 0.58304 -0.20162
vn 0.78812 -0.58274 0.19821
vn -0.81386 0.56754 -0.12465
vn 0.81316 -0.56865 0.12412
vn -0.82555 0.55914 -0.07629
vn 0.82462 -0.56054 0.07618
vn -0.83086 0.55494 -0.04141
vn 0.82987 -0.55642 0.04140
vn -0.83282 0.55340 -0.01275
vn 0.83181 -0.55491 0.01279
vn -0.83246 0.55390 0.01413
vn 0.83144 -0.55543 -0.01404
vn -0.82974 0.55649 0.04294
vn 0.82870 -0.55805 -0.04279
vn -0.82350 0.56190 0.07819
vn 0.82244 -0.56350 -0.07788
vn -0.81045 0.57181 0.12730
vn 0.80940 -0.57348 -0.12645
vn -0.78117 0.58941 0.20585
vn 0.78098 -0.59114 -0.20157
vn -0.70236 0.61815 0.35295
vn 0.72511 -0.61791 -0.30397
vn -0.42005 0.62363 0.65928
vn 0.40407 -0.63374 -0.65963
vn 0.77806 -0.05957 0.62536
vn 0.88739 -0.38542 0.25299
vn 0.76428 -0.04656 -0.64320
vn 0.93073 -0.34527 -0.12053
vn -0.49866 0.47644 -0.72412
vn 0.48846 -0.46347 0.73933
vn -0.79291 0.47197 -0.38541
vn 0.82255 -0.45825 0.33678
vn -0.86596 0.44776 -0.22278
vn 0.86808 -0.44574 0.21853
vn -0.89067 0.43355 -0.13694
vn 0.89104 -0.43302 0.13618
vn -0.90086 0.42598 -0.08359
vn 0.90098 -0.42578 0.08338
vn -0.90534 0.42225 -0.04538
vn 0.90539 -0.42216 0.04531
vn -0.90698 0.42093 -0.01411
vn 0.90700 -0.42089 0.01409
vn -0.90672 0.42145 0.01516
vn 0.90672 -0.42145 -0.01515
vn -0.90453 0.42387 0.04655
vn 0.90451 -0.42391 -0.04650
vn -0.89936 0.42885 0.08504
vn 0.89933 -0.42895 -0.08486
vn -0.88817 0.43800 0.13898
vn 0.88817 -0.43823 -0.13825
vn -0.86162 0.45443 0.22608
vn 0.86255 -0.45490 -0.22154
vn -0.78383 0.48198 0.39155
vn 0.80973 -0.48152 -0.33537
vn -0.47357 0.48856 0.73283
vn 0.44886 -0.49818 -0.74185
vn 0.78174 -0.03527 0.62260
vn 0.92986 -0.34314 0.13273
vn 0.76908 -0.03032 -0.63843
vn 0.96602 -0.25813 -0.01313
vn -0.53344 0.31817 -0.78371
vn 0.50830 -0.30383 0.80580
vn -0.85243 0.31613 -0.41645
vn 0.88242 -0.30270 0.36015
vn -0.92426 0.29798 -0.23866
vn 0.92611 -0.29599 0.23391
vn -0.94658 0.28752 -0.14602
vn 0.94686 -0.28699 0.14520
vn -0.95526 0.28207 -0.08895
vn 0.95534 -0.28187 0.08873
vn -0.95894 0.27946 -0.04831
vn 0.95897 -0.27937 0.04823
vn -0.96028 0.27863 -0.01515
vn 0.96029 -0.27860 0.01513
vn -0.96011 0.27917 0.01584
vn 0.96011 -0.27918 -0.01583
vn -0.95842 0.28112 0.04908
vn 0.95841 -0.28117 -0.04902
vn -0.95430 0.28500 0.08992
vn 0.95428 -0.28513 -0.08972
vn -0.94497 0.29206 0.14738
vn 0.94500 -0.29237 -0.14658
vn -0.92145 0.30481 0.24088
vn 0.92247 -0.30560 -0.23594
vn -0.84639 0.32664 0.42063
vn 0.87363 -0.32864 -0.35885
vn -0.51612 0.33330 0.78901
vn 0.48127 -0.34295 -0.80670
vn 0.78132 -0.01075 0.62403
vn 0.96556 -0.25915 0.02299
vn 0.77163 -0.01259 -0.63595
vn 0.98875 -0.13771 0.05843
vn -0.55263 0.14521 -0.82068
vn 0.51599 -0.13122 0.84649
vn -0.88805 0.14617 -0.43589
vn 0.91765 -0.13472 0.37386
vn -0.95878 0.13793 -0.24841
vn 0.96034 -0.13613 0.24333
vn -0.97943 0.13325 -0.15154
vn 0.97963 -0.13275 0.15069
vn -0.98709 0.13092 -0.09222
vn 0.98714 -0.13073 0.09199
vn -0.99025 0.12995 -0.05011
vn 0.99027 -0.12987 0.05004
vn -0.99141 0.12983 -0.01584
vn 0.99141 -0.12980 0.01582
vn -0.99133 0.13037 0.01616
vn 0.99133 -0.13038 -0.01615
vn -0.99001 0.13163 0.05047
vn 0.99001 -0.13169 -0.05041
vn -0.98665 0.13389 0.09267
vn 0.98665 -0.13404 -0.09245
vn -0.97870 0.13782 0.15218
vn 0.97877 -0.13821 -0.15134
vn -0.95749 0.14482 0.24946
vn 0.95865 -0.14600 -0.24429
vn -0.88523 0.15696 0.43787
vn 0.91345 -0.16243 -0.37313
vn -0.54433 0.16240 0.82300
vn 0.50317 -0.17329 -0.84663
vn 0.77736 0.01191 0.62894
vn 0.98857 -0.14101 -0.05331
vn 0.77195 0.00565 -0.63566
vn 0.99658 0.00076 0.08269
vn -0.55421 -0.03468 -0.83166
vn 0.51235 0.04696 0.85749
vn -0.89648 -0.03084 -0.44201
vn 0.92532 0.03900 0.37718
vn -0.96748 -0.02711 -0.25148
vn 0.96878 0.02858 0.24627
vn -0.98787 -0.02496 -0.15329
vn 0.98799 0.02540 0.15243
vn -0.99536 -0.02362 -0.09328
vn 0.99538 0.02379 0.09306
vn -0.99845 -0.02270 -0.05075
vn 0.99846 0.02277 0.05068
vn -0.99963 -0.02202 -0.01616
vn 0.99963 0.02204 0.01614
vn -0.99964 -0.02147 0.01611
vn 0.99964 0.02145 -0.01609
vn -0.99849 -0.02102 0.05069
vn 0.99850 0.02095 -0.05061
vn -0.99543 -0.02065 0.09320
vn 0.99546 0.02047 -0.09298
vn -0.98799 -0.02038 0.15318
vn 0.98813 0.01992 -0.15232
vn -0.96770 -0.02021 0.25130
vn 0.96906 0.01864 -0.24611
vn -0.89695 -0.01998 0.44167
vn 0.92603 0.01079 -0.37730
vn -0.55560 -0.01690 0.83128
vn 0.51450 0.00406 -0.85748
vn 0.77062 0.03132 0.63653
vn 0.99650 -0.00319 -0.08356
vn 0.77004 0.02358 -0.63756
vn 0.98874 0.13874 0.05614
vn -0.53791 -0.21245 -0.81580
vn 0.49799 0.22287 0.83806
vn -0.87679 -0.20653 -0.43426
vn 0.90475 0.21094 0.37005
vn -0.94977 -0.19129 -0.24768
vn 0.95088 0.19236 0.24255
vn -0.97151 -0.18249 -0.15119
vn 0.97157 0.18286 0.15036
vn -0.97979 -0.17758 -0.09211
vn 0.97978 0.17773 0.09189
vn -0.98332 -0.17482 -0.05020
vn 0.98331 0.17488 0.05013
vn -0.98473 -0.17335 -0.01611
vn 0.98473 0.17336 0.01610
vn -0.98483 -0.17281 0.01568
vn 0.98484 0.17278 -0.01566
vn -0.98364 -0.17315 0.04971
vn 0.98366 0.17306 -0.04964
vn -0.98037 -0.17463 0.09150
vn 0.98043 0.17443 -0.09128
vn -0.97249 -0.17793 0.15034
vn 0.97272 0.17741 -0.14950
vn -0.95149 -0.18442 0.24629
vn 0.95313 0.18254 -0.24128
vn -0.88054 -0.19579 0.43164
vn 0.91031 0.18361 -0.37098
vn -0.54888 -0.19571 0.81266
vn 0.51498 0.18145 -0.83778
vn 0.76185 0.04660 0.64608
vn 0.98873 0.13591 -0.06280
vn 0.77195 0.04251 -0.63426
vn 0.96668 0.25528 -0.01889
vn -0.50529 -0.37951 -0.77502
vn 0.47234 0.39004 0.79042
vn -0.83074 -0.37275 -0.41344
vn 0.85682 0.37593 0.35289
vn -0.90666 -0.34882 -0.23726
vn 0.90700 0.35140 0.23211
vn -0.93102 -0.33479 -0.14534
vn 0.93041 0.33689 0.14435
vn -0.94085 -0.32700 -0.08874
vn 0.94021 0.32891 0.08839
vn -0.94524 -0.32275 -0.04847
vn 0.94463 0.32457 0.04830
vn -0.94707 -0.32064 -0.01569
vn 0.94647 0.32241 0.01558
vn -0.94727 -0.32010 0.01489
vn 0.94667 0.32184 -0.01495
vn -0.94585 -0.32109 0.04758
vn 0.94527 0.32281 -0.04760
vn -0.94196 -0.32408 0.08763
vn 0.94140 0.32573 -0.08753
vn -0.93287 -0.33026 0.14377
vn 0.93247 0.33166 -0.14318
vn -0.90990 -0.34203 0.23471
vn 0.91099 0.34203 -0.23047
vn -0.83767 -0.36235 0.40867
vn 0.86748 0.35002 -0.35351
vn -0.52497 -0.36517 0.76880
vn 0.50721 0.35327 -0.78609
vn 0.75791 0.05931 0.64966
vn 0.96665 0.25606 0.00432
vn 0.81322 -0.17003 -0.55657
vn 0.95396 0.26860 -0.13351
vn -0.26368 -0.70851 -0.65458
vn 0.19724 -0.25240 0.94731
vn -0.55123 -0.76382 -0.33573
vn 0.90878 -0.00372 0.41726
vn -0.63711 -0.74657 -0.19165
vn 0.96317 0.03503 0.26660
vn -0.67190 -0.73115 -0.11817
vn 0.98607 0.02600 0.16426
vn -0.68944 -0.72061 -0.07352
vn 0.99471 0.01818 0.10110
vn -0.69962 -0.71327 -0.04217
vn 0.99828 0.01363 0.05694
vn -0.70613 -0.70788 -0.01706
vn 0.99970 0.01155 0.02172
vn -0.71047 -0.70370 0.00593
vn 0.99988 0.01139 -0.01040
vn -0.71320 -0.70032 0.03001
vn 0.99895 0.01311 -0.04396
vn -0.71418 -0.69747 0.05893
vn 0.99631 0.01718 -0.08406
vn -0.71243 -0.69476 0.09874
vn 0.99004 0.02468 -0.13864
vn -0.70543 -0.68987 0.16261
vn 0.97427 0.03673 -0.22239
vn -0.68616 -0.66752 0.28914
vn 0.93592 0.04458 -0.34937
vn -0.52184 -0.66445 0.53496
vn 0.67603 -0.09780 -0.73035
vn 0.56467 -0.24717 0.78744
vn 0.98077 0.19515 -0.00121
vn 0.18124 0.90858 0.37635
vn 0.40724 0.90858 0.09295
vn 0.32658 0.90858 -0.26044
vn 0.00000 0.90858 -0.41771
vn -0.32658 0.90858 -0.26044
vn -0.40724 0.90858 0.09295
vn -0.18124 0.90858 0.37635
vn 0.00000 0.00000 0.00000
vn 0.36593 0.53731 0.75987
vn 0.68176 0.62210 0.38497
vn 0.72605 0.62210 -0.29300
vn 0.22361 0.62210 -0.75033
vn -0.44721 0.62210 -0.64265
vn -0.78127 0.62210 -0.05104
vn -0.52702 0.62210 0.57900
vn -0.32235 0.66936 0.66936
vn 0.43184 -0.09702 0.89672
vn 0.78183 -0.00000 0.62349
vn 0.97493 0.00000 -0.22252
vn 0.43388 0.00000 -0.90097
vn -0.43388 -0.00000 -0.90097
vn -0.97493 -0.00000 -0.22252
vn -0.78183 0.00000 0.62349
vn -0.43184 0.09702 0.89672
vn 0.32235 -0.66936 0.66936
vn 0.52702 -0.62210 0.57900
vn 0.78127 -0.62210 -0.05104
vn 0.44721 -0.62210 -0.64265
vn -0.22361 -0.62210 -0.75033
vn -0.72605 -0.62210 -0.29300
vn -0.68176 -0.62210 0.38497
vn -0.36593 -0.53731 0.75987
vn 0.00000 0.00000 0.00000
vn 0.18124 -0.90858 0.37635
vn 0.40724 -0.90858 0.09295
vn 0.32658 -0.90858 -0.26044
vn 0.00000 -0.90858 -0.41771
vn -0.32658 -0.90858 -0.26044
vn -0.40724 -0.90858 0.09295
vn -0.18124 -0.90858 0.37635
vn 0.78494 0.03995 -0.61828
vn 0.91267 -0.40843 0.01441
vn -0.41717 0.78192 -0.46322
vn 0.58377 -0.18152 0.79137
vn -0.54775 0.80176 -0.23907
vn 0.89285 -0.27316 0.35806
vn -0.59088 0.79445 -0.14042
vn 0.94693 -0.23023 0.22433
vn -0.60922 0.78822 -0.08699
vn 0.96956 -0.20086 0.14006
vn -0.61791 0.78447 -0.05275
vn 0.97951 -0.18235 0.08547
vn -0.62203 0.78251 -0.02755
vn 0.98434 -0.17032 0.04550
vn -0.62353 0.78177 -0.00641
vn 0.98668 -0.16222 0.01222
vn -0.62308 0.78204 0.01385
vn 0.98744 -0.15678 -0.01944
vn -0.62053 0.78335 0.03606
vn 0.98668 -0.15347 -0.05388
vn -0.61490 0.78601 0.06386
vn 0.98359 -0.15233 -0.09664
vn -0.60368 0.79045 0.10369
vn 0.97562 -0.15327 -0.15709
vn -0.58086 0.79597 0.17039
vn 0.95533 -0.15180 -0.25356
vn -0.53008 0.78929 0.30989
vn 0.91481 -0.08542 -0.39474
vn -0.28116 0.76470 0.57982
vn 0.39199 0.15747 -0.90639
vn 0.89120 -0.10764 0.44065
vn 0.98614 -0.16568 0.00841
vn 0.75377 -0.04008 -0.65591
vn 0.92534 -0.36461 -0.10396
vn -0.49258 0.49751 -0.71403
vn 0.48970 -0.48828 0.72235
vn -0.78273 0.49277 -0.38016
vn 0.81053 -0.48089 0.33433
vn -0.85586 0.46805 -0.22006
vn 0.85690 -0.46787 0.21637
vn -0.88091 0.45350 -0.13537
vn 0.88038 -0.45471 0.13482
vn -0.89134 0.44574 -0.08266
vn 0.89061 -0.44721 0.08256
vn -0.89594 0.44190 -0.04488
vn 0.89518 -0.44344 0.04488
vn -0.89763 0.44053 -0.01394
vn 0.89686 -0.44210 0.01399
vn -0.89736 0.44105 0.01503
vn 0.89657 -0.44265 -0.01494
vn -0.89508 0.44351 0.04610
vn 0.89428 -0.44514 -0.04594
vn -0.88976 0.44860 0.08418
vn 0.88894 -0.45029 -0.08386
vn -0.87829 0.45793 0.13750
vn 0.87748 -0.45975 -0.13661
vn -0.85130 0.47469 0.22350
vn 0.85135 -0.47672 -0.21895
vn -0.77322 0.50269 0.38656
vn 0.79652 -0.50373 -0.33438
vn -0.46652 0.50917 0.72326
vn 0.44455 -0.51828 -0.73059
vn 0.77248 -0.02972 0.63435
vn 0.92464 -0.36043 0.12300
vn 0.75762 -0.02675 -0.65215
vn 0.96047 -0.27838 -0.00035
vn -0.52936 0.34183 -0.77648
vn 0.50882 -0.32931 0.79540
vn -0.84529 0.33939 -0.41268
vn 0.87370 -0.32663 0.36051
vn -0.91732 0.32012 -0.23675
vn 0.91913 -0.31820 0.23227
vn -0.93996 0.30899 -0.14493
vn 0.94025 -0.30847 0.14415
vn -0.94884 0.30315 -0.08831
vn 0.94892 -0.30296 0.08810
vn -0.95262 0.30035 -0.04796
vn 0.95265 -0.30027 0.04789
vn -0.95400 0.29944 -0.01502
vn 0.95401 -0.29941 0.01500
vn -0.95382 0.29998 0.01577
vn 0.95382 -0.29998 -0.01576
vn -0.95206 0.30201 0.04879
vn 0.95205 -0.30205 -0.04873
vn -0.94780 0.30608 0.08935
vn 0.94778 -0.30620 -0.08916
vn -0.93823 0.31352 0.14640
vn 0.93825 -0.31380 -0.14564
vn -0.91429 0.32693 0.23913
vn 0.91525 -0.32764 -0.23445
vn -0.83880 0.34985 0.41715
vn 0.86445 -0.35140 -0.35952
vn -0.51085 0.35657 0.78224
vn 0.48103 -0.36516 -0.79704
vn 0.77111 -0.00755 0.63665
vn 0.95994 -0.27996 0.01187
vn 0.75973 -0.01234 -0.65012
vn 0.98417 -0.15875 0.07876
vn -0.55093 0.17055 -0.81694
vn 0.51960 -0.15808 0.83966
vn -0.88457 0.17107 -0.43390
vn 0.91271 -0.15993 0.37602
vn -0.95540 0.16123 -0.24742
vn 0.95693 -0.15948 0.24259
vn -0.97621 0.15563 -0.15098
vn 0.97641 -0.15515 0.15017
vn -0.98397 0.15282 -0.09188
vn 0.98402 -0.15263 0.09167
vn -0.98718 0.15159 -0.04993
vn 0.98720 -0.15151 0.04985
vn -0.98835 0.15135 -0.01576
vn 0.98836 -0.15133 0.01574
vn -0.98826 0.15190 0.01614
vn 0.98826 -0.15191 -0.01613
vn -0.98690 0.15326 0.05035
vn 0.98690 -0.15332 -0.05028
vn -0.98346 0.15578 0.09241
vn 0.98346 -0.15592 -0.09221
vn -0.97535 0.16021 0.15173
vn 0.97542 -0.16057 -0.15092
vn -0.95389 0.16812 0.24864
vn 0.95498 -0.16919 -0.24371
vn -0.88129 0.18183 0.43620
vn 0.90791 -0.18652 -0.37537
vn -0.54129 0.18752 0.81966
vn 0.50526 -0.19702 -0.84017
vn 0.76664 0.01239 0.64195
vn 0.98397 -0.16304 -0.07226
vn 0.76021 0.00248 -0.64967
vn 0.99371 -0.01862 0.11045
vn -0.55509 -0.00890 -0.83174
vn 0.51824 0.02003 0.85500
vn -0.89701 -0.00543 -0.44198
vn 0.92446 0.01363 0.38103
vn -0.96786 -0.00345 -0.25146
vn 0.96914 0.00490 0.24648
vn -0.98818 -0.00229 -0.15327
vn 0.98831 0.00272 0.15245
vn -0.99564 -0.00148 -0.09326
vn 0.99566 0.00165 0.09305
vn -0.99871 -0.00084 -0.05073
vn 0.99872 0.00091 0.05066
vn -0.99987 -0.00027 -0.01614
vn 0.99987 0.00029 0.01612
vn -0.99987 0.00027 0.01614
vn 0.99987 -0.00029 -0.01612
vn -0.99871 0.00084 0.05073
vn 0.99872 -0.00091 -0.05066
vn -0.99564 0.00148 0.09326
vn 0.99566 -0.00165 -0.09305
vn -0.98818 0.00229 0.15327
vn 0.98831 -0.00272 -0.15245
vn -0.96786 0.00345 0.25146
vn 0.96914 -0.00490 -0.24648
vn -0.89701 0.00543 0.44198
vn 0.92446 -0.01363 -0.38103
vn -0.55509 0.00890 0.83174
vn 0.51824 -0.02003 -0.85500
vn 0.75989 0.02894 0.64940
vn 0.99360 -0.02391 -0.11043
vn 0.75907 0.01718 -0.65078
vn 0.98824 0.12356 0.09007
vn -0.54129 -0.18752 -0.81966
vn 0.50526 0.19702 0.84017
vn -0.88129 -0.18183 -0.43620
vn 0.90791 0.18652 0.37537
vn -0.95389 -0.16812 -0.24864
vn 0.95498 0.16919 0.24371
vn -0.97535 -0.16021 -0.15173
vn 0.97542 0.16057 0.15092
vn -0.98346 -0.15578 -0.09241
vn 0.98346 0.15592 0.09221
vn -0.98690 -0.15326 -0.05035
vn 0.98690 0.15332 0.05028
vn -0.98826 -0.15190 -0.01614
vn 0.98826 0.15191 0.01613
vn -0.98835 -0.15135 0.01576
vn 0.98836 0.15133 -0.01574
vn -0.98718 -0.15159 0.04993
vn 0.98720 0.15151 -0.04985
vn -0.98397 -0.15282 0.09188
vn 0.98402 0.15263 -0.09167
vn -0.97621 -0.15563 0.15098
vn 0.97641 0.15515 -0.15017
vn -0.95540 -0.16123 0.24742
vn 0.95693 0.15948 -0.24259
vn -0.88457 -0.17107 0.43390
vn 0.91271 0.15993 -0.37602
vn -0.55093 -0.17055 0.81694
vn 0.51960 0.15808 -0.83966
vn 0.75163 0.04150 0.65828
vn 0.98816 0.11923 -0.09655
vn 0.75622 0.03118 -0.65357
vn 0.96818 0.24930 0.02171
vn -0.51085 -0.35657 -0.78224
vn 0.48103 0.36516 0.79704
vn -0.83880 -0.34985 -0.41715
vn 0.86445 0.35140 0.35952
vn -0.91429 -0.32693 -0.23913
vn 0.91525 0.32764 0.23445
vn -0.93823 -0.31352 -0.14640
vn 0.93825 0.31380 0.14564
vn -0.94780 -0.30608 -0.08935
vn 0.94778 0.30620 0.08916
vn -0.95206 -0.30201 -0.04879
vn 0.95205 0.30205 0.04873
vn -0.95382 -0.29998 -0.01577
vn 0.95382 0.29998 0.01576
vn -0.95400 -0.29944 0.01502
vn 0.95401 0.29941 -0.01500
vn -0.95262 -0.30035 0.04796
vn 0.95265 0.30027 -0.04789
vn -0.94884 -0.30315 0.08831
vn 0.94892 0.30296 -0.08810
vn -0.93996 -0.30899 0.14493
vn 0.94025 0.30847 -0.14415
vn -0.91732 -0.32012 0.23675
vn 0.91913 0.31820 -0.23227
vn -0.84529 -0.33939 0.41268
vn 0.87370 0.32663 -0.36051
vn -0.52936 -0.34183 0.77648
vn 0.50882 0.32931 -0.79540
vn 0.74246 0.04976 0.66804
vn 0.96829 0.24759 -0.03325
vn 0.75835 0.04752 -0.65011
vn 0.93670 0.33924 -0.08670
vn -0.46652 -0.50917 -0.72326
vn 0.44455 0.51828 0.73059
vn -0.77322 -0.50269 -0.38656
vn 0.79652 0.50373 0.33438
vn -0.85130 -0.47469 -0.22350
vn 0.85135 0.47672 0.21895
vn -0.87829 -0.45793 -0.13750
vn 0.87748 0.45975 0.13661
vn -0.88976 -0.44860 -0.08418
vn 0.88894 0.45029 0.08386
vn -0.89508 -0.44351 -0.04610
vn 0.89428 0.44514 0.04594
vn -0.89736 -0.44105 -0.01503
vn 0.89657 0.44265 0.01494
vn -0.89763 -0.44053 0.01394
vn 0.89686 0.44210 -0.01399
vn -0.89594 -0.44190 0.04488
vn 0.89518 0.44344 -0.04488
vn -0.89134 -0.44574 0.08266
vn 0.89061 0.44721 -0.08256
vn -0.88091 -0.45350 0.13537
vn 0.88038 0.45471 -0.13482
vn -0.85586 -0.46805 0.22006
vn 0.85690 0.46787 -0.21637
vn -0.78273 -0.49277 0.38016
vn 0.81053 0.48089 -0.33433
vn -0.49258 -0.49751 0.71403
vn 0.48970 0.48828 -0.72235
vn 0.73978 0.05727 0.67041
vn 0.93683 0.34322 0.06745
vn 0.81580 -0.13752 -0.56175
vn 0.92044 0.33242 -0.20563
vn -0.21537 -0.78906 -0.57533
vn 0.22285 -0.07775 0.97175
vn -0.46544 -0.83524 -0.29279
vn 0.89220 0.16976 0.41853
vn -0.54829 -0.81913 -0.16855
vn 0.94548 0.19377 0.26175
vn -0.58413 -0.80489 -0.10459
vn 0.97047 0.17914 0.16157
vn -0.60284 -0.79518 -0.06542
vn 0.98066 0.16844 0.09966
vn -0.61388 -0.78850 -0.03782
vn 0.98513 0.16238 0.05622
vn -0.62095 -0.78370 -0.01567
vn 0.98694 0.15962 0.02150
vn -0.62564 -0.78010 0.00459
vn 0.98716 0.15940 -0.01018
vn -0.62851 -0.77737 0.02578
vn 0.98591 0.16161 -0.04324
vn -0.62945 -0.77535 0.05113
vn 0.98250 0.16690 -0.08266
vn -0.62751 -0.77386 0.08586
vn 0.97481 0.17671 -0.13608
vn -0.62050 -0.77138 0.14128
vn 0.95676 0.19296 -0.21767
vn -0.60414 -0.75633 0.25096
vn 0.91551 0.20888 -0.34383
vn -0.46940 -0.75281 0.46145
vn 0.67589 0.10257 -0.72983
vn 0.57237 -0.26853 0.77478
vn 0.95483 0.28837 0.07166
vn 0.18124 0.90858 0.37635
vn 0.40724 0.90858 0.09295
vn 0.32658 0.90858 -0.26044
vn 0.00000 0.90858 -0.41771
vn -0.32658 0.90858 -0.26044
vn -0.40724 0.90858 0.09295
vn -0.18124 0.90858 0.37635
vn 0.00000 0.00000 0.00000
vn 0.36593 0.53731 0.75987
vn 0.68176 0.62210 0.38497
vn 0.72605 0.62210 -0.29300
vn 0.22361 0.62210 -0.75033
vn -0.44721 0.62210 -0.64265
vn -0.78127 0.62210 -0.05104
vn -0.52702 0.62210 0.57900
vn -0.32235 0.66936 0.66936
vn 0.43184 -0.09702 0.89672
vn 0.78183 -0.00000 0.62349
vn 0.97493 0.00000 -0.22252
vn 0.43388 0.00000 -0.90097
vn -0.43388 -0.00000 -0.90097
vn -0.97493 -0.00000 -0.22252
vn -0.78183 0.00000 0.62349
vn -0.43184 0.09702 0.89672
vn 0.32235 -0.66936 0.66936
vn 0.52702 -0.62210 0.57900
vn 0.78127 -0.62210 -0.05104
vn 0.44721 -0.62210 -0.64265
vn -0.22361 -0.62210 -0.75033
vn -0.72605 -0.62210 -0.29300
vn -0.68176 -0.62210 0.38497
vn -0.36593 -0.53731 0.75987
vn 0.00000 0.00000 0.00000
vn 0.18124 -0.90858 0.37635
vn 0.40724 -0.90858 0.09295
vn 0.32658 -0.90858 -0.26044
vn 0.00000 -0.90858 -0.41771
vn -0.32658 -0.90858 -0.26044
vn -0.40724 -0.90858 0.09295
vn -0.18124 -0.90858 0.37635
vn 0.75505 0.09600 0.64860
vn 0.73644 0.23752 0.63344
vn -0.12801 -0.98448 0.12007
vn 0.29763 0.60970 -0.73463
vn -0.10811 -0.99289 0.04983
vn 0.65729 0.70442 -0.26789
vn -0.10912 -0.99365 0.02733
vn 0.72515 0.66661 -0.17260
vn -0.11148 -0.99363 0.01639
vn 0.76036 0.63994 -0.11108
vn -0.11299 -0.99355 0.00967
vn 0.77961 0.62239 -0.06947
vn -0.11363 -0.99351 0.00481
vn 0.79089 0.61078 -0.03812
vn -0.11359 -0.99353 0.00074
vn 0.79764 0.60302 -0.01162
vn -0.11293 -0.99360 -0.00320
vn 0.80135 0.59803 0.01366
vn -0.11161 -0.99372 -0.00763
vn 0.80238 0.59541 0.04094
vn -0.10947 -0.99390 -0.01339
vn 0.80012 0.59523 0.07421
vn -0.10647 -0.99407 -0.02226
vn 0.79295 0.59737 0.11994
vn -0.10423 -0.99378 -0.03933
vn 0.77922 0.59702 0.19073
vn -0.11716 -0.98924 -0.08761
vn 0.79782 0.52155 0.30243
vn -0.10736 -0.97965 -0.16959
vn 0.46885 -0.28220 0.83699
vn 0.78354 0.20744 -0.58570
vn 0.79780 0.23347 -0.55588
vn 0.74143 0.10465 0.66282
vn 0.76916 0.30228 0.56305
vn -0.29484 -0.86738 0.40090
vn 0.35621 0.85733 -0.37161
vn -0.45781 -0.86239 0.21608
vn 0.48302 0.85452 -0.19104
vn -0.51539 -0.84707 0.12978
vn 0.51640 0.84678 -0.12762
vn -0.54051 -0.83738 0.08152
vn 0.53940 0.83813 -0.08111
vn -0.55257 -0.83196 0.05021
vn 0.55105 0.83297 -0.05009
vn -0.55830 -0.82920 0.02718
vn 0.55665 0.83030 -0.02714
vn -0.56038 -0.82819 0.00801
vn 0.55869 0.82934 -0.00803
vn -0.55980 -0.82857 -0.01007
vn 0.55808 0.82973 0.01001
vn -0.55645 -0.83036 -0.02945
vn 0.55472 0.83152 0.02933
vn -0.54918 -0.83402 -0.05300
vn 0.54744 0.83518 0.05277
vn -0.53493 -0.84058 -0.08533
vn 0.53319 0.84174 0.08472
vn -0.50607 -0.85175 -0.13569
vn 0.50500 0.85285 0.13274
vn -0.44045 -0.86866 -0.22680
vn 0.45777 0.86818 0.19162
vn -0.25403 -0.86974 -0.42311
vn 0.25667 0.88391 0.39092
vn 0.75760 0.13164 -0.63931
vn 0.76927 0.29094 -0.56884
vn 0.75762 0.10708 0.64386
vn 0.80629 0.34153 0.48295
vn -0.35975 -0.78671 0.50166
vn 0.39484 0.77524 -0.49306
vn -0.56389 -0.78074 0.26921
vn 0.59279 0.76986 -0.23646
vn -0.63025 -0.75972 0.16004
vn 0.63296 0.75810 -0.15701
vn -0.65766 -0.74666 0.09993
vn 0.65823 0.74623 -0.09935
vn -0.67043 -0.73942 0.06142
vn 0.67062 0.73927 -0.06125
vn -0.67643 -0.73575 0.03331
vn 0.67651 0.73568 -0.03324
vn -0.67865 -0.73439 0.01004
vn 0.67869 0.73436 -0.01001
vn -0.67814 -0.73483 -0.01186
vn 0.67816 0.73482 0.01187
vn -0.67485 -0.73711 -0.03533
vn 0.67483 0.73713 0.03531
vn -0.66753 -0.74183 -0.06391
vn 0.66747 0.74190 0.06380
vn -0.65286 -0.75039 -0.10336
vn 0.65278 0.75054 0.10282
vn -0.62215 -0.76522 -0.16541
vn 0.62286 0.76540 0.16190
vn -0.54833 -0.78834 -0.27901
vn 0.57179 0.78620 0.23440
vn -0.32166 -0.79110 -0.52029
vn 0.32139 0.80818 0.49350
vn 0.77600 0.12408 -0.61840
vn 0.80666 0.33767 -0.48505
vn 0.77325 0.09985 0.62620
vn 0.85375 0.36295 0.37335
vn -0.42001 -0.68383 0.59663
vn 0.43996 0.66859 -0.59952
vn -0.66264 -0.67762 0.31897
vn 0.69520 0.66363 -0.27619
vn -0.73408 -0.65266 0.18753
vn 0.73681 0.65066 -0.18372
vn -0.76162 -0.63749 0.11636
vn 0.76217 0.63697 -0.11565
vn -0.77396 -0.62920 0.07133
vn 0.77414 0.62901 -0.07112
vn -0.77964 -0.62503 0.03871
vn 0.77972 0.62494 -0.03863
vn -0.78175 -0.62348 0.01184
vn 0.78178 0.62344 -0.01181
vn -0.78134 -0.62397 -0.01339
vn 0.78134 0.62396 0.01339
vn -0.77835 -0.62652 -0.04043
vn 0.77834 0.62655 0.04039
vn -0.77160 -0.63186 -0.07345
vn 0.77155 0.63194 0.07330
vn -0.75770 -0.64161 -0.11931
vn 0.75765 0.64178 0.11865
vn -0.72737 -0.65878 -0.19221
vn 0.72828 0.65900 0.18797
vn -0.64931 -0.68635 -0.32759
vn 0.67655 0.68379 0.27333
vn -0.38584 -0.69090 -0.61138
vn 0.37304 0.70771 0.59999
vn 0.79209 0.10601 -0.60113
vn 0.85371 0.35784 -0.37832
vn 0.78693 0.08433 0.61126
vn 0.90192 0.34732 0.25673
vn -0.47294 -0.55815 0.68176
vn 0.47099 0.53854 -0.69867
vn -0.74997 -0.55273 0.36336
vn 0.78492 0.53643 -0.31007
vn -0.82315 -0.52705 0.21128
vn 0.82575 0.52478 -0.20673
vn -0.84917 -0.51180 0.13028
vn 0.84965 0.51121 -0.12947
vn -0.86026 -0.50360 0.07964
vn 0.86041 0.50338 -0.07941
vn -0.86523 -0.49951 0.04323
vn 0.86529 0.49942 -0.04315
vn -0.86706 -0.49803 0.01337
vn 0.86708 0.49799 -0.01334
vn -0.86674 -0.49855 -0.01461
vn 0.86674 0.49854 0.01461
vn -0.86424 -0.50110 -0.04461
vn 0.86422 0.50113 0.04456
vn -0.85845 -0.50641 -0.08135
vn 0.85840 0.50651 0.08117
vn -0.84615 -0.51616 -0.13268
vn 0.84614 0.51639 0.13190
vn -0.81794 -0.53357 -0.21512
vn 0.81896 0.53396 0.21020
vn -0.73926 -0.56235 -0.37050
vn 0.76929 0.56042 0.30680
vn -0.44411 -0.56840 -0.69260
vn 0.41467 0.58393 0.69791
vn 0.80421 0.07994 -0.58894
vn 0.90168 0.34262 -0.26380
vn 0.79761 0.06242 0.59993
vn 0.94529 0.29123 0.14703
vn -0.51529 -0.41081 0.75214
vn 0.48825 0.38769 -0.78186
vn -0.82106 -0.40727 0.39999
vn 0.85702 0.39021 -0.33653
vn -0.89367 -0.38512 0.23029
vn 0.89601 0.38276 -0.22509
vn -0.91733 -0.37223 0.14124
vn 0.91772 0.37162 -0.14034
vn -0.92685 -0.36542 0.08614
vn 0.92696 0.36519 -0.08589
vn -0.93097 -0.36210 0.04677
vn 0.93101 0.36200 -0.04668
vn -0.93247 -0.36096 0.01460
vn 0.93248 0.36092 -0.01457
vn -0.93225 -0.36149 -0.01550
vn 0.93225 0.36149 0.01549
vn -0.93028 -0.36374 -0.04777
vn 0.93026 0.36379 0.04771
vn -0.92558 -0.36833 -0.08738
vn 0.92555 0.36845 0.08717
vn -0.91522 -0.37673 -0.14300
vn 0.91523 0.37703 0.14213
vn -0.88999 -0.39188 -0.23314
vn 0.89111 0.39256 0.22765
vn -0.81325 -0.41753 -0.40532
vn 0.84517 0.41774 0.33345
vn -0.49336 -0.42429 -0.75933
vn 0.44615 0.43896 0.77991
vn 0.81137 0.04896 -0.58248
vn 0.94507 0.28812 -0.15439
vn 0.80462 0.03617 0.59269
vn 0.97838 0.19782 0.06035
vn -0.54373 -0.24544 0.80257
vn 0.49392 0.22141 -0.84084
vn -0.87086 -0.24465 0.42632
vn 0.90670 0.22889 -0.35427
vn -0.94211 -0.23036 0.24363
vn 0.94411 0.22812 -0.23793
vn -0.96358 -0.22218 0.14883
vn 0.96387 0.22157 -0.14787
vn -0.97174 -0.21796 0.09062
vn 0.97182 0.21773 -0.09036
vn -0.97515 -0.21600 0.04922
vn 0.97518 0.21590 -0.04914
vn -0.97639 -0.21546 0.01549
vn 0.97640 0.21542 -0.01546
vn -0.97626 -0.21600 -0.01603
vn 0.97626 0.21601 0.01601
vn -0.97475 -0.21767 -0.04982
vn 0.97474 0.21773 0.04975
vn -0.97101 -0.22091 -0.09136
vn 0.97099 0.22107 0.09113
vn -0.96235 -0.22674 -0.14989
vn 0.96241 0.22713 0.14895
vn -0.93996 -0.23722 -0.24536
vn 0.94120 0.23832 0.23948
vn -0.86618 -0.25531 -0.42958
vn 0.89936 0.25921 0.35208
vn -0.53014 -0.26160 -0.80654
vn 0.46846 0.27726 0.83885
vn 0.81322 0.01621 -0.58172
vn 0.97828 0.19655 -0.06581
vn 0.81073 0.00754 0.58537
vn 0.99700 0.07676 0.00988
vn -0.55552 -0.06845 0.82868
vn 0.49630 0.04376 -0.86705
vn -0.89511 -0.07070 0.44020
vn 0.93043 0.05537 -0.36226
vn -0.96575 -0.06747 0.25056
vn 0.96766 0.06297 -0.24426
vn -0.98608 -0.06566 0.15276
vn 0.98645 0.06275 -0.15158
vn -0.99356 -0.06488 0.09294
vn 0.99375 0.06242 -0.09255
vn -0.99662 -0.06470 0.05053
vn 0.99678 0.06242 -0.05034
vn -0.99776 -0.06492 0.01602
vn 0.99790 0.06272 -0.01590
vn -0.99772 -0.06546 -0.01618
vn 0.99786 0.06332 0.01627
vn -0.99650 -0.06638 -0.05071
vn 0.99664 0.06427 0.05076
vn -0.99334 -0.06784 -0.09317
vn 0.99348 0.06579 0.09310
vn -0.98571 -0.07024 -0.15308
vn 0.98595 0.06836 0.15240
vn -0.96510 -0.07437 -0.25109
vn 0.96659 0.07339 0.24561
vn -0.89370 -0.08154 -0.44120
vn 0.92801 0.08752 0.36213
vn -0.55134 -0.08609 -0.82983
vn 0.48035 0.10219 0.87110
vn 0.81315 -0.01540 -0.58185
vn 0.99699 0.07655 -0.01261
vn 0.79282 0.23484 0.56240
vn 0.99823 0.01600 0.05731
vn -0.39296 0.38731 0.83401
vn 0.06977 0.74064 -0.66827
vn -0.77082 0.46561 0.43478
vn 0.78583 0.52206 -0.33156
vn -0.85232 0.46289 0.24349
vn 0.86300 0.44467 -0.23978
vn -0.87838 0.45445 0.14808
vn 0.88926 0.43252 -0.14880
vn -0.88986 0.44707 0.09102
vn 0.89861 0.42909 -0.09158
vn -0.89616 0.44076 0.05128
vn 0.90240 0.42781 -0.05149
vn -0.90021 0.43502 0.01951
vn 0.90390 0.42730 -0.01952
vn -0.90309 0.42934 -0.00963
vn 0.90412 0.42717 0.00967
vn -0.90516 0.42316 -0.04032
vn 0.90320 0.42734 0.04022
vn -0.90626 0.41555 -0.07746
vn 0.90053 0.42794 0.07683
vn -0.90538 0.40449 -0.12915
vn 0.89412 0.42949 0.12687
vn -0.89874 0.38330 -0.21293
vn 0.87757 0.43407 0.20358
vn -0.86815 0.32209 -0.37759
vn 0.83603 0.45448 0.30742
vn -0.62551 0.31046 -0.71579
vn 0.51472 0.67697 0.52609
vn 0.57300 0.17421 -0.80083
vn 0.98904 0.14762 0.00263
vn 0.18124 0.90858 0.37635
vn 0.40724 0.90858 0.09295
vn 0.32658 0.90858 -0.26044
vn 0.00000 0.90858 -0.41771
vn -0.32658 0.90858 -0.26044
vn -0.40724 0.90858 0.09295
vn -0.18124 0.90858 0.37635
vn 0.00000 0.00000 0.00000
vn 0.36593 0.53731 0.75987
vn 0.68176 0.62210 0.38497
vn 0.72605 0.62210 -0.29300
vn 0.22361 0.62210 -0.75033
vn -0.44721 0.62210 -0.64265
vn -0.78127 0.62210 -0.05104
vn -0.52702 0.62210 0.57900
vn -0.32235 0.66936 0.66936
vn 0.43184 -0.09702 0.89672
vn 0.78183 0.00000 0.62349
vn 0.97493 -0.00000 -0.22252
vn 0.43388 -0.00000 -0.90097
vn -0.43388 0.00000 -0.90097
vn -0.97493 0.00000 -0.22252
vn -0.78183 -0.00000 0.62349
vn -0.43184 0.09702 0.89672
vn 0.32235 -0.66936 0.66936
vn 0.52702 -0.62210 0.57900
vn 0.78127 -0.62210 -0.05104
vn 0.44721 -0.62210 -0.64265
vn -0.22361 -0.62210 -0.75033
vn -0.72605 -0.62210 -0.29300
vn -0.68176 -0.62210 0.38497
vn -0.36593 -0.53731 0.75987
vn 0.00000 0.00000 0.00000
vn 0.18124 -0.90858 0.37635
vn 0.40724 -0.90858 0.09295
vn 0.32658 -0.90858 -0.26044
vn 0.00000 -0.90858 -0.41771
vn -0.32658 -0.90858 -0.26044
vn -0.40724 -0.90858 0.09295
vn -0.18124 -0.90858 0.37635
vn 0.77279 0.07592 0.63010
vn 0.78092 0.32013 0.53636
vn -0.19856 -0.95871 0.20359
vn 0.39760 0.52475 -0.75269
vn -0.21774 -0.97119 0.09687
vn 0.73209 0.61252 -0.29809
vn -0.23269 -0.97092 0.05627
vn 0.79896 0.57048 -0.19031
vn -0.24134 -0.96982 0.03477
vn 0.83243 0.54068 -0.12138
vn -0.24599 -0.96904 0.02099
vn 0.85000 0.52137 -0.07536
vn -0.24823 -0.96864 0.01081
vn 0.85993 0.50877 -0.04098
vn -0.24888 -0.96853 0.00223
vn 0.86566 0.50048 -0.01206
vn -0.24826 -0.96867 -0.00604
vn 0.86860 0.49527 0.01549
vn -0.24627 -0.96908 -0.01515
vn 0.86902 0.49269 0.04529
vn -0.24242 -0.96981 -0.02666
vn 0.86622 0.49292 0.08182
vn -0.23580 -0.97083 -0.04343
vn 0.85814 0.49605 0.13242
vn -0.22577 -0.97146 -0.07273
vn 0.84124 0.49766 0.21133
vn -0.21928 -0.96519 -0.14254
vn 0.84038 0.42798 0.33256
vn -0.14990 -0.95021 -0.27319
vn 0.46404 -0.12354 0.87716
vn 0.81461 0.20876 -0.54113
vn 0.85378 0.27000 -0.44515
vn 0.75062 0.09569 0.65376
vn 0.80638 0.35657 0.47181
vn -0.35070 -0.79957 0.48754
vn 0.39436 0.79083 -0.46804
vn -0.54910 -0.79370 0.26178
vn 0.57614 0.78403 -0.23099
vn -0.61444 -0.77342 0.15586
vn 0.61553 0.77308 -0.15322
vn -0.64165 -0.76078 0.09741
vn 0.64067 0.76167 -0.09694
vn -0.65440 -0.75377 0.05990
vn 0.65306 0.75494 -0.05977
vn -0.66040 -0.75021 0.03247
vn 0.65896 0.75148 -0.03245
vn -0.66261 -0.74890 0.00976
vn 0.66114 0.75020 -0.00979
vn -0.66210 -0.74933 -0.01162
vn 0.66061 0.75064 0.01155
vn -0.65878 -0.75154 -0.03454
vn 0.65727 0.75287 0.03440
vn -0.65142 -0.75614 -0.06243
vn 0.64990 0.75747 0.06216
vn -0.63674 -0.76445 -0.10090
vn 0.63523 0.76580 0.10019
vn -0.60615 -0.77882 -0.16132
vn 0.60542 0.78010 0.15786
vn -0.53326 -0.80112 -0.27173
vn 0.55311 0.80029 0.23155
vn -0.31216 -0.80362 -0.50670
vn 0.30942 0.81657 0.48731
vn 0.76985 0.11480 -0.62782
vn 0.80578 0.34385 -0.48217
vn 0.76452 0.08990 0.63830
vn 0.84927 0.37341 0.37324
vn -0.41178 -0.69993 0.58356
vn 0.43037 0.68798 -0.58435
vn -0.64913 -0.69369 0.31214
vn 0.67916 0.68110 -0.27358
vn -0.72006 -0.66912 0.18380
vn 0.72266 0.66727 -0.18030
vn -0.74770 -0.65415 0.11415
vn 0.74823 0.65366 -0.11349
vn -0.76016 -0.64595 0.07000
vn 0.76033 0.64577 -0.06981
vn -0.76592 -0.64181 0.03799
vn 0.76599 0.64173 -0.03792
vn -0.76805 -0.64028 0.01160
vn 0.76808 0.64024 -0.01157
vn -0.76763 -0.64076 -0.01319
vn 0.76764 0.64075 0.01319
vn -0.76459 -0.64329 -0.03976
vn 0.76457 0.64331 0.03972
vn -0.75772 -0.64858 -0.07219
vn 0.75767 0.64865 0.07205
vn -0.74365 -0.65822 -0.11718
vn 0.74360 0.65838 0.11656
vn -0.71315 -0.67517 -0.18860
vn 0.71398 0.67537 0.18467
vn -0.63546 -0.70227 -0.32094
vn 0.66044 0.70000 0.27168
vn -0.37697 -0.70658 -0.59887
vn 0.36801 0.72073 0.58746
vn 0.78441 0.09775 -0.61249
vn 0.84881 0.36797 -0.37964
vn 0.77669 0.07668 0.62520
vn 0.89731 0.36214 0.25236
vn -0.46595 -0.57748 0.67038
vn 0.46704 0.56198 -0.68268
vn -0.73837 -0.57188 0.35744
vn 0.77083 0.55701 -0.30913
vn -0.81148 -0.54606 0.20815
vn 0.81397 0.54394 -0.20393
vn -0.83778 -0.53067 0.12847
vn 0.83825 0.53012 -0.12770
vn -0.84909 -0.52238 0.07856
vn 0.84923 0.52218 -0.07835
vn -0.85417 -0.51824 0.04265
vn 0.85423 0.51815 -0.04257
vn -0.85604 -0.51674 0.01317
vn 0.85607 0.51670 -0.01314
vn -0.85571 -0.51725 -0.01446
vn 0.85572 0.51724 0.01445
vn -0.85314 -0.51982 -0.04408
vn 0.85312 0.51985 0.04403
vn -0.84719 -0.52518 -0.08034
vn 0.84715 0.52527 0.08016
vn -0.83464 -0.53501 -0.13095
vn 0.83462 0.53522 0.13022
vn -0.80604 -0.55254 -0.21213
vn 0.80700 0.55288 0.20754
vn -0.72726 -0.58138 -0.36480
vn 0.75503 0.57955 0.30668
vn -0.43626 -0.58726 -0.68177
vn 0.41386 0.60048 0.68421
vn 0.79515 0.07346 -0.60194
vn 0.89672 0.35747 -0.26097
vn 0.78623 0.05779 0.61522
vn 0.94102 0.30944 0.13683
vn -0.51002 -0.43308 0.74318
vn 0.49053 0.41450 -0.76653
vn -0.81209 -0.42921 0.39533
vn 0.84571 0.41338 -0.33746
vn -0.88487 -0.40628 0.22790
vn 0.88713 0.40404 -0.22305
vn -0.90888 -0.39290 0.13988
vn 0.90926 0.39231 -0.13903
vn -0.91862 -0.38581 0.08533
vn 0.91874 0.38559 -0.08509
vn -0.92286 -0.38234 0.04633
vn 0.92290 0.38224 -0.04625
vn -0.92441 -0.38113 0.01444
vn 0.92442 0.38109 -0.01442
vn -0.92417 -0.38166 -0.01539
vn 0.92417 0.38166 0.01538
vn -0.92213 -0.38397 -0.04739
vn 0.92211 0.38402 0.04733
vn -0.91728 -0.38871 -0.08665
vn 0.91725 0.38882 0.08644
vn -0.90664 -0.39738 -0.14173
vn 0.90665 0.39766 0.14091
vn -0.88097 -0.41301 -0.23090
vn 0.88202 0.41362 0.22576
vn -0.80386 -0.43939 -0.40094
vn 0.83354 0.43933 0.33497
vn -0.48700 -0.44611 -0.75087
vn 0.44981 0.45854 0.76643
vn 0.80122 0.04494 -0.59668
vn 0.94056 0.30677 -0.14573
vn 0.79263 0.03508 0.60870
vn 0.97505 0.21776 0.04319
vn -0.54063 -0.26996 0.79677
vn 0.50179 0.25022 -0.82801
vn -0.86523 -0.26874 0.42328
vn 0.89890 0.25382 -0.35715
vn -0.93666 -0.25309 0.24210
vn 0.93861 0.25093 -0.23675
vn -0.95839 -0.24411 0.14797
vn 0.95868 0.24353 -0.14706
vn -0.96672 -0.23946 0.09010
vn 0.96679 0.23924 -0.08986
vn -0.97021 -0.23727 0.04894
vn 0.97024 0.23718 -0.04886
vn -0.97148 -0.23663 0.01538
vn 0.97149 0.23660 -0.01536
vn -0.97134 -0.23717 -0.01597
vn 0.97133 0.23718 0.01596
vn -0.96977 -0.23894 -0.04960
vn 0.96976 0.23900 0.04953
vn -0.96591 -0.24240 -0.09093
vn 0.96589 0.24255 0.09070
vn -0.95704 -0.24866 -0.14913
vn 0.95709 0.24902 0.14824
vn -0.93429 -0.25994 -0.24400
vn 0.93544 0.26093 0.23846
vn -0.86009 -0.27935 -0.42685
vn 0.89106 0.28252 0.35524
vn -0.52578 -0.28579 -0.80117
vn 0.47598 0.29875 0.82716
vn 0.80242 0.01513 -0.59657
vn 0.97481 0.21734 -0.05000
vn 0.79561 0.01028 0.60572
vn 0.99519 0.09705 -0.01345
vn -0.55492 -0.09413 0.82656
vn 0.50271 0.07572 -0.86113
vn -0.89333 -0.09596 0.43904
vn 0.92635 0.08386 -0.36721
vn -0.96396 -0.09103 0.24999
vn 0.96559 0.08914 -0.24433
vn -0.98437 -0.08825 0.15243
vn 0.98456 0.08772 -0.15150
vn -0.99189 -0.08694 0.09275
vn 0.99193 0.08674 -0.09250
vn -0.99498 -0.08650 0.05041
vn 0.99499 0.08641 -0.05033
vn -0.99612 -0.08660 0.01597
vn 0.99612 0.08657 -0.01595
vn -0.99606 -0.08714 -0.01618
vn 0.99606 0.08716 0.01617
vn -0.99482 -0.08818 -0.05066
vn 0.99481 0.08825 0.05058
vn -0.99159 -0.08991 -0.09305
vn 0.99160 0.09009 0.09281
vn -0.98388 -0.09283 -0.15286
vn 0.98398 0.09328 0.15193
vn -0.96310 -0.09793 -0.25069
vn 0.96443 0.09936 0.24496
vn -0.89144 -0.10679 -0.44037
vn 0.92342 0.11417 0.36643
vn -0.54936 -0.11166 -0.82809
vn 0.49317 0.12685 0.86063
vn 0.79910 -0.01344 -0.60104
vn 0.99512 0.09812 0.01068
vn 0.79929 -0.01529 0.60075
vn 0.99906 -0.03656 -0.02322
vn -0.55134 0.08609 0.82983
vn 0.49737 -0.10404 -0.86128
vn -0.89370 0.08154 0.44120
vn 0.92562 -0.09222 -0.36705
vn -0.96510 0.07437 0.25109
vn 0.96635 -0.07824 -0.24503
vn -0.98571 0.07024 0.15308
vn 0.98570 -0.07291 -0.15194
vn -0.99334 0.06784 0.09317
vn 0.99321 -0.07015 -0.09279
vn -0.99650 0.06638 0.05071
vn 0.99637 -0.06853 -0.05052
vn -0.99772 0.06546 0.01618
vn 0.99759 -0.06754 -0.01607
vn -0.99776 0.06492 -0.01602
vn 0.99763 -0.06695 0.01610
vn -0.99662 0.06470 -0.05053
vn 0.99649 -0.06670 0.05057
vn -0.99356 0.06488 -0.09294
vn 0.99343 -0.06682 0.09287
vn -0.98608 0.06566 -0.15276
vn 0.98606 -0.06740 0.15210
vn -0.96575 0.06747 -0.25056
vn 0.96703 -0.06808 0.24540
vn -0.89511 0.07070 -0.44020
vn 0.92795 -0.06138 0.36762
vn -0.55552 0.06845 -0.82868
vn 0.50211 -0.05291 0.86318
vn 0.79616 -0.03889 -0.60384
vn 0.99904 -0.03540 0.02581
vn 0.80066 0.21909 0.55762
vn 0.99477 -0.08578 0.05545
vn -0.35404 0.50620 0.78639
vn 0.11868 0.58865 -0.79963
vn -0.70672 0.57787 0.40818
vn 0.85618 0.35744 -0.37308
vn -0.79104 0.56703 0.22963
vn 0.92240 0.28948 -0.25569
vn -0.82034 0.55444 0.14013
vn 0.94573 0.28400 -0.15790
vn -0.83395 0.54504 0.08641
vn 0.95384 0.28419 -0.09707
vn -0.84160 0.53788 0.04895
vn 0.95703 0.28479 -0.05459
vn -0.84652 0.53203 0.01899
vn 0.95827 0.28511 -0.02073
vn -0.84995 0.52680 -0.00846
vn 0.95845 0.28507 0.01015
vn -0.85233 0.52167 -0.03733
vn 0.95770 0.28463 0.04245
vn -0.85353 0.51602 -0.07219
vn 0.95547 0.28373 0.08116
vn -0.85259 0.50848 -0.12057
vn 0.94990 0.28234 0.13406
vn -0.84632 0.49415 -0.19890
vn 0.93506 0.28155 0.21541
vn -0.82089 0.44830 -0.35378
vn 0.89687 0.29340 0.33097
vn -0.60227 0.44176 -0.66492
vn 0.59437 0.50038 0.62956
vn 0.56548 0.19764 -0.80073
vn 0.99855 0.03576 0.04021
vn 0.18124 0.90858 0.37635
vn 0.40724 0.90858 0.09295
vn 0.32658 0.90858 -0.26044
vn 0.00000 0.90858 -0.41771
vn -0.32658 0.90858 -0.26044
vn -0.40724 0.90858 0.09295
vn -0.18124 0.90858 0.37635
vn 0.00000 0.00000 0.00000
vn 0.36593 0.53731 0.75987
vn 0.68176 0.62210 0.38497
vn 0.72605 0.62210 -0.29300
vn 0.22361 0.62210 -0.75033
vn -0.44721 0.62210 -0.64265
vn -0.78127 0.62210 -0.05104
vn -0.52702 0.62210 0.57900
vn -0.32235 0.66936 0.66936
vn 0.43184 -0.09702 0.89672
vn 0.78183 -0.00000 0.62349
vn 0.97493 0.00000 -0.22252
vn 0.43388 0.00000 -0.90097
vn -0.43388 0.00000 -0.90097
vn -0.97493 0.00000 -0.22252
vn -0.78183 -0.00000 0.62349
vn -0.43184 0.09702 0.89672
vn 0.32235 -0.66936 0.66936
vn 0.52702 -0.62210 0.57900
vn 0.78127 -0.62210 -0.05104
vn 0.44721 -0.62210 -0.64265
vn -0.22361 -0.62210 -0.75033
vn -0.72605 -0.62210 -0.29300
vn -0.68176 -0.62210 0.38497
vn -0.36593 -0.53731 0.75987
vn 0.00000 0.00000 0.00000
vn 0.18124 -0.90858 0.37635
vn 0.40724 -0.90858 0.09295
vn 0.32658 -0.90858 -0.26044
vn 0.00000 -0.90858 -0.41771
vn -0.32658 -0.90858 -0.26044
vn -0.40724 -0.90858 0.09295
vn -0.18124 -0.90858 0.37635
vn 0.78508 0.04299 0.61791
vn 0.83316 0.38929 0.39281
vn -0.27174 -0.91756 0.29024
vn 0.47521 0.42358 -0.77120
vn -0.32956 -0.93294 0.14497
vn 0.79703 0.51016 -0.32325
vn -0.35655 -0.93037 0.08533
vn 0.86102 0.46549 -0.20488
vn -0.37012 -0.92747 0.05302
vn 0.89152 0.43404 -0.12963
vn -0.37707 -0.92563 0.03217
vn 0.90679 0.41393 -0.07996
vn -0.38044 -0.92465 0.01672
vn 0.91509 0.40093 -0.04314
vn -0.38159 -0.92433 0.00370
vn 0.91971 0.39241 -0.01229
vn -0.38100 -0.92453 -0.00881
vn 0.92190 0.38705 0.01708
vn -0.37856 -0.92530 -0.02255
vn 0.92187 0.38439 0.04891
vn -0.37351 -0.92677 -0.03976
vn 0.91886 0.38461 0.08812
vn -0.36423 -0.92907 -0.06448
vn 0.91056 0.38792 0.14283
vn -0.34796 -0.93146 -0.10636
vn 0.89188 0.39009 0.22885
vn -0.32398 -0.92490 -0.19900
vn 0.87573 0.32357 0.35833
vn -0.19403 -0.90521 -0.37807
vn 0.44212 -0.08157 0.89324
vn 0.84484 0.19111 -0.49972
vn 0.91038 0.27583 -0.30844
vn 0.75618 0.07976 0.64948
vn 0.84738 0.38980 0.36056
vn -0.40341 -0.71555 0.57030
vn 0.43029 0.70704 -0.56120
vn -0.63539 -0.70931 0.30521
vn 0.66346 0.69821 -0.26892
vn -0.70575 -0.68521 0.18001
vn 0.70687 0.68486 -0.17695
vn -0.73346 -0.67046 0.11190
vn 0.73261 0.67147 -0.11139
vn -0.74602 -0.66237 0.06865
vn 0.74488 0.66367 -0.06853
vn -0.75184 -0.65829 0.03725
vn 0.75063 0.65968 -0.03723
vn -0.75400 -0.65677 0.01135
vn 0.75276 0.65820 -0.01138
vn -0.75356 -0.65725 -0.01298
vn 0.75230 0.65869 0.01290
vn -0.75047 -0.65975 -0.03906
vn 0.74919 0.66121 0.03891
vn -0.74350 -0.66497 -0.07088
vn 0.74220 0.66645 0.07059
vn -0.72928 -0.67449 -0.11500
vn 0.72799 0.67600 0.11420
vn -0.69863 -0.69117 -0.18491
vn 0.69819 0.69265 0.18100
vn -0.62139 -0.71774 -0.31419
vn 0.64303 0.71692 0.26933
vn -0.36798 -0.72179 -0.58618
vn 0.35874 0.73330 0.57756
vn 0.77710 0.08940 -0.62300
vn 0.84631 0.37783 -0.37550
vn 0.76679 0.06859 0.63823
vn 0.89227 0.37652 0.24919
vn -0.45875 -0.59636 0.65871
vn 0.46193 0.58373 -0.66774
vn -0.72646 -0.59060 0.35136
vn 0.75670 0.57699 -0.30740
vn -0.79943 -0.56473 0.20493
vn 0.80183 0.56273 -0.20101
vn -0.82601 -0.54926 0.12659
vn 0.82647 0.54874 -0.12587
vn -0.83752 -0.54090 0.07744
vn 0.83766 0.54071 -0.07724
vn -0.84271 -0.53672 0.04204
vn 0.84277 0.53664 -0.04196
vn -0.84463 -0.53519 0.01296
vn 0.84465 0.53516 -0.01294
vn -0.84429 -0.53570 -0.01430
vn 0.84429 0.53569 0.01429
vn -0.84164 -0.53829 -0.04352
vn 0.84162 0.53831 0.04348
vn -0.83554 -0.54368 -0.07928
vn 0.83550 0.54376 0.07912
vn -0.82273 -0.55356 -0.12915
vn 0.82271 0.55375 0.12847
vn -0.79378 -0.57115 -0.20903
vn 0.79468 0.57145 0.20475
vn -0.71496 -0.59999 -0.35895
vn 0.74071 0.59824 0.30570
vn -0.42823 -0.60567 -0.67066
vn 0.41081 0.61722 0.67102
vn 0.78643 0.06665 -0.61407
vn 0.89136 0.37175 -0.25938
vn 0.77511 0.05249 0.62964
vn 0.93615 0.32748 0.12799
vn -0.50447 -0.45496 0.73384
vn 0.49031 0.43960 -0.75256
vn -0.80271 -0.45078 0.39047
vn 0.83423 0.43606 -0.33750
vn -0.87563 -0.42716 0.22540
vn 0.87782 0.42504 -0.22086
vn -0.89999 -0.41334 0.13844
vn 0.90037 0.41279 -0.13764
vn -0.90996 -0.40600 0.08448
vn 0.91007 0.40579 -0.08426
vn -0.91432 -0.40239 0.04587
vn 0.91436 0.40230 -0.04579
vn -0.91591 -0.40113 0.01428
vn 0.91593 0.40109 -0.01426
vn -0.91566 -0.40166 -0.01528
vn 0.91566 0.40165 0.01527
vn -0.91354 -0.40402 -0.04698
vn 0.91353 0.40406 0.04692
vn -0.90854 -0.40888 -0.08586
vn 0.90851 0.40899 0.08568
vn -0.89762 -0.41781 -0.14039
vn 0.89763 0.41806 0.13961
vn -0.87151 -0.43386 -0.22855
vn 0.87250 0.43440 0.22372
vn -0.79404 -0.46088 -0.39635
vn 0.82173 0.46059 0.33557
vn -0.48041 -0.46754 -0.74203
vn 0.45034 0.47836 0.75390
vn 0.79133 0.04035 -0.61005
vn 0.93547 0.32514 -0.13850
vn 0.78076 0.03311 0.62395
vn 0.97090 0.23789 0.02743
vn -0.53720 -0.29421 0.79048
vn 0.50618 0.27754 -0.81655
vn -0.85908 -0.29257 0.41999
vn 0.89081 0.27842 -0.35907
vn -0.93071 -0.27563 0.24044
vn 0.93260 0.27356 -0.23541
vn -0.95272 -0.26589 0.14703
vn 0.95301 0.26534 -0.14617
vn -0.96122 -0.26083 0.08955
vn 0.96130 0.26062 -0.08932
vn -0.96480 -0.25843 0.04864
vn 0.96483 0.25834 -0.04856
vn -0.96611 -0.25769 0.01527
vn 0.96612 0.25766 -0.01525
vn -0.96595 -0.25823 -0.01591
vn 0.96595 0.25824 0.01590
vn -0.96432 -0.26009 -0.04935
vn 0.96431 0.26015 0.04929
vn -0.96034 -0.26377 -0.09044
vn 0.96032 0.26391 0.09023
vn -0.95125 -0.27044 -0.14829
vn 0.95128 0.27077 0.14745
vn -0.92812 -0.28247 -0.24251
vn 0.92920 0.28336 0.23728
vn -0.85349 -0.30314 -0.42387
vn 0.88249 0.30567 0.35745
vn -0.52110 -0.30970 -0.79532
vn 0.47982 0.32076 0.81663
vn 0.79177 0.01329 -0.61067
vn 0.97055 0.23824 -0.03571
vn 0.78361 0.01192 0.62114
vn 0.99244 0.11711 -0.03663
vn -0.55396 -0.11973 0.82389
vn 0.51060 0.10383 -0.85353
vn -0.89097 -0.12113 0.43760
vn 0.92219 0.10935 -0.37095
vn -0.96164 -0.11453 0.24927
vn 0.96323 0.11268 -0.24391
vn -0.98215 -0.11078 0.15202
vn 0.98234 0.11027 -0.15113
vn -0.98973 -0.10896 0.09250
vn 0.98978 0.10877 -0.09227
vn -0.99285 -0.10825 0.05028
vn 0.99286 0.10817 -0.05020
vn -0.99400 -0.10824 0.01591
vn 0.99400 0.10821 -0.01589
vn -0.99393 -0.10878 -0.01618
vn 0.99393 0.10880 0.01616
vn -0.99265 -0.10993 -0.05058
vn 0.99265 0.11000 0.05051
vn -0.98937 -0.11193 -0.09288
vn 0.98937 0.11209 0.09265
vn -0.98154 -0.11536 -0.15256
vn 0.98163 0.11578 0.15168
vn -0.96056 -0.12142 -0.25015
vn 0.96180 0.12272 0.24470
vn -0.88862 -0.13194 -0.43926
vn 0.91861 0.13830 0.37018
vn -0.54702 -0.13711 -0.82582
vn 0.49937 0.14982 0.85333
vn 0.78820 -0.01225 -0.61530
vn 0.99231 0.11933 0.03276
vn 0.78359 -0.00983 0.62120
vn 0.99837 -0.01924 -0.05370
vn -0.55295 0.06042 0.83102
vn 0.50481 -0.07414 -0.86004
vn -0.89538 0.05622 0.44174
vn 0.92576 -0.06431 -0.37261
vn -0.96656 0.05076 0.25136
vn 0.96789 -0.05224 -0.24589
vn -0.98704 0.04761 0.15322
vn 0.98716 -0.04806 -0.15233
vn -0.99459 0.04574 0.09325
vn 0.99461 -0.04592 -0.09302
vn -0.99772 0.04455 0.05074
vn 0.99772 -0.04462 -0.05067
vn -0.99891 0.04375 0.01618
vn 0.99891 -0.04377 -0.01616
vn -0.99894 0.04320 -0.01607
vn 0.99894 -0.04318 0.01605
vn -0.99780 0.04287 -0.05062
vn 0.99780 -0.04279 0.05054
vn -0.99474 0.04278 -0.09310
vn 0.99477 -0.04259 0.09286
vn -0.98729 0.04303 -0.15301
vn 0.98745 -0.04254 0.15211
vn -0.96699 0.04386 -0.25100
vn 0.96846 -0.04216 0.24557
vn -0.89632 0.04536 -0.44108
vn 0.92720 -0.03505 0.37293
vn -0.55575 0.04269 -0.83026
vn 0.50931 -0.02763 0.86014
vn 0.78131 -0.03460 -0.62318
vn 0.99833 -0.01665 0.05528
vn 0.78593 -0.03196 0.61748
vn 0.98831 -0.15117 -0.01969
vn -0.53419 0.23715 0.81142
vn 0.48987 -0.25044 -0.83505
vn -0.87175 0.23103 0.43206
vn 0.90065 -0.23748 -0.36392
vn -0.94512 0.21433 0.24659
vn 0.94585 -0.21754 -0.24093
vn -0.96718 0.20468 0.15058
vn 0.96683 -0.20707 -0.14951
vn -0.97563 0.19930 0.09176
vn 0.97523 -0.20142 -0.09139
vn -0.97927 0.19629 0.05002
vn 0.97888 -0.19829 -0.04984
vn -0.98073 0.19472 0.01607
vn 0.98034 -0.19665 -0.01596
vn -0.98084 0.19418 -0.01559
vn 0.98046 -0.19608 0.01566
vn -0.97963 0.19462 -0.04948
vn 0.97926 -0.19649 0.04951
vn -0.97630 0.19634 -0.09108
vn 0.97594 -0.19815 0.09099
vn -0.96828 0.20011 -0.14962
vn 0.96805 -0.20168 0.14899
vn -0.94706 0.20746 -0.24502
vn 0.94822 -0.20773 0.24028
vn -0.87597 0.22033 -0.42911
vn 0.90739 -0.20881 0.36476
vn -0.54648 0.22069 -0.80787
vn 0.51136 -0.20653 0.83418
vn 0.77717 -0.05348 -0.62702
vn 0.98825 -0.15016 0.02839
vn 0.80777 0.19748 0.55543
vn 0.97956 -0.18381 0.08165
vn -0.31040 0.61392 0.72578
vn 0.16183 0.42426 -0.89096
vn -0.63256 0.67785 0.37468
vn 0.89734 0.18200 -0.40206
vn -0.71869 0.66216 0.21219
vn 0.95584 0.12776 -0.26466
vn -0.75111 0.64723 0.13010
vn 0.97805 0.12974 -0.16307
vn -0.76685 0.63675 0.08055
vn 0.98591 0.13387 -0.10025
vn -0.77585 0.62925 0.04590
vn 0.98903 0.13651 -0.05641
vn -0.78161 0.62350 0.01817
vn 0.99024 0.13774 -0.02147
vn -0.78553 0.61878 -0.00722
vn 0.99040 0.13781 0.01039
vn -0.78812 0.61459 -0.03388
vn 0.98965 0.13671 0.04370
vn -0.78923 0.61054 -0.06598
vn 0.98743 0.13417 0.08357
vn -0.78791 0.60582 -0.11038
vn 0.98192 0.12961 0.13799
vn -0.78133 0.59700 -0.18198
vn 0.96733 0.12298 0.22169
vn -0.75936 0.56434 -0.32387
vn 0.93021 0.12488 0.34512
vn -0.56694 0.56049 -0.60368
vn 0.64900 0.30296 0.69786
vn 0.56250 0.22269 -0.79624
vn 0.99575 -0.08292 0.04007
vn 0.18124 0.90858 0.37635
vn 0.40724 0.90858 0.09295
vn 0.32658 0.90858 -0.26044
vn 0.00000 0.90858 -0.41771
vn -0.32658 0.90858 -0.26044
vn -0.40724 0.90858 0.09295
vn -0.18124 0.90858 0.37635
vn 0.00000 0.00000 0.00000
vn 0.36593 0.53731 0.75987
vn 0.68176 0.62210 0.38497
vn 0.72605 0.62210 -0.29300
vn 0.22361 0.62210 -0.75033
vn -0.44721 0.62210 -0.64265
vn -0.78127 0.62210 -0.05104
vn -0.52702 0.62210 0.57900
vn -0.32235 0.66936 0.66936
vn 0.43184 -0.09702 0.89672
vn 0.78183 0.00000 0.62349
vn 0.97493 0.00000 -0.22252
vn 0.43388 0.00000 -0.90097
vn -0.43388 0.00000 -0.90097
vn -0.97493 -0.00000 -0.22252
vn -0.78183 -0.00000 0.62349
vn -0.43184 0.09702 0.89672
vn 0.32235 -0.66936 0.66936
vn 0.52702 -0.62210 0.57900
vn 0.78127 -0.62210 -0.05104
vn 0.44721 -0.62210 -0.64265
vn -0.22361 -0.62210 -0.75033
vn -0.72605 -0.62210 -0.29300
vn -0.68176 -0.62210 0.38497
vn -0.36593 -0.53731 0.75987
vn 0.00000 0.00000 0.00000
vn 0.18124 -0.90858 0.37635
vn 0.40724 -0.90858 0.09295
vn 0.32658 -0.90858 -0.26044
vn 0.00000 -0.90858 -0.41771
vn -0.32658 -0.90858 -0.26044
vn -0.40724 -0.90858 0.09295
vn -0.18124 -0.90858 0.37635
vn 0.78943 0.00232 0.61383
vn 0.88200 0.42530 0.20297
vn -0.34534 -0.85917 0.37759
vn 0.53671 0.30834 -0.78541
vn -0.44053 -0.87679 0.19280
vn 0.85123 0.39683 -0.34341
vn -0.47701 -0.87152 0.11363
vn 0.91077 0.35173 -0.21630
vn -0.49381 -0.86670 0.07058
vn 0.93749 0.32040 -0.13588
vn -0.50211 -0.86374 0.04284
vn 0.95011 0.30056 -0.08334
vn -0.50610 -0.86219 0.02235
vn 0.95666 0.28775 -0.04465
vn -0.50752 -0.86162 0.00511
vn 0.96012 0.27931 -0.01234
vn -0.50699 -0.86188 -0.01144
vn 0.96159 0.27387 0.01840
vn -0.50437 -0.86298 -0.02958
vn 0.96120 0.27096 0.05178
vn -0.49874 -0.86517 -0.05227
vn 0.95815 0.27071 0.09308
vn -0.48792 -0.86876 -0.08475
vn 0.94999 0.27329 0.15111
vn -0.46736 -0.87303 -0.13922
vn 0.93038 0.27443 0.24306
vn -0.42851 -0.86671 -0.25534
vn 0.90138 0.20887 0.37932
vn -0.23823 -0.84362 -0.48120
vn 0.41750 -0.10163 0.90297
vn 0.87129 0.15623 -0.46523
vn 0.95762 0.24183 -0.15648
vn 0.75725 0.06012 0.65035
vn 0.88847 0.39436 0.23473
vn -0.45135 -0.61478 0.64678
vn 0.46251 0.60591 -0.64727
vn -0.71424 -0.60888 0.34514
vn 0.74253 0.59697 -0.30375
vn -0.78703 -0.58304 0.20162
vn 0.78812 0.58274 -0.19821
vn -0.81386 -0.56754 0.12465
vn 0.81316 0.56865 -0.12412
vn -0.82555 -0.55914 0.07629
vn 0.82462 0.56054 -0.07618
vn -0.83086 -0.55494 0.04141
vn 0.82987 0.55642 -0.04140
vn -0.83282 -0.55340 0.01275
vn 0.83181 0.55491 -0.01279
vn -0.83246 -0.55390 -0.01413
vn 0.83144 0.55543 0.01404
vn -0.82974 -0.55649 -0.04294
vn 0.82870 0.55805 0.04279
vn -0.82350 -0.56190 -0.07819
vn 0.82244 0.56350 0.07788
vn -0.81045 -0.57181 -0.12730
vn 0.80940 0.57348 0.12645
vn -0.78117 -0.58941 -0.20585
vn 0.78098 0.59114 0.20157
vn -0.70236 -0.61815 -0.35295
vn 0.72511 0.61791 0.30397
vn -0.42005 -0.62363 -0.65928
vn 0.40407 0.63374 0.65963
vn 0.77806 0.05957 -0.62536
vn 0.88739 0.38542 -0.25299
vn 0.76428 0.04656 0.64320
vn 0.93073 0.34527 0.12053
vn -0.49866 -0.47644 0.72412
vn 0.48846 0.46347 -0.73933
vn -0.79291 -0.47197 0.38541
vn 0.82255 0.45825 -0.33678
vn -0.86596 -0.44776 0.22278
vn 0.86808 0.44574 -0.21853
vn -0.89067 -0.43355 0.13694
vn 0.89104 0.43302 -0.13618
vn -0.90086 -0.42598 0.08359
vn 0.90098 0.42578 -0.08338
vn -0.90534 -0.42225 0.04538
vn 0.90539 0.42216 -0.04531
vn -0.90698 -0.42093 0.01411
vn 0.90700 0.42089 -0.01409
vn -0.90672 -0.42145 -0.01516
vn 0.90672 0.42145 0.01515
vn -0.90453 -0.42387 -0.04655
vn 0.90451 0.42391 0.04650
vn -0.89936 -0.42885 -0.08504
vn 0.89933 0.42895 0.08486
vn -0.88817 -0.43800 -0.13898
vn 0.88817 0.43823 0.13825
vn -0.86162 -0.45443 -0.22608
vn 0.86255 0.45490 0.22154
vn -0.78383 -0.48198 -0.39155
vn 0.80973 0.48152 0.33537
vn -0.47357 -0.48856 -0.73283
vn 0.44886 0.49818 0.74185
vn 0.78174 0.03527 -0.62260
vn 0.92986 0.34314 -0.13273
vn 0.76908 0.03032 0.63843
vn 0.96602 0.25813 0.01313
vn -0.53344 -0.31817 0.78371
vn 0.50830 0.30383 -0.80580
vn -0.85243 -0.31613 0.41645
vn 0.88242 0.30270 -0.36015
vn -0.92426 -0.29798 0.23866
vn 0.92611 0.29599 -0.23391
vn -0.94658 -0.28752 0.14602
vn 0.94686 0.28699 -0.14520
vn -0.95526 -0.28207 0.08895
vn 0.95534 0.28187 -0.08873
vn -0.95894 -0.27946 0.04831
vn 0.95897 0.27937 -0.04823
vn -0.96028 -0.27863 0.01515
vn 0.96029 0.27860 -0.01513
vn -0.96011 -0.27917 -0.01584
vn 0.96011 0.27918 0.01583
vn -0.95842 -0.28112 -0.04908
vn 0.95841 0.28117 0.04902
vn -0.95430 -0.28500 -0.08992
vn 0.95428 0.28513 0.08972
vn -0.94497 -0.29206 -0.14738
vn 0.94500 0.29237 0.14658
vn -0.92145 -0.30481 -0.24088
vn 0.92247 0.30560 0.23594
vn -0.84639 -0.32664 -0.42063
vn 0.87363 0.32864 0.35885
vn -0.51612 -0.33330 -0.78901
vn 0.48127 0.34295 0.80670
vn 0.78132 0.01075 -0.62403
vn 0.96556 0.25915 -0.02299
vn 0.77163 0.01259 0.63595
vn 0.98875 0.13771 -0.05843
vn -0.55263 -0.14521 0.82068
vn 0.51599 0.13122 -0.84649
vn -0.88805 -0.14617 0.43589
vn 0.91765 0.13472 -0.37386
vn -0.95878 -0.13793 0.24841
vn 0.96034 0.13613 -0.24333
vn -0.97943 -0.13325 0.15154
vn 0.97963 0.13275 -0.15069
vn -0.98709 -0.13092 0.09222
vn 0.98714 0.13073 -0.09199
vn -0.99025 -0.12995 0.05011
vn 0.99027 0.12987 -0.05004
vn -0.99141 -0.12983 0.01584
vn 0.99141 0.12980 -0.01582
vn -0.99133 -0.13037 -0.01616
vn 0.99133 0.13038 0.01615
vn -0.99001 -0.13163 -0.05047
vn 0.99001 0.13169 0.05041
vn -0.98665 -0.13389 -0.09267
vn 0.98665 0.13404 0.09245
vn -0.97870 -0.13782 -0.15218
vn 0.97877 0.13821 0.15134
vn -0.95749 -0.14482 -0.24946
vn 0.95865 0.14600 0.24429
vn -0.88523 -0.15696 -0.43787
vn 0.91345 0.16243 0.37313
vn -0.54433 -0.16240 -0.82300
vn 0.50317 0.17329 0.84663
vn 0.77736 -0.01191 -0.62894
vn 0.98857 0.14101 0.05331
vn 0.77195 -0.00565 0.63566
vn 0.99658 -0.00076 -0.08269
vn -0.55421 0.03468 0.83166
vn 0.51235 -0.04696 -0.85749
vn -0.89648 0.03084 0.44201
vn 0.92532 -0.03900 -0.37718
vn -0.96748 0.02711 0.25148
vn 0.96878 -0.02858 -0.24627
vn -0.98787 0.02496 0.15329
vn 0.98799 -0.02540 -0.15243
vn -0.99536 0.02362 0.09328
vn 0.99538 -0.02379 -0.09306
vn -0.99845 0.02270 0.05075
vn 0.99846 -0.02277 -0.05068
vn -0.99963 0.02202 0.01616
vn 0.99963 -0.02204 -0.01614
vn -0.99964 0.02147 -0.01611
vn 0.99964 -0.02145 0.01609
vn -0.99849 0.02102 -0.05069
vn 0.99850 -0.02095 0.05061
vn -0.99543 0.02065 -0.09320
vn 0.99546 -0.02047 0.09298
vn -0.98799 0.02038 -0.15318
vn 0.98813 -0.01992 0.15232
vn -0.96770 0.02021 -0.25130
vn 0.96906 -0.01864 0.24611
vn -0.89695 0.01998 -0.44167
vn 0.92603 -0.01079 0.37730
vn -0.55560 0.01690 -0.83128
vn 0.51450 -0.00406 0.85748
vn 0.77062 -0.03132 -0.63653
vn 0.99650 0.00319 0.08356
vn 0.77004 -0.02358 0.63756
vn 0.98874 -0.13874 -0.05614
vn -0.53791 0.21245 0.81580
vn 0.49799 -0.22287 -0.83806
vn -0.87679 0.20653 0.43426
vn 0.90475 -0.21094 -0.37005
vn -0.94977 0.19129 0.24768
vn 0.95088 -0.19236 -0.24255
vn -0.97151 0.18249 0.15119
vn 0.97157 -0.18286 -0.15036
vn -0.97979 0.17758 0.09211
vn 0.97978 -0.17773 -0.09189
vn -0.98332 0.17482 0.05020
vn 0.98331 -0.17488 -0.05013
vn -0.98473 0.17335 0.01611
vn 0.98473 -0.17336 -0.01610
vn -0.98483 0.17281 -0.01568
vn 0.98484 -0.17278 0.01566
vn -0.98364 0.17315 -0.04971
vn 0.98366 -0.17306 0.04964
vn -0.98037 0.17463 -0.09150
vn 0.98043 -0.17443 0.09128
vn -0.97249 0.17793 -0.15034
vn 0.97272 -0.17741 0.14950
vn -0.95149 0.18442 -0.24629
vn 0.95313 -0.18254 0.24128
vn -0.88054 0.19579 -0.43164
vn 0.91031 -0.18361 0.37098
vn -0.54888 0.19571 -0.81266
vn 0.51498 -0.18145 0.83778
vn 0.76185 -0.04660 -0.64608
vn 0.98873 -0.13591 0.06280
vn 0.77195 -0.04251 0.63426
vn 0.96668 -0.25528 0.01889
vn -0.50529 0.37951 0.77502
vn 0.47234 -0.39004 -0.79042
vn -0.83074 0.37275 0.41344
vn 0.85682 -0.37593 -0.35289
vn -0.90666 0.34882 0.23726
vn 0.90700 -0.35140 -0.23211
vn -0.93102 0.33479 0.14534
vn 0.93041 -0.33689 -0.14435
vn -0.94085 0.32700 0.08874
vn 0.94021 -0.32891 -0.08839
vn -0.94524 0.32275 0.04847
vn 0.94463 -0.32457 -0.04830
vn -0.94707 0.32064 0.01569
vn 0.94647 -0.32241 -0.01558
vn -0.94727 0.32010 -0.01489
vn 0.94667 -0.32184 0.01495
vn -0.94585 0.32109 -0.04758
vn 0.94527 -0.32281 0.04760
vn -0.94196 0.32408 -0.08763
vn 0.94140 -0.32573 0.08753
vn -0.93287 0.33026 -0.14377
vn 0.93247 -0.33166 0.14318
vn -0.90990 0.34203 -0.23471
vn 0.91099 -0.34203 0.23047
vn -0.83767 0.36235 -0.40867
vn 0.86748 -0.35002 0.35351
vn -0.52497 0.36517 -0.76880
vn 0.50721 -0.35327 0.78609
vn 0.75791 -0.05931 -0.64966
vn 0.96665 -0.25606 -0.00432
vn 0.81322 0.17003 0.55657
vn 0.95396 -0.26860 0.13351
vn -0.26368 0.70851 0.65458
vn 0.19724 0.25240 -0.94731
vn -0.55123 0.76382 0.33573
vn 0.90878 0.00372 -0.41726
vn -0.63711 0.74657 0.19165
vn 0.96317 -0.03503 -0.26660
vn -0.67190 0.73115 0.11817
vn 0.98607 -0.02600 -0.16426
vn -0.68944 0.72061 0.07352
vn 0.99471 -0.01818 -0.10110
vn -0.69962 0.71327 0.04217
vn 0.99828 -0.01363 -0.05694
vn -0.70613 0.70788 0.01706
vn 0.99970 -0.01155 -0.02172
vn -0.71047 0.70370 -0.00593
vn 0.99988 -0.01139 0.01040
vn -0.71320 0.70032 -0.03001
vn 0.99895 -0.01311 0.04396
vn -0.71418 0.69747 -0.05893
vn 0.99631 -0.01718 0.08406
vn -0.71243 0.69476 -0.09874
vn 0.99004 -0.02468 0.13864
vn -0.70543 0.68987 -0.16261
vn 0.97427 -0.03673 0.22239
vn -0.68616 0.66752 -0.28914
vn 0.93592 -0.04458 0.34937
vn -0.52184 0.66445 -0.53496
vn 0.67603 0.09780 0.73035
vn 0.56467 0.24717 -0.78744
vn 0.98077 -0.19515 0.00121
vn 0.18124 0.90858 0.37635
vn 0.40724 0.90858 0.09295
vn 0.32658 0.90858 -0.26044
vn 0.00000 0.90858 -0.41771
vn -0.32658 0.90858 -0.26044
vn -0.40724 0.90858 0.09295
vn -0.18124 0.90858 0.37635
vn 0.00000 0.00000 0.00000
vn 0.36593 0.53731 0.75987
vn 0.68176 0.62210 0.38497
vn 0.72605 0.62210 -0.29300
vn 0.22361 0.62210 -0.75033
vn -0.44721 0.62210 -0.64265
vn -0.78127 0.62210 -0.05104
vn -0.52702 0.62210 0.57900
vn -0.32235 0.66936 0.66936
vn 0.43184 -0.09702 0.89672
vn 0.78183 -0.00000 0.62349
vn 0.97493 0.00000 -0.22252
vn 0.43388 0.00000 -0.90097
vn -0.43388 -0.00000 -0.90097
vn -0.97493 -0.00000 -0.22252
vn -0.78183 0.00000 0.62349
vn -0.43184 0.09702 0.89672
vn 0.32235 -0.66936 0.66936
vn 0.52702 -0.62210 0.57900
vn 0.78127 -0.62210 -0.05104
vn 0.44721 -0.62210 -0.64265
vn -0.22361 -0.62210 -0.75033
vn -0.72605 -0.62210 -0.29300
vn -0.68176 -0.62210 0.38497
vn -0.36593 -0.53731 0.75987
vn 0.00000 0.00000 0.00000
vn 0.18124 -0.90858 0.37635
vn 0.40724 -0.90858 0.09295
vn 0.32658 -0.90858 -0.26044
vn 0.00000 -0.90858 -0.41771
vn -0.32658 -0.90858 -0.26044
vn -0.40724 -0.90858 0.09295
vn -0.18124 -0.90858 0.37635
vn 0.78494 -0.03995 0.61828
vn 0.91267 0.40843 -0.01441
vn -0.41717 -0.78192 0.46322
vn 0.58377 0.18152 -0.79137
vn -0.54775 -0.80176 0.23907
vn 0.89285 0.27316 -0.35806
vn -0.59088 -0.79445 0.14042
vn 0.94693 0.23023 -0.22433
vn -0.60922 -0.78822 0.08699
vn 0.96956 0.20086 -0.14006
vn -0.61791 -0.78447 0.05275
vn 0.97951 0.18235 -0.08547
vn -0.62203 -0.78251 0.02755
vn 0.98434 0.17032 -0.04550
vn -0.62353 -0.78177 0.00641
vn 0.98668 0.16222 -0.01222
vn -0.62308 -0.78204 -0.01385
vn 0.98744 0.15678 0.01944
vn -0.62053 -0.78335 -0.03606
vn 0.98668 0.15347 0.05388
vn -0.61490 -0.78601 -0.06386
vn 0.98359 0.15233 0.09664
vn -0.60368 -0.79045 -0.10369
vn 0.97562 0.15327 0.15709
vn -0.58086 -0.79597 -0.17039
vn 0.95533 0.15180 0.25356
vn -0.53008 -0.78929 -0.30989
vn 0.91481 0.08542 0.39474
vn -0.28116 -0.76470 -0.57982
vn 0.39199 -0.15747 0.90639
vn 0.89120 0.10764 -0.44065
vn 0.98614 0.16568 -0.00841
vn 0.75377 0.04008 0.65591
vn 0.92534 0.36461 0.10396
vn -0.49258 -0.49751 0.71403
vn 0.48970 0.48828 -0.72235
vn -0.78273 -0.49277 0.38016
vn 0.81053 0.48089 -0.33433
vn -0.85586 -0.46805 0.22006
vn 0.85690 0.46787 -0.21637
vn -0.88091 -0.45350 0.13537
vn 0.88038 0.45471 -0.13482
vn -0.89134 -0.44574 0.08266
vn 0.89061 0.44721 -0.08256
vn -0.89594 -0.44190 0.04488
vn 0.89518 0.44344 -0.04488
vn -0.89763 -0.44053 0.01394
vn 0.89686 0.44210 -0.01399
vn -0.89736 -0.44105 -0.01503
vn 0.89657 0.44265 0.01494
vn -0.89508 -0.44351 -0.04610
vn 0.89428 0.44514 0.04594
vn -0.88976 -0.44860 -0.08418
vn 0.88894 0.45029 0.08386
vn -0.87829 -0.45793 -0.13750
vn 0.87748 0.45975 0.13661
vn -0.85130 -0.47469 -0.22350
vn 0.85135 0.47672 0.21895
vn -0.77322 -0.50269 -0.38656
vn 0.79652 0.50373 0.33438
vn -0.46652 -0.50917 -0.72326
vn 0.44455 0.51828 0.73059
vn 0.77248 0.02972 -0.63435
vn 0.92464 0.36043 -0.12300
vn 0.75762 0.02675 0.65215
vn 0.96047 0.27838 0.00035
vn -0.52936 -0.34183 0.77648
vn 0.50882 0.32931 -0.79540
vn -0.84529 -0.33939 0.41268
vn 0.87370 0.32663 -0.36051
vn -0.91732 -0.32012 0.23675
vn 0.91913 0.31820 -0.23227
vn -0.93996 -0.30899 0.14493
vn 0.94025 0.30847 -0.14415
vn -0.94884 -0.30315 0.08831
vn 0.94892 0.30296 -0.08810
vn -0.95262 -0.30035 0.04796
vn 0.95265 0.30027 -0.04789
vn -0.95400 -0.29944 0.01502
vn 0.95401 0.29941 -0.01500
vn -0.95382 -0.29998 -0.01577
vn 0.95382 0.29998 0.01576
vn -0.95206 -0.30201 -0.04879
vn 0.95205 0.30205 0.04873
vn -0.94780 -0.30608 -0.08935
vn 0.94778 0.30620 0.08916
vn -0.93823 -0.31352 -0.14640
vn 0.93825 0.31380 0.14564
vn -0.91429 -0.32693 -0.23913
vn 0.91525 0.32764 0.23445
vn -0.83880 -0.34985 -0.41715
vn 0.86445 0.35140 0.35952
vn -0.51085 -0.35657 -0.78224
vn 0.48103 0.36516 0.79704
vn 0.77111 0.00755 -0.63665
vn 0.95994 0.27996 -0.01187
vn 0.75973 0.01234 0.65012
vn 0.98417 0.15875 -0.07876
vn -0.55093 -0.17055 0.81694
vn 0.51960 0.15808 -0.83966
vn -0.88457 -0.17107 0.43390
vn 0.91271 0.15993 -0.37602
vn -0.95540 -0.16123 0.24742
vn 0.95693 0.15948 -0.24259
vn -0.97621 -0.15563 0.15098
vn 0.97641 0.15515 -0.15017
vn -0.98397 -0.15282 0.09188
vn 0.98402 0.15263 -0.09167
vn -0.98718 -0.15159 0.04993
vn 0.98720 0.15151 -0.04985
vn -0.98835 -0.15135 0.01576
vn 0.98836 0.15133 -0.01574
vn -0.98826 -0.15190 -0.01614
vn 0.98826 0.15191 0.01613
vn -0.98690 -0.15326 -0.05035
vn 0.98690 0.15332 0.05028
vn -0.98346 -0.15578 -0.09241
vn 0.98346 0.15592 0.09221
vn -0.97535 -0.16021 -0.15173
vn 0.97542 0.16057 0.15092
vn -0.95389 -0.16812 -0.24864
vn 0.95498 0.16919 0.24371
vn -0.88129 -0.18183 -0.43620
vn 0.90791 0.18652 0.37537
vn -0.54129 -0.18752 -0.81966
vn 0.50526 0.19702 0.84017
vn 0.76664 -0.01239 -0.64195
vn 0.98397 0.16304 0.07226
vn 0.76021 -0.00248 0.64967
vn 0.99371 0.01862 -0.11045
vn -0.55509 0.00890 0.83174
vn 0.51824 -0.02003 -0.85500
vn -0.89701 0.00543 0.44198
vn 0.92446 -0.01363 -0.38103
vn -0.96786 0.00345 0.25146
vn 0.96914 -0.00490 -0.24648
vn -0.98818 0.00229 0.15327
vn 0.98831 -0.00272 -0.15245
vn -0.99564 0.00148 0.09326
vn 0.99566 -0.00165 -0.09305
vn -0.99871 0.00084 0.05073
vn 0.99872 -0.00091 -0.05066
vn -0.99987 0.00027 0.01614
vn 0.99987 -0.00029 -0.01612
vn -0.99987 -0.00027 -0.01614
vn 0.99987 0.00029 0.01612
vn -0.99871 -0.00084 -0.05073
vn 0.99872 0.00091 0.05066
vn -0.99564 -0.00148 -0.09326
vn 0.99566 0.00165 0.09305
vn -0.98818 -0.00229 -0.15327
vn 0.98831 0.00272 0.15245
vn -0.96786 -0.00345 -0.25146
vn 0.96914 0.00490 0.24648
vn -0.89701 -0.00543 -0.44198
vn 0.92446 0.01363 0.38103
vn -0.55509 -0.00890 -0.83174
vn 0.51824 0.02003 0.85500
vn 0.75989 -0.02894 -0.64940
vn 0.99360 0.02391 0.11043
vn 0.75907 -0.01718 0.65078
vn 0.98824 -0.12356 -0.09007
vn -0.54129 0.18752 0.81966
vn 0.50526 -0.19702 -0.84017
vn -0.88129 0.18183 0.43620
vn 0.90791 -0.18652 -0.37537
vn -0.95389 0.16812 0.24864
vn 0.95498 -0.16919 -0.24371
vn -0.97535 0.16021 0.15173
vn 0.97542 -0.16057 -0.15092
vn -0.98346 0.15578 0.09241
vn 0.98346 -0.15592 -0.09221
vn -0.98690 0.15326 0.05035
vn 0.98690 -0.15332 -0.05028
vn -0.98826 0.15190 0.01614
vn 0.98826 -0.15191 -0.01613
vn -0.98835 0.15135 -0.01576
vn 0.98836 -0.15133 0.01574
vn -0.98718 0.15159 -0.04993
vn 0.98720 -0.15151 0.04985
vn -0.98397 0.15282 -0.09188
vn 0.98402 -0.15263 0.09167
vn -0.97621 0.15563 -0.15098
vn 0.97641 -0.15515 0.15017
vn -0.95540 0.16123 -0.24742
vn 0.95693 -0.15948 0.24259
vn -0.88457 0.17107 -0.43390
vn 0.91271 -0.15993 0.37602
vn -0.55093 0.17055 -0.81694
vn 0.51960 -0.15808 0.83966
vn 0.75163 -0.04150 -0.65828
vn 0.98816 -0.11923 0.09655
vn 0.75622 -0.03118 0.65357
vn 0.96818 -0.24930 -0.02171
vn -0.51085 0.35657 0.78224
vn 0.48103 -0.36516 -0.79704
vn -0.83880 0.34985 0.41715
vn 0.86445 -0.35140 -0.35952
vn -0.91429 0.32693 0.23913
vn 0.91525 -0.32764 -0.23445
vn -0.93823 0.31352 0.14640
vn 0.93825 -0.31380 -0.14564
vn -0.94780 0.30608 0.08935
vn 0.94778 -0.30620 -0.08916
vn -0.95206 0.30201 0.04879
vn 0.95205 -0.30205 -0.04873
vn -0.95382 0.29998 0.01577
vn 0.95382 -0.29998 -0.01576
vn -0.95400 0.29944 -0.01502
vn 0.95401 -0.29941 0.01500
vn -0.95262 0.30035 -0.04796
vn 0.95265 -0.30027 0.04789
vn -0.94884 0.30315 -0.08831
vn 0.94892 -0.30296 0.08810
vn -0.93996 0.30899 -0.14493
vn 0.94025 -0.30847 0.14415
vn -0.91732 0.32012 -0.23675
vn 0.91913 -0.31820 0.23227
vn -0.84529 0.33939 -0.41268
vn 0.87370 -0.32663 0.36051
vn -0.52936 0.34183 -0.77648
vn 0.50882 -0.32931 0.79540
vn 0.74246 -0.04976 -0.66804
vn 0.96829 -0.24759 0.03325
vn 0.75835 -0.04752 0.65011
vn 0.93670 -0.33924 0.08670
vn -0.46652 0.50917 0.72326
vn 0.44455 -0.51828 -0.73059
vn -0.77322 0.50269 0.38656
vn 0.79652 -0.50373 -0.33438
vn -0.85130 0.47469 0.22350
vn 0.85135 -0.47672 -0.21895
vn -0.87829 0.45793 0.13750
vn 0.87748 -0.45975 -0.13661
vn -0.88976 0.44860 0.08418
vn 0.88894 -0.45029 -0.08386
vn -0.89508 0.44351 0.04610
vn 0.89428 -0.44514 -0.04594
vn -0.89736 0.44105 0.01503
vn 0.89657 -0.44265 -0.01494
vn -0.89763 0.44053 -0.01394
vn 0.89686 -0.44210 0.01399
vn -0.89594 0.44190 -0.04488
vn 0.89518 -0.44344 0.04488
vn -0.89134 0.44574 -0.08266
vn 0.89061 -0.44721 0.08256
vn -0.88091 0.45350 -0.13537
vn 0.88038 -0.45471 0.13482
vn -0.85586 0.46805 -0.22006
vn 0.85690 -0.46787 0.21637
vn -0.78273 0.49277 -0.38016
vn 0.81053 -0.48089 0.33433
vn -0.49258 0.49751 -0.71403
vn 0.48970 -0.48828 0.72235
vn 0.73978 -0.05727 -0.67041
vn 0.93683 -0.34322 -0.06745
vn 0.81580 0.13752 0.56175
vn 0.92044 -0.33242 0.20563
vn -0.21537 0.78906 0.57533
vn 0.22285 0.07775 -0.97175
vn -0.46544 0.83524 0.29279
vn 0.89220 -0.16976 -0.41853
vn -0.54829 0.81913 0.16855
vn 0.94548 -0.19377 -0.26175
vn -0.58413 0.80489 0.10459
vn 0.97047 -0.17914 -0.16157
vn -0.60284 0.79518 0.06542
vn 0.98066 -0.16844 -0.09966
vn -0.61388 0.78850 0.03782
vn 0.98513 -0.16238 -0.05622
vn -0.62095 0.78370 0.01567
vn 0.98694 -0.15962 -0.02150
vn -0.62564 0.78010 -0.00459
vn 0.98716 -0.15940 0.01018
vn -0.62851 0.77737 -0.02578
vn 0.98591 -0.16161 0.04324
vn -0.62945 0.77535 -0.05113
vn 0.98250 -0.16690 0.08266
vn -0.62751 0.77386 -0.08586
vn 0.97481 -0.17671 0.13608
vn -0.62050 0.77138 -0.14128
vn 0.95676 -0.19296 0.21767
vn -0.60414 0.75633 -0.25096
vn 0.91551 -0.20888 0.34383
vn -0.46940 0.75281 -0.46145
vn 0.67589 -0.10257 0.72983
vn 0.57237 0.26853 -0.77478
vn 0.95483 -0.28837 -0.07166
vn 0.18124 0.90858 0.37635
vn 0.40724 0.90858 0.09295
vn 0.32658 0.90858 -0.26044
vn 0.00000 0.90858 -0.41771
vn -0.32658 0.90858 -0.26044
vn -0.40724 0.90858 0.09295
vn -0.18124 0.90858 0.37635
vn 0.00000 0.00000 0.00000
vn 0.36593 0.53731 0.75987
vn 0.68176 0.62210 0.38497
vn 0.72605 0.62210 -0.29300
vn 0.22361 0.62210 -0.75033
vn -0.44721 0.62210 -0.64265
vn -0.78127 0.62210 -0.05104
vn -0.52702 0.62210 0.57900
vn -0.32235 0.66936 0.66936
vn 0.43184 -0.09702 0.89672
vn 0.78183 -0.00000 0.62349
vn 0.97493 0.00000 -0.22252
vn 0.43388 0.00000 -0.90097
vn -0.43388 -0.00000 -0.90097
vn -0.97493 -0.00000 -0.22252
vn -0.78183 0.00000 0.62349
vn -0.43184 0.09702 0.89672
vn 0.32235 -0.66936 0.66936
vn 0.52702 -0.62210 0.57900
vn 0.78127 -0.62210 -0.05104
vn 0.44721 -0.62210 -0.64265
vn -0.22361 -0.62210 -0.75033
vn -0.72605 -0.62210 -0.29300
vn -0.68176 -0.62210 0.38497
vn -0.36593 -0.53731 0.75987
vn 0.00000 0.00000 0.00000
vn 0.18124 -0.90858 0.37635
vn 0.40724 -0.90858 0.09295
vn 0.32658 -0.90858 -0.26044
vn 0.00000 -0.90858 -0.41771
vn -0.32658 -0.90858 -0.26044
vn -0.40724 -0.90858 0.09295
vn -0.18124 -0.90858 0.37635
vn 0.18124 0.90858 0.37635
vn 0.40724 0.90858 0.09295
vn 0.32658 0.90858 -0.26044
vn 0.00000 0.90858 -0.41771
vn -0.32658 0.90858 -0.26044
vn -0.40724 0.90858 0.09295
vn -0.18124 0.90858 0.37635
vn 0.00000 0.00000 0.00000
vn 0.36593 0.53731 0.75987
vn 0.68176 0.62210 0.38497
vn 0.72605 0.62210 -0.29300
vn 0.22361 0.62210 -0.75033
vn -0.44721 0.62210 -0.64265
vn -0.78127 0.62210 -0.05104
vn -0.52702 0.62210 0.57900
vn -0.32235 0.66936 0.66936
vn 0.43184 -0.09702 0.89672
vn 0.78183 0.00000 0.62349
vn 0.97493 0.00000 -0.22252
vn 0.43388 -0.00000 -0.90097
vn -0.43388 0.00000 -0.90097
vn -0.97493 0.00000 -0.22252
vn -0.78183 -0.00000 0.62349
vn -0.43184 0.09702 0.89672
vn 0.32235 -0.66936 0.66936
vn 0.52702 -0.62210 0.57900
vn 0.78127 -0.62210 -0.05104
vn 0.44721 -0.62210 -0.64265
vn -0.22361 -0.62210 -0.75033
vn -0.72605 -0.62210 -0.29300
vn -0.68176 -0.62210 0.38497
vn -0.36593 -0.53731 0.75987
vn 0.00000 0.00000 0.00000
vn 0.18124 -0.90858 0.37635
vn 0.40724 -0.90858 0.09295
vn 0.32658 -0.90858 -0.26044
vn 0.00000 -0.90858 -0.41771
vn -0.32658 -0.90858 -0.26044
vn -0.40724 -0.90858 0.09295
vn -0.18124 -0.90858 0.37635
vn 0.18124 0.90858 0.37635
vn 0.40724 0.90858 0.09295
vn 0.32658 0.90858 -0.26044
vn 0.00000 0.90858 -0.41771
vn -0.32658 0.90858 -0.26044
vn -0.40724 0.90858 0.09295
vn -0.18124 0.90858 0.37635
vn 0.00000 0.00000 0.00000
vn 0.36593 0.53731 0.75987
vn 0.68176 0.62210 0.38497
vn 0.72605 0.62210 -0.29300
vn 0.22361 0.62210 -0.75033
vn -0.44721 0.62210 -0.64265
vn -0.78127 0.62210 -0.05104
vn -0.52702 0.62210 0.57900
vn -0.32235 0.66936 0.66936
vn 0.43184 -0.09702 0.89672
vn 0.78183 0.00000 0.62349
vn 0.97493 0.00000 -0.22252
vn 0.43388 -0.00000 -0.90097
vn -0.43388 0.00000 -0.90097
vn -0.97493 0.00000 -0.22252
vn -0.78183 -0.00000 0.62349
vn -0.43184 0.09702 0.89672
vn 0.32235 -0.66936 0.66936
vn 0.52702 -0.62210 0.57900
vn 0.78127 -0.62210 -0.05104
vn 0.44721 -0.62210 -0.64265
vn -0.22361 -0.62210 -0.75033
vn -0.72605 -0.62210 -0.29300
vn -0.68176 -0.62210 0.38497
vn -0.36593 -0.53731 0.75987
vn 0.00000 0.00000 0.00000
vn 0.18124 -0.90858 0.37635
vn 0.40724 -0.90858 0.09295
vn 0.32658 -0.90858 -0.26044
vn 0.00000 -0.90858 -0.41771
vn -0.32658 -0.90858 -0.26044
vn -0.40724 -0.90858 0.09295
vn -0.18124 -0.90858 0.37635
vn 0.18124 0.90858 0.37635
vn 0.40724 0.90858 0.09295
vn 0.32658 0.90858 -0.26044
vn 0.00000 0.90858 -0.41771
vn -0.32658 0.90858 -0.26044
vn -0.40724 0.90858 0.09295
vn -0.18124 0.90858 0.37635
vn 0.00000 0.00000 0.00000
vn 0.36593 0.53731 0.75987
vn 0.68176 0.62210 0.38497
vn 0.72605 0.62210 -0.29300
vn 0.22361 0.62210 -0.75033
vn -0.44721 0.62210 -0.64265
vn -0.78127 0.62210 -0.05104
vn -0.52702 0.62210 0.57900
vn -0.32235 0.66936 0.66936
vn 0.43184 -0.09702 0.89672
vn 0.78183 0.00000 0.62349
vn 0.97493 0.00000 -0.22252
vn 0.43388 -0.00000 -0.90097
vn -0.43388 0.00000 -0.90097
vn -0.97493 0.00000 -0.22252
vn -0.78183 -0.00000 0.62349
vn -0.43184 0.09702 0.89672
vn 0.32235 -0.66936 0.66936
vn 0.52702 -0.62210 0.57900
vn 0.78127 -0.62210 -0.05104
vn 0.44721 -0.62210 -0.64265
vn -0.22361 -0.62210 -0.75033
vn -0.72605 -0.62210 -0.29300
vn -0.68176 -0.62210 0.38497
vn -0.36593 -0.53731 0.75987
vn 0.00000 0.00000 0.00000
vn 0.18124 -0.90858 0.37635
vn 0.40724 -0.90858 0.09295
vn 0.32658 -0.90858 -0.26044
vn 0.00000 -0.90858 -0.41771
vn -0.32658 -0.90858 -0.26044
vn -0.40724 -0.90858 0.09295
vn -0.18124 -0.90858 0.37635
vn 0.18124 0.90858 0.37635
vn 0.40724 0.90858 0.09295
vn 0.32658 0.90858 -0.26044
vn 0.00000 0.90858 -0.41771
vn -0.32658 0.90858 -0.26044
vn -0.40724 0.90858 0.09295
vn -0.18124 0.90858 0.37635
vn 0.00000 0.00000 0.00000
vn 0.36593 0.53731 0.75987
vn 0.68176 0.62210 0.38497
vn 0.72605 0.62210 -0.29300
vn 0.22361 0.62210 -0.75033
vn -0.44721 0.62210 -0.64265
vn -0.78127 0.62210 -0.05104
vn -0.52702 0.62210 0.57900
vn -0.32235 0.66936 0.66936
vn 0.43184 -0.09702 0.89672
vn 0.78183 0.00000 0.62349
vn 0.97493 0.00000 -0.22252
vn 0.43388 -0.00000 -0.90097
vn -0.43388 0.00000 -0.90097
vn -0.97493 0.00000 -0.22252
vn -0.78183 -0.00000 0.62349
vn -0.43184 0.09702 0.89672
vn 0.32235 -0.66936 0.66936
vn 0.52702 -0.62210 0.57900
vn 0.78127 -0.62210 -0.05104
vn 0.44721 -0.62210 -0.64265
vn -0.22361 -0.62210 -0.75033
vn -0.72605 -0.62210 -0.29300
vn -0.68176 -0.62210 0.38497
vn -0.36593 -0.53731 0.75987
vn 0.00000 0.00000 0.00000
vn 0.18124 -0.90858 0.37635
vn 0.40724 -0.90858 0.09295
vn 0.32658 -0.90858 -0.26044
vn 0.00000 -0.90858 -0.41771
vn -0.32658 -0.90858 -0.26044
vn -0.40724 -0.90858 0.09295
vn -0.18124 -0.90858 0.37635
vn 0.18124 0.90858 0.37635
vn 0.40724 0.90858 0.09295
vn 0.32658 0.90858 -0.26044
vn 0.00000 0.90858 -0.41771
vn -0.32658 0.90858 -0.26044
vn -0.40724 0.90858 0.09295
vn -0.18124 0.90858 0.37635
vn 0.00000 0.00000 0.00000
vn 0.36593 0.53731 0.75987
vn 0.68176 0.62210 0.38497
vn 0.72605 0.62210 -0.29300
vn 0.22361 0.62210 -0.75033
vn -0.44721 0.62210 -0.64265
vn -0.78127 0.62210 -0.05104
vn -0.52702 0.62210 0.57900
vn -0.32235 0.66936 0.66936
vn 0.43184 -0.09702 0.89672
vn 0.78183 0.00000 0.62349
vn 0.97493 0.00000 -0.22252
vn 0.43388 -0.00000 -0.90097
vn -0.43388 0.00000 -0.90097
vn -0.97493 0.00000 -0.22252
vn -0.78183 0.00000 0.62349
vn -0.43184 0.09702 0.89672
vn 0.32235 -0.66936 0.66936
vn 0.52702 -0.62210 0.57900
vn 0.78127 -0.62210 -0.05104
vn 0.44721 -0.62210 -0.64265
vn -0.22361 -0.62210 -0.75033
vn -0.72605 -0.62210 -0.29300
vn -0.68176 -0.62210 0.38497
vn -0.36593 -0.53731 0.75987
vn 0.00000 0.00000 0.00000
vn 0.18124 -0.90858 0.37635
vn 0.40724 -0.90858 0.09295
vn 0.32658 -0.90858 -0.26044
vn 0.00000 -0.90858 -0.41771
vn -0.32658 -0.90858 -0.26044
vn -0.40724 -0.90858 0.09295
vn -0.18124 -0.90858 0.37635
vn 0.18124 0.90858 0.37635
vn 0.40724 0.90858 0.09295
vn 0.32658 0.90858 -0.26044
vn 0.00000 0.90858 -0.41771
vn -0.32658 0.90858 -0.26044
vn -0.40724 0.90858 0.09295
vn -0.18124 0.90858 0.37635
vn 0.00000 0.00000 0.00000
vn 0.36593 0.53731 0.75987
vn 0.68176 0.62210 0.38497
vn 0.72605 0.62210 -0.29300
vn 0.22361 0.62210 -0.75033
vn -0.44721 0.62210 -0.64265
vn -0.78127 0.62210 -0.05104
vn -0.52702 0.62210 0.57900
vn -0.32235 0.66936 0.66936
vn 0.43184 -0.09702 0.89672
vn 0.78183 0.00000 0.62349
vn 0.97493 0.00000 -0.22252
vn 0.43388 -0.00000 -0.90097
vn -0.43388 0.00000 -0.90097
vn -0.97493 0.00000 -0.22252
vn -0.78183 0.00000 0.62349
vn -0.43184 0.09702 0.89672
vn 0.32235 -0.66936 0.66936
vn 0.52702 -0.62210 0.57900
vn 0.78127 -0.62210 -0.05104
vn 0.44721 -0.62210 -0.64265
vn -0.22361 -0.62210 -0.75033
vn -0.72605 -0.62210 -0.29300
vn -0.68176 -0.62210 0.38497
vn -0.36593 -0.53731 0.75987
vn 0.00000 0.00000 0.00000
vn 0.18124 -0.90858 0.37635
vn 0.40724 -0.90858 0.09295
vn 0.32658 -0.90858 -0.26044
vn 0.00000 -0.90858 -0.41771
vn -0.32658 -0.90858 -0.26044
vn -0.40724 -0.90858 0.09295
vn -0.18124 -0.90858 0.37635
vn 0.18124 0.90858 0.37635
vn 0.40724 0.90858 0.09295
vn 0.32658 0.90858 -0.26044
vn 0.00000 0.90858 -0.41771
vn -0.32658 0.90858 -0.26044
vn -0.40724 0.90858 0.09295
vn -0.18124 0.90858 0.37635
vn 0.00000 0.00000 0.00000
vn 0.36593 0.53731 0.75987
vn 0.68176 0.62210 0.38497
vn 0.72605 0.62210 -0.29300
vn 0.22361 0.62210 -0.75033
vn -0.44721 0.62210 -0.64265
vn -0.78127 0.62210 -0.05104
vn -0.52702 0.62210 0.57900
vn -0.32235 0.66936 0.66936
vn 0.43184 -0.09702 0.89672
vn 0.78183 0.00000 0.62349
vn 0.97493 0.00000 -0.22252
vn 0.43388 -0.00000 -0.90097
vn -0.43388 0.00000 -0.90097
vn -0.97493 0.00000 -0.22252
vn -0.78183 -0.00000 0.62349
vn -0.43184 0.09702 0.89672
vn 0.32235 -0.66936 0.66936
vn 0.52702 -0.62210 0.57900
vn 0.78127 -0.62210 -0.05104
vn 0.44721 -0.62210 -0.64265
vn -0.22361 -0.62210 -0.75033
vn -0.72605 -0.62210 -0.29300
vn -0.68176 -0.62210 0.38497
vn -0.36593 -0.53731 0.75987
vn 0.00000 0.00000 0.00000
vn 0.18124 -0.90858 0.37635
vn 0.40724 -0.90858 0.09295
vn 0.32658 -0.90858 -0.26044
vn 0.00000 -0.90858 -0.41771
vn -0.32658 -0.90858 -0.26044
vn -0.40724 -0.90858 0.09295
vn -0.18124 -0.90858 0.37635
vn 0.18124 0.90858 0.37635
vn 0.40724 0.90858 0.09295
vn 0.32658 0.90858 -0.26044
vn 0.00000 0.90858 -0.41771
vn -0.32658 0.90858 -0.26044
vn -0.40724 0.90858 0.09295
vn -0.18124 0.90858 0.37635
vn 0.00000 0.00000 0.00000
vn 0.36593 0.53731 0.75987
vn 0.68176 0.62210 0.38497
vn 0.72605 0.62210 -0.29300
vn 0.22361 0.62210 -0.75033
vn -0.44721 0.62210 -0.64265
vn -0.78127 0.62210 -0.05104
vn -0.52702 0.62210 0.57900
vn -0.32235 0.66936 0.66936
vn 0.43184 -0.09702 0.89672
vn 0.78183 0.00000 0.62349
vn 0.97493 0.00000 -0.22252
vn 0.43388 -0.00000 -0.90097
vn -0.43388 0.00000 -0.90097
vn -0.97493 0.00000 -0.22252
vn -0.78183 -0.00000 0.62349
vn -0.43184 0.09702 0.89672
vn 0.32235 -0.66936 0.66936
vn 0.52702 -0.62210 0.57900
vn 0.78127 -0.62210 -0.05104
vn 0.44721 -0.62210 -0.64265
vn -0.22361 -0.62210 -0.75033
vn -0.72605 -0.62210 -0.29300
vn -0.68176 -0.62210 0.38497
vn -0.36593 -0.53731 0.75987
vn 0.00000 0.00000 0.00000
vn 0.18124 -0.90858 0.37635
vn 0.40724 -0.90858 0.09295
vn 0.32658 -0.90858 -0.26044
vn 0.00000 -0.90858 -0.41771
vn -0.32658 -0.90858 -0.26044
vn -0.40724 -0.90858 0.09295
vn -0.18124 -0.90858 0.37635
vn 0.18124 0.90858 0.37635
vn 0.40724 0.90858 0.09295
vn 0.32658 0.90858 -0.26044
vn 0.00000 0.90858 -0.41771
vn -0.32658 0.90858 -0.26044
vn -0.40724 0.90858 0.09295
vn -0.18124 0.90858 0.37635
vn 0.00000 0.00000 0.00000
vn 0.36593 0.53731 0.75987
vn 0.68176 0.62210 0.38497
vn 0.72605 0.62210 -0.29300
vn 0.22361 0.62210 -0.75033
vn -0.44721 0.62210 -0.64265
vn -0.78127 0.62210 -0.05104
vn -0.52702 0.62210 0.57900
vn -0.32235 0.66936 0.66936
vn 0.43184 -0.09702 0.89672
vn 0.78183 0.00000 0.62349
vn 0.97493 0.00000 -0.22252
vn 0.43388 -0.00000 -0.90097
vn -0.43388 0.00000 -0.90097
vn -0.97493 0.00000 -0.22252
vn -0.78183 -0.00000 0.62349
vn -0.43184 0.09702 0.89672
vn 0.32235 -0.66936 0.66936
vn 0.52702 -0.62210 0.57900
vn 0.78127 -0.62210 -0.05104
vn 0.44721 -0.62210 -0.64265
vn -0.22361 -0.62210 -0.75033
vn -0.72605 -0.62210 -0.29300
vn -0.68176 -0.62210 0.38497
vn -0.36593 -0.53731 0.75987
vn 0.00000 0.00000 0.00000
vn 0.18124 -0.90858 0.37635
vn 0.40724 -0.90858 0.09295
vn 0.32658 -0.90858 -0.26044
vn 0.00000 -0.90858 -0.41771
vn -0.32658 -0.90858 -0.26044
vn -0.40724 -0.90858 0.09295
vn -0.18124 -0.90858 0.37635
vn 0.18124 0.90858 0.37635
vn 0.40724 0.90858 0.09295
vn 0.32658 0.90858 -0.26044
vn 0.00000 0.90858 -0.41771
vn -0.32658 0.90858 -0.26044
vn -0.40724 0.90858 0.09295
vn -0.18124 0.90858 0.37635
vn 0.00000 0.00000 0.00000
vn 0.36593 0.53731 0.75987
vn 0.68176 0.62210 0.38497
vn 0.72605 0.62210 -0.29300
vn 0.22361 0.62210 -0.75033
vn -0.44721 0.62210 -0.64265
vn -0.78127 0.62210 -0.05104
vn -0.52702 0.62210 0.57900
vn -0.32235 0.66936 0.66936
vn 0.43184 -0.09702 0.89672
vn 0.78183 0.00000 0.62349
vn 0.97493 0.00000 -0.22252
vn 0.43388 -0.00000 -0.90097
vn -0.43388 0.00000 -0.90097
vn -0.97493 0.00000 -0.22252
vn -0.78183 -0.00000 0.62349
vn -0.43184 0.09702 0.89672
vn 0.32235 -0.66936 0.66936
vn 0.52702 -0.62210 0.57900
vn 0.78127 -0.62210 -0.05104
vn 0.44721 -0.62210 -0.64265
vn -0.22361 -0.62210 -0.75033
vn -0.72605 -0.62210 -0.29300
vn -0.68176 -0.62210 0.38497
vn -0.36593 -0.53731 0.75987
vn 0.00000 0.00000 0.00000
vn 0.18124 -0.90858 0.37635
vn 0.40724 -0.90858 0.09295
vn 0.32658 -0.90858 -0.26044
vn 0.00000 -0.90858 -0.41771
vn -0.32658 -0.90858 -0.26044
vn -0.40724 -0.90858 0.09295
vn -0.18124 -0.90858 0.37635
vn 0.18124 0.90858 0.37635
vn 0.40724 0.90858 0.09295
vn 0.32658 0.90858 -0.26044
vn 0.00000 0.90858 -0.41771
vn -0.32658 0.90858 -0.26044
vn -0.40724 0.90858 0.09295
vn -0.18124 0.90858 0.37635
vn 0.00000 0.00000 0.00000
vn 0.36593 0.53731 0.75987
vn 0.68176 0.62210 0.38497
vn 0.72605 0.62210 -0.29300
vn 0.22361 0.62210 -0.75033
vn -0.44721 0.62210 -0.64265
vn -0.78127 0.62210 -0.05104
vn -0.52702 0.62210 0.57900
vn -0.32235 0.66936 0.66936
vn 0.43184 -0.09702 0.89672
vn 0.78183 0.00000 0.62349
vn 0.97493 0.00000 -0.22252
vn 0.43388 -0.00000 -0.90097
vn -0.43388 0.00000 -0.90097
vn -0.97493 0.00000 -0.22252
vn -0.78183 -0.00000 0.62349
vn -0.43184 0.09702 0.89672
vn 0.32235 -0.66936 0.66936
vn 0.52702 -0.62210 0.57900
vn 0.78127 -0.62210 -0.05104
vn 0.44721 -0.62210 -0.64265
vn -0.22361 -0.62210 -0.75033
vn -0.72605 -0.62210 -0.29300
vn -0.68176 -0.62210 0.38497
vn -0.36593 -0.53731 0.75987
vn 0.00000 0.00000 0.00000
vn 0.18124 -0.90858 0.37635
vn 0.40724 -0.90858 0.09295
vn 0.32658 -0.90858 -0.26044
vn 0.00000 -0.90858 -0.41771
vn -0.32658 -0.90858 -0.26044
vn -0.40724 -0.90858 0.09295
vn -0.18124 -0.90858 0.37635
vn 0.18124 0.90858 0.37635
vn 0.40724 0.90858 0.09295
vn 0.32658 0.90858 -0.26044
vn 0.00000 0.90858 -0.41771
vn -0.32658 0.90858 -0.26044
vn -0.40724 0.90858 0.09295
vn -0.18124 0.90858 0.37635
vn 0.00000 0.00000 0.00000
vn 0.36593 0.53731 0.75987
vn 0.68176 0.62210 0.38497
vn 0.72605 0.62210 -0.29300
vn 0.22361 0.62210 -0.75033
vn -0.44721 0.62210 -0.64265
vn -0.78127 0.62210 -0.05104
vn -0.52702 0.62210 0.57900
vn -0.32235 0.66936 0.66936
vn 0.43184 -0.09702 0.89672
vn 0.78183 0.00000 0.62349
vn 0.97493 0.00000 -0.22252
vn 0.43388 -0.00000 -0.90097
vn -0.43388 0.00000 -0.90097
vn -0.97493 0.00000 -0.22252
vn -0.78183 -0.00000 0.62349
vn -0.43184 0.09702 0.89672
vn 0.32235 -0.66936 0.66936
vn 0.52702 -0.62210 0.57900
vn 0.78127 -0.62210 -0.05104
vn 0.44721 -0.62210 -0.64265
vn -0.22361 -0.62210 -0.75033
vn -0.72605 -0.62210 -0.29300
vn -0.68176 -0.62210 0.38497
vn -0.36593 -0.53731 0.75987
vn 0.00000 0.00000 0.00000
vn 0.18124 -0.90858 0.37635
vn 0.40724 -0.90858 0.09295
vn 0.32658 -0.90858 -0.26044
vn 0.00000 -0.90858 -0.41771
vn -0.32658 -0.90858 -0.26044
vn -0.40724 -0.90858 0.09295
vn -0.18124 -0.90858 0.37635
vn 0.18124 0.90858 0.37635
vn 0.40724 0.90858 0.09295
vn 0.32658 0.90858 -0.26044
vn 0.00000 0.90858 -0.41771
vn -0.32658 0.90858 -0.26044
vn -0.40724 0.90858 0.09295
vn -0.18124 0.90858 0.37635
vn 0.00000 0.00000 0.00000
vn 0.36593 0.53731 0.75987
vn 0.68176 0.62210 0.38497
vn 0.72605 0.62210 -0.29300
vn 0.22361 0.62210 -0.75033
vn -0.44721 0.62210 -0.64265
vn -0.78127 0.62210 -0.05104
vn -0.52702 0.62210 0.57900
vn -0.32235 0.66936 0.66936
vn 0.43184 -0.09702 0.89672
vn 0.78183 0.00000 0.62349
vn 0.97493 0.00000 -0.22252
vn 0.43388 -0.00000 -0.90097
vn -0.43388 0.00000 -0.90097
vn -0.97493 0.00000 -0.22252
vn -0.78183 0.00000 0.62349
vn -0.43184 0.09702 0.89672
vn 0.32235 -0.66936 0.66936
vn 0.52702 -0.62210 0.57900
vn 0.78127 -0.62210 -0.05104
vn 0.44721 -0.62210 -0.64265
vn -0.22361 -0.62210 -0.75033
vn -0.72605 -0.62210 -0.29300
vn -0.68176 -0.62210 0.38497
vn -0.36593 -0.53731 0.75987
vn 0.00000 0.00000 0.00000
vn 0.18124 -0.90858 0.37635
vn 0.40724 -0.90858 0.09295
vn 0.32658 -0.90858 -0.26044
vn 0.00000 -0.90858 -0.41771
vn -0.32658 -0.90858 -0.26044
vn -0.40724 -0.90858 0.09295
vn -0.18124 -0.90858 0.37635
vn 0.18124 0.90858 0.37635
vn 0.40724 0.90858 0.09295
vn 0.32658 0.90858 -0.26044
vn 0.00000 0.90858 -0.41771
vn -0.32658 0.90858 -0.26044
vn -0.40724 0.90858 0.09295
vn -0.18124 0.90858 0.37635
vn 0.00000 0.00000 0.00000
vn 0.36593 0.53731 0.75987
vn 0.68176 0.62210 0.38497
vn 0.72605 0.62210 -0.29300
vn 0.22361 0.62210 -0.75033
vn -0.44721 0.62210 -0.64265
vn -0.78127 0.62210 -0.05104
vn -0.52702 0.62210 0.57900
vn -0.32235 0.66936 0.66936
vn 0.43184 -0.09702 0.89672
vn 0.78183 0.00000 0.62349
vn 0.97493 0.00000 -0.22252
vn 0.43388 -0.00000 -0.90097
vn -0.43388 0.00000 -0.90097
vn -0.97493 0.00000 -0.22252
vn -0.78183 0.00000 0.62349
vn -0.43184 0.09702 0.89672
vn 0.32235 -0.66936 0.66936
vn 0.52702 -0.62210 0.57900
vn 0.78127 -0.62210 -0.05104
vn 0.44721 -0.62210 -0.64265
vn -0.22361 -0.62210 -0.75033
vn -0.72605 -0.62210 -0.29300
vn -0.68176 -0.62210 0.38497
vn -0.36593 -0.53731 0.75987
vn 0.00000 0.00000 0.00000
vn 0.18124 -0.90858 0.37635
vn 0.40724 -0.90858 0.09295
vn 0.32658 -0.90858 -0.26044
vn 0.00000 -0.90858 -0.41771
vn -0.32658 -0.90858 -0.26044
vn -0.40724 -0.90858 0.09295
vn -0.18124 -0.90858 0.37635
f 1/1/1 11/11/11 12/12/12
f 1/1/1 12/12/12 2/2/2
f 2/2/2 12/12/12 13/13/13
f 2/2/2 13/13/13 3/3/3
f 3/3/3 13/13/13 14/14/14
f 3/3/3 14/14/14 4/4/4
f 4/4/4 14/14/14 15/15/15
f 4/4/4 15/15/15 5/5/5
f 6/6/6 18/18/18 19/19/19
f 6/6/6 19/19/19 7/7/7
f 7/7/7 19/19/19 20/20/20
f 7/7/7 20/20/20 8/8/8
f 8/8/8 20/20/20 21/21/21
f 8/8/8 21/21/21 9/9/9
f 9/9/9 21/21/21 22/22/22
f 9/9/9 22/22/22 10/10/10
f 11/11/11 23/23/23 24/24/24
f 11/11/11 24/24/24 12/12/12
f 12/12/12 24/24/24 25/25/25
f 12/12/12 25/25/25 13/13/13
f 13/13/13 25/25/25 26/26/26
f 13/13/13 26/26/26 14/14/14
f 14/14/14 26/26/26 27/27/27
f 14/14/14 27/27/27 15/15/15
f 15/15/15 27/27/27 28/28/28
f 15/15/15 28/28/28 16/16/16
f 17/17/17 31/31/31 32/32/32
f 17/17/17 32/32/32 18/18/18
f 18/18/18 32/32/32 33/33/33
f 18/18/18 33/33/33 19/19/19
f 19/19/19 33/33/33 34/34/34
f 19/19/19 34/34/34 20/20/20
f 20/20/20 34/34/34 35/35/35
f 20/20/20 35/35/35 21/21/21
f 21/21/21 35/35/35 36/36/36
f 21/21/21 36/36/36 22/22/22
f 23/23/23 37/37/37 38/38/38
f 23/23/23 38/38/38 24/24/24
f 24/24/24 38/38/38 39/39/39
f 24/24/24 39/39/39 25/25/25
f 25/25/25 39/39/39 40/40/40
f 25/25/25 40/40/40 26/26/26
f 26/26/26 40/40/40 41/41/41
f 26/26/26 41/41/41 27/27/27
f 27/27/27 41/41/41 42/42/42
f 27/27/27 42/42/42 28/28/28
f 28/28/28 42/42/42 43/43/43
f 28/28/28 43/43/43 29/29/29
f 30/30/30 54/54/54 55/55/55
f 30/30/30 55/55/55 31/31/31
f 31/31/31 55/55/55 56/56/56
f 31/31/31 56/56/56 32/32/32
f 32/32/32 56/56/56 57/57/57
f 32/32/32 57/57/57 33/33/33
f 33/33/33 57/57/57 58/58/58
f 33/33/33 58/58/58 34/34/34
f 34/34/34 58/58/58 59/59/59
f 34/34/34 59/59/59 35/35/35
f 35/35/35 59/59/59 60/60/60
f 35/35/35 60/60/60 36/36/36
f 37/37/37 61/61/61 62/62/62
f 37/37/37 62/62/62 38/38/38
f 38/38/38 62/62/62 63/63/63
f 38/38/38 63/63/63 39/39/39
f 39/39/39 63/63/63 64/64/64
f 39/39/39 64/64/64 40/40/40
f 40/40/40 64/64/64 65/65/65
f 40/40/40 65/65/65 41/41/41
f 41/41/41 65/65/65 66/66/66
f 41/41/41 66/66/66 42/42/42
f 42/42/42 66/66/66 67/67/67
f 42/42/42 67/67/67 43/43/43
f 43/43/43 67/67/67 68/68/68
f 43/43/43 68/68/68 44/44/44
f 44/44/44 68/68/68 69/69/69
f 44/44/44 69/69/69 45/45/45
f 45/45/45 69/69/69 70/70/70
f 45/45/45 70/70/70 46/46/46
f 46/46/46 70/70/70 71/71/71
f 46/46/46 71/71/71 47/47/47
f 47/47/47 71/71/71 72/72/72
f 47/47/47 72/72/72 48/48/48
f 48/48/48 72/72/72 73/73/73
f 48/48/48 73/73/73 49/49/49
f 49/49/49 73/73/73 74/74/74
f 49/49/49 74/74/74 50/50/50
f 50/50/50 74/74/74 75/75/75
f 50/50/50 75/75/75 51/51/51
f 51/51/51 75/75/75 76/76/76
f 51/51/51 76/76/76 52/52/52
f 52/52/52 76/76/76 77/77/77
f 52/52/52 77/77/77 53/53/53
f 53/53/53 77/77/77 78/78/78
f 53/53/53 78/78/78 54/54/54
f 54/54/54 78/78/78 79/79/79
f 54/54/54 79/79/79 55/55/55
f 55/55/55 79/79/79 80/80/80
f 55/55/55 80/80/80 56/56/56
f 56/56/56 80/80/80 81/81/81
f 56/56/56 81/81/81 57/57/57
f 57/57/57 81/81/81 82/82/82
f 57/57/57 82/82/82 58/58/58
f 58/58/58 82/82/82 83/83/83
f 58/58/58 83/83/83 59/59/59
f 59/59/59 83/83/83 84/84/84
f 59/59/59 84/84/84 60/60/60
f 61/61/61 85/85/85 86/86/86
f 61/61/61 86/86/86 62/62/62
f 62/62/62 86/86/86 87/87/87
f 62/62/62 87/87/87 63/63/63
f 63/63/63 87/87/87 88/88/88
f 63/63/63 88/88/88 64/64/64
f 64/64/64 88/88/88 89/89/89
f 64/64/64 89/89/89 65/65/65
f 65/65/65 89/89/89 90/90/90
f 65/65/65 90/90/90 66/66/66
f 66/66/66 90/90/90 91/91/91
f 66/66/66 91/91/91 67/67/67
f 67/67/67 91/91/91 92/92/92
f 67/67/67 92/92/92 68/68/68
f 68/68/68 92/92/92 93/93/93
f 68/68/68 93/93/93 69/69/69
f 69/69/69 93/93/93 94/94/94
f 69/69/69 94/94/94 70/70/70
f 70/70/70 94/94/94 95/95/95
f 70/70/70 95/95/95 71/71/71
f 71/71/71 95/95/95 96/96/96
f 71/71/71 96/96/96 72/72/72
f 72/72/72 96/96/96 97/97/97
f 72/72/72 97/97/97 73/73/73
f 73/73/73 97/97/97 98/98/98
f 73/73/73 98/98/98 74/74/74
f 74/74/74 98/98/98 99/99/99
f 74/74/74 99/99/99 75/75/75
f 75/75/75 99/99/99 100/100/100
f 75/75/75 100/100/100 76/76/76
f 76/76/76 100/100/100 101/101/101
f 76/76/76 101/101/101 77/77/77
f 77/77/77 101/101/101 102/102/102
f 77/77/77 102/102/102 78/78/78
f 78/78/78 102/102/102 103/103/103
f 78/78/78 103/103/103 79/79/79
f 79/79/79 103/103/103 104/104/104
f 79/79/79 104/104/104 80/80/80
f 80/80/80 104/104/104 105/105/105
f 80/80/80 105/105/105 81/81/81
f 81/81/81 105/105/105 106/106/106
f 81/81/81 106/106/106 82/82/82
f 82/82/82 106/106/106 107/107/107
f 82/82/82 107/107/107 83/83/83
f 83/83/83 107/107/107 108/108/108
f 83/83/83 108/108/108 84/84/84
f 85/85/85 109/109/109 110/110/110
f 85/85/85 110/110/110 86/86/86
f 86/86/86 110/110/110 111/111/111
f 86/86/86 111/111/111 87/87/87
f 87/87/87 111/111/111 112/112/112
f 87/87/87 112/112/112 88/88/88
f 88/88/88 112/112/112 113/113/113
f 88/88/88 113/113/113 89/89/89
f 89/89/89 113/113/113 114/114/114
f 89/89/89 114/114/114 90/90/90
f 90/90/90 114/114/114 115/115/115
f 90/90/90 115/115/115 91/91/91
f 91/91/91 115/115/115 116/116/116
f 91/91/91 116/116/116 92/92/92
f 92/92/92 116/116/116 117/117/117
f 92/92/92 117/117/117 93/93/93
f 93/93/93 117/117/117 118/118/118
f 93/93/93 118/118/118 94/94/94
f 94/94/94 118/118/118 119/119/119
f 94/94/94 119/119/119 95/95/95
f 95/95/95 119/119/119 120/120/120
f 95/95/95 120/120/120 96/96/96
f 96/96/96 120/120/120 121/121/121
f 96/96/96 121/121/121 97/97/97
f 97/97/97 121/121/121 122/122/122
f 97/97/97 122/122/122 98/98/98
f 98/98/98 122/122/122 123/123/123
f 98/98/98 123/123/123 99/99/99
f 99/99/99 123/123/123 124/124/124
f 99/99/99 124/124/124 100/100/100
f 100/100/100 124/124/124 125/125/125
f 100/100/100 125/125/125 101/101/101
f 101/101/101 125/125/125 126/126/126
f 101/101/101 126/126/126 102/102/102
f 102/102/102 126/126/126 127/127/127
f 102/102/102 127/127/127 103/103/103
f 103/103/103 127/127/127 128/128/128
f 103/103/103 128/128/128 104/104/104
f 104/104/104 128/128/128 129/129/129
f 104/104/104 129/129/129 105/105/105
f 105/105/105 129/129/129 130/130/130
f 105/105/105 130/130/130 106/106/106
f 106/106/106 130/130/130 131/131/131
f 106/106/106 131/131/131 107/107/107
f 107/107/107 131/131/131 132/132/132
f 107/107/107 132/132/132 108/108/108
f 109/109/109 133/133/133 134/134/134
f 109/109/109 134/134/134 110/110/110
f 110/110/110 134/134/134 135/135/135
f 110/110/110 135/135/135 111/111/111
f 111/111/111 135/135/135 136/136/136
f 111/111/111 136/136/136 112/112/112
f 112/112/112 136/136/136 137/137/137
f 112/112/112 137/137/137 113/113/113
f 113/113/113 137/137/137 138/138/138
f 113/113/113 138/138/138 114/114/114
f 114/114/114 138/138/138 139/139/139
f 114/114/114 139/139/139 115/115/115
f 115/115/115 139/139/139 140/140/140
f 115/115/115 140/140/140 116/116/116
f 116/116/116 140/140/140 141/141/141
f 116/116/116 141/141/141 117/117/117
f 117/117/117 141/141/141 142/142/142
f 117/117/117 142/142/142 118/118/118
f 118/118/118 142/142/142 143/143/143
f 118/118/118 143/143/143 119/119/119
f 119/119/119 143/143/143 144/144/144
f 119/119/119 144/144/144 120/120/120
f 120/120/120 144/144/144 145/145/145
f 120/120/120 145/145/145 121/121/121
f 121/121/121 145/145/145 146/146/146
f 121/121/121 146/146/146 122/122/122
f 122/122/122 146/146/146 147/147/147
f 122/122/122 147/147/147 123/123/123
f 123/123/123 147/147/147 148/148/148
f 123/123/123 148/148/148 124/124/124
f 124/124/124 148/148/148 149/149/149
f 124/124/124 149/149/149 125/125/125
f 125/125/125 149/149/149 150/150/150
f 125/125/125 150/150/150 126/126/126
f 126/126/126 150/150/150 151/151/151
f 126/126/126 151/151/151 127/127/127
f 127/127/127 151/151/151 152/152/152
f 127/127/127 152/152/152 128/128/128
f 128/128/128 152/152/152 153/153/153
f 128/128/128 153/153/153 129/129/129
f 129/129/129 153/153/153 154/154/154
f 129/129/129 154/154/154 130/130/130
f 130/130/130 154/154/154 155/155/155
f 130/130/130 155/155/155 131/131/131
f 131/131/131 155/155/155 156/156/156
f 131/131/131 156/156/156 132/132/132
f 133/133/133 157/157/157 158/158/158
f 133/133/133 158/158/158 134/134/134
f 134/134/134 158/158/158 159/159/159
f 134/134/134 159/159/159 135/135/135
f 135/135/135 159/159/159 160/160/160
f 135/135/135 160/160/160 136/136/136
f 136/136/136 160/160/160 161/161/161
f 136/136/136 161/161/161 137/137/137
f 137/137/137 161/161/161 162/162/162
f 137/137/137 162/162/162 138/138/138
f 138/138/138 162/162/162 163/163/163
f 138/138/138 163/163/163 139/139/139
f 139/139/139 163/163/163 164/164/164
f 139/139/139 164/164/164 140/140/140
f 140/140/140 164/164/164 165/165/165
f 140/140/140 165/165/165 141/141/141
f 141/141/141 165/165/165 166/166/166
f 141/141/141 166/166/166 142/142/142
f 142/142/142 166/166/166 167/167/167
f 142/142/142 167/167/167 143/143/143
f 143/143/143 167/167/167 168/168/168
f 143/143/143 168/168/168 144/144/144
f 144/144/144 168/168/168 169/169/169
f 144/144/144 169/169/169 145/145/145
f 145/145/145 169/169/169 170/170/170
f 145/145/145 170/170/170 146/146/146
f 146/146/146 170/170/170 171/171/171
f 146/146/146 171/171/171 147/147/147
f 147/147/147 171/171/171 172/172/172
f 147/147/147 172/172/172 148/148/148
f 148/148/148 172/172/172 173/173/173
f 148/148/148 173/173/173 149/149/149
f 149/149/149 173/173/173 174/174/174
f 149/149/149 174/174/174 150/150/150
f 150/150/150 174/174/174 175/175/175
f 150/150/150 175/175/175 151/151/151
f 151/151/151 175/175/175 176/176/176
f 151/151/151 176/176/176 152/152/152
f 152/152/152 176/176/176 177/177/177
f 152/152/152 177/177/177 153/153/153
f 153/153/153 177/177/177 178/178/178
f 153/153/153 178/178/178 154/154/154
f 154/154/154 178/178/178 179/179/179
f 154/154/154 179/179/179 155/155/155
f 155/155/155 179/179/179 180/180/180
f 155/155/155 180/180/180 156/156/156
f 157/157/157 181/181/181 182/182/182
f 157/157/157 182/182/182 158/158/158
f 158/158/158 182/182/182 183/183/183
f 158/158/158 183/183/183 159/159/159
f 159/159/159 183/183/183 184/184/184
f 159/159/159 184/184/184 160/160/160
f 160/160/160 184/184/184 185/185/185
f 160/160/160 185/185/185 161/161/161
f 161/161/161 185/185/185 186/186/186
f 161/161/161 186/186/186 162/162/162
f 162/162/162 186/186/186 187/187/187
f 162/162/162 187/187/187 163/163/163
f 163/163/163 187/187/187 188/188/188
f 163/163/163 188/188/188 164/164/164
f 164/164/164 188/188/188 189/189/189
f 164/164/164 189/189/189 165/165/165
f 165/165/165 189/189/189 190/190/190
f 165/165/165 190/190/190 166/166/166
f 166/166/166 190/190/190 191/191/191
f 166/166/166 191/191/191 167/167/167
f 167/167/167 191/191/191 192/192/192
f 167/167/167 192/192/192 168/168/168
f 168/168/168 192/192/192 193/193/193
f 168/168/168 193/193/193 169/169/169
f 169/169/169 193/193/193 194/194/194
f 169/169/169 194/194/194 170/170/170
f 170/170/170 194/194/194 195/195/195
f 170/170/170 195/195/195 171/171/171
f 171/171/171 195/195/195 196/196/196
f 171/171/171 196/196/196 172/172/172
f 172/172/172 196/196/196 197/197/197
f 172/172/172 197/197/197 173/173/173
f 173/173/173 197/197/197 198/198/198
f 173/173/173 198/198/198 174/174/174
f 174/174/174 198/198/198 199/199/199
f 174/174/174 199/199/199 175/175/175
f 175/175/175 199/199/199 200/200/200
f 175/175/175 200/200/200 176/176/176
f 176/176/176 200/200/200 201/201/201
f 176/176/176 201/201/201 177/177/177
f 177/177/177 201/201/201 202/202/202
f 177/177/177 202/202/202 178/178/178
f 178/178/178 202/202/202 203/203/203
f 178/178/178 203/203/203 179/179/179
f 179/179/179 203/203/203 204/204/204
f 179/179/179 204/204/204 180/180/180
f 181/181/181 205/205/205 206/206/206
f 181/181/181 206/206/206 182/182/182
f 182/182/182 206/206/206 207/207/207
f 182/182/182 207/207/207 183/183/183
f 183/183/183 207/207/207 208/208/208
f 183/183/183 208/208/208 184/184/184
f 184/184/184 208/208/208 209/209/209
f 184/184/184 209/209/209 185/185/185
f 185/185/185 209/209/209 210/210/210
f 185/185/185 210/210/210 186/186/186
f 186/186/186 210/210/210 211/211/211
f 186/186/186 211/211/211 187/187/187
f 187/187/187 211/211/211 212/212/212
f 187/187/187 212/212/212 188/188/188
f 188/188/188 212/212/212 213/213/213
f 188/188/188 213/213/213 189/189/189
f 189/189/189 213/213/213 214/214/214
f 189/189/189 214/214/214 190/190/190
f 190/190/190 214/214/214 215/215/215
f 190/190/190 215/215/215 191/191/191
f 191/191/191 215/215/215 216/216/216
f 191/191/191 216/216/216 192/192/192
f 192/192/192 216/216/216 217/217/217
f 192/192/192 217/217/217 193/193/193
f 193/193/193 217/217/217 218/218/218
f 193/193/193 218/218/218 194/194/194
f 194/194/194 218/218/218 219/219/219
f 194/194/194 219/219/219 195/195/195
f 195/195/195 219/219/219 220/220/220
f 195/195/195 220/220/220 196/196/196
f 196/196/196 220/220/220 221/221/221
f 196/196/196 221/221/221 197/197/197
f 197/197/197 221/221/221 222/222/222
f 197/197/197 222/222/222 198/198/198
f 198/198/198 222/222/222 223/223/223
f 198/198/198 223/223/223 199/199/199
f 199/199/199 223/223/223 224/224/224
f 199/199/199 224/224/224 200/200/200
f 200/200/200 224/224/224 225/225/225
f 200/200/200 225/225/225 201/201/201
f 201/201/201 225/225/225 226/226/226
f 201/201/201 226/226/226 202/202/202
f 202/202/202 226/226/226 227/227/227
f 202/202/202 227/227/227 203/203/203
f 203/203/203 227/227/227 228/228/228
f 203/203/203 228/228/228 204/204/204
f 205/205/205 229/229/229 230/230/230
f 205/205/205 230/230/230 206/206/206
f 206/206/206 230/230/230 231/231/231
f 206/206/206 231/231/231 207/207/207
f 207/207/207 231/231/231 232/232/232
f 207/207/207 232/232/232 208/208/208
f 208/208/208 232/232/232 233/233/233
f 208/208/208 233/233/233 209/209/209
f 209/209/209 233/233/233 234/234/234
f 209/209/209 234/234/234 210/210/210
f 210/210/210 234/234/234 235/235/235
f 210/210/210 235/235/235 211/211/211
f 211/211/211 235/235/235 236/236/236
f 211/211/211 236/236/236 212/212/212
f 212/212/212 236/236/236 237/237/237
f 212/212/212 237/237/237 213/213/213
f 213/213/213 237/237/237 238/238/238
f 213/213/213 238/238/238 214/214/214
f 214/214/214 238/238/238 239/239/239
f 214/214/214 239/239/239 215/215/215
f 215/215/215 239/239/239 240/240/240
f 215/215/215 240/240/240 216/216/216
f 216/216/216 240/240/240 241/241/241
f 216/216/216 241/241/241 217/217/217
f 217/217/217 241/241/241 242/242/242
f 217/217/217 242/242/242 218/218/218
f 218/218/218 242/242/242 243/243/243
f 218/218/218 243/243/243 219/219/219
f 219/219/219 243/243/243 244/244/244
f 219/219/219 244/244/244 220/220/220
f 220/220/220 244/244/244 245/245/245
f 220/220/220 245/245/245 221/221/221
f 221/221/221 245/245/245 246/246/246
f 221/221/221 246/246/246 222/222/222
f 222/222/222 246/246/246 247/247/247
f 222/222/222 247/247/247 223/223/223
f 223/223/223 247/247/247 248/248/248
f 223/223/223 248/248/248 224/224/224
f 224/224/224 248/248/248 249/249/249
f 224/224/224 249/249/249 225/225/225
f 225/225/225 249/249/249 250/250/250
f 225/225/225 250/250/250 226/226/226
f 226/226/226 250/250/250 251/251/251
f 226/226/226 251/251/251 227/227/227
f 227/227/227 251/251/251 252/252/252
f 227/227/227 252/252/252 228/228/228
f 229/229/229 253/253/253 254/254/254
f 229/229/229 254/254/254 230/230/230
f 230/230/230 254/254/254 255/255/255
f 230/230/230 255/255/255 231/231/231
f 231/231/231 255/255/255 256/256/256
f 231/231/231 256/256/256 232/232/232
f 232/232/232 256/256/256 257/257/257
f 232/232/232 257/257/257 233/233/233
f 233/233/233 257/257/257 258/258/258
f 233/233/233 258/258/258 234/234/234
f 234/234/234 258/258/258 259/259/259
f 234/234/234 259/259/259 235/235/235
f 235/235/235 259/259/259 260/260/260
f 235/235/235 260/260/260 236/236/236
f 236/236/236 260/260/260 261/261/261
f 236/236/236 261/261/261 237/237/237
f 237/237/237 261/261/261 262/262/262
f 237/237/237 262/262/262 238/238/238
f 238/238/238 262/262/262 263/263/263
f 238/238/238 263/263/263 239/239/239
f 239/239/239 263/263/263 264/264/264
f 239/239/239 264/264/264 240/240/240
f 240/240/240 264/264/264 265/265/265
f 240/240/240 265/265/265 241/241/241
f 241/241/241 265/265/265 266/266/266
f 241/241/241 266/266/266 242/242/242
f 242/242/242 266/266/266 267/267/267
f 242/242/242 267/267/267 243/243/243
f 243/243/243 267/267/267 268/268/268
f 243/243/243 268/268/268 244/244/244
f 244/244/244 268/268/268 269/269/269
f 244/244/244 269/269/269 245/245/245
f 245/245/245 269/269/269 270/270/270
f 245/245/245 270/270/270 246/246/246
f 246/246/246 270/270/270 271/271/271
f 246/246/246 271/271/271 247/247/247
f 247/247/247 271/271/271 272/272/272
f 247/247/247 272/272/272 248/248/248
f 248/248/248 272/272/272 273/273/273
f 248/248/248 273/273/273 249/249/249
f 249/249/249 273/273/273 274/274/274
f 249/249/249 274/274/274 250/250/250
f 250/250/250 274/274/274 275/275/275
f 250/250/250 275/275/275 251/251/251
f 251/251/251 275/275/275 276/276/276
f 251/251/251 276/276/276 252/252/252
f 253/253/253 277/277/277 278/278/278
f 253/253/253 278/278/278 254/254/254
f 254/254/254 278/278/278 279/279/279
f 254/254/254 279/279/279 255/255/255
f 255/255/255 279/279/279 280/280/280
f 255/255/255 280/280/280 256/256/256
f 256/256/256 280/280/280 281/281/281
f 256/256/256 281/281/281 257/257/257
f 257/257/257 281/281/281 282/282/282
f 257/257/257 282/282/282 258/258/258
f 258/258/258 282/282/282 283/283/283
f 258/258/258 283/283/283 259/259/259
f 259/259/259 283/283/283 284/284/284
f 259/259/259 284/284/284 260/260/260
f 260/260/260 284/284/284 285/285/285
f 260/260/260 285/285/285 261/261/261
f 261/261/261 285/285/285 286/286/286
f 261/261/261 286/286/286 262/262/262
f 262/262/262 286/286/286 287/287/287
f 262/262/262 287/287/287 263/263/263
f 263/263/263 287/287/287 288/288/288
f 263/263/263 288/288/288 264/264/264
f 264/264/264 288/288/288 289/289/289
f 264/264/264 289/289/289 265/265/265
f 265/265/265 289/289/289 290/290/290
f 265/265/265 290/290/290 266/266/266
f 266/266/266 290/290/290 291/291/291
f 266/266/266 291/291/291 267/267/267
f 267/267/267 291/291/291 292/292/292
f 267/267/267 292/292/292 268/268/268
f 268/268/268 292/292/292 293/293/293
f 268/268/268 293/293/293 269/269/269
f 269/269/269 293/293/293 294/294/294
f 269/269/269 294/294/294 270/270/270
f 270/270/270 294/294/294 295/295/295
f 270/270/270 295/295/295 271/271/271
f 271/271/271 295/295/295 296/296/296
f 271/271/271 296/296/296 272/272/272
f 272/272/272 296/296/296 297/297/297
f 272/272/272 297/297/297 273/273/273
f 273/273/273 297/297/297 298/298/298
f 273/273/273 298/298/298 274/274/274
f 274/274/274 298/298/298 299/299/299
f 274/274/274 299/299/299 275/275/275
f 275/275/275 299/299/299 300/300/300
f 275/275/275 300/300/300 276/276/276
f 277/277/277 301/301/301 302/302/302
f 277/277/277 302/302/302 278/278/278
f 278/278/278 302/302/302 303/303/303
f 278/278/278 303/303/303 279/279/279
f 279/279/279 303/303/303 304/304/304
f 279/279/279 304/304/304 280/280/280
f 280/280/280 304/304/304 305/305/305
f 280/280/280 305/305/305 281/281/281
f 281/281/281 305/305/305 306/306/306
f 281/281/281 306/306/306 282/282/282
f 282/282/282 306/306/306 307/307/307
f 282/282/282 307/307/307 283/283/283
f 283/283/283 307/307/307 308/308/308
f 283/283/283 308/308/308 284/284/284
f 284/284/284 308/308/308 309/309/309
f 284/284/284 309/309/309 285/285/285
f 285/285/285 309/309/309 310/310/310
f 285/285/285 310/310/310 286/286/286
f 286/286/286 310/310/310 311/311/311
f 286/286/286 311/311/311 287/287/287
f 287/287/287 311/311/311 312/312/312
f 287/287/287 312/312/312 288/288/288
f 288/288/288 312/312/312 313/313/313
f 288/288/288 313/313/313 289/289/289
f 289/289/289 313/313/313 314/314/314
f 289/289/289 314/314/314 290/290/290
f 290/290/290 314/314/314 315/315/315
f 290/290/290 315/315/315 291/291/291
f 291/291/291 315/315/315 316/316/316
f 291/291/291 316/316/316 292/292/292
f 292/292/292 316/316/316 317/317/317
f 292/292/292 317/317/317 293/293/293
f 293/293/293 317/317/317 318/318/318
f 293/293/293 318/318/318 294/294/294
f 294/294/294 318/318/318 319/319/319
f 294/294/294 319/319/319 295/295/295
f 295/295/295 319/319/319 320/320/320
f 295/295/295 320/320/320 296/296/296
f 296/296/296 320/320/320 321/321/321
f 296/296/296 321/321/321 297/297/297
f 297/297/297 321/321/321 322/322/322
f 297/297/297 322/322/322 298/298/298
f 298/298/298 322/322/322 323/323/323
f 298/298/298 323/323/323 299/299/299
f 299/299/299 323/323/323 324/324/324
f 299/299/299 324/324/324 300/300/300
f 301/301/301 325/325/325 326/326/326
f 301/301/301 326/326/326 302/302/302
f 302/302/302 326/326/326 327/327/327
f 302/302/302 327/327/327 303/303/303
f 303/303/303 327/327/327 328/328/328
f 303/303/303 328/328/328 304/304/304
f 304/304/304 328/328/328 329/329/329
f 304/304/304 329/329/329 305/305/305
f 305/305/305 329/329/329 330/330/330
f 305/305/305 330/330/330 306/306/306
f 306/306/306 330/330/330 331/331/331
f 306/306/306 331/331/331 307/307/307
f 307/307/307 331/331/331 332/332/332
f 307/307/307 332/332/332 308/308/308
f 308/308/308 332/332/332 333/333/333
f 308/308/308 333/333/333 309/309/309
f 309/309/309 333/333/333 334/334/334
f 309/309/309 334/334/334 310/310/310
f 310/310/310 334/334/334 335/335/335
f 310/310/310 335/335/335 311/311/311
f 311/311/311 335/335/335 336/336/336
f 311/311/311 336/336/336 312/312/312
f 312/312/312 336/336/336 337/337/337
f 312/312/312 337/337/337 313/313/313
f 313/313/313 337/337/337 338/338/338
f 313/313/313 338/338/338 314/314/314
f 314/314/314 338/338/338 339/339/339
f 314/314/314 339/339/339 315/315/315
f 315/315/315 339/339/339 340/340/340
f 315/315/315 340/340/340 316/316/316
f 316/316/316 340/340/340 341/341/341
f 316/316/316 341/341/341 317/317/317
f 317/317/317 341/341/341 342/342/342
f 317/317/317 342/342/342 318/318/318
f 318/318/318 342/342/342 343/343/343
f 318/318/318 343/343/343 319/319/319
f 319/319/319 343/343/343 344/344/344
f 319/319/319 344/344/344 320/320/320
f 320/320/320 344/344/344 345/345/345
f 320/320/320 345/345/345 321/321/321
f 321/321/321 345/345/345 346/346/346
f 321/321/321 346/346/346 322/322/322
f 322/322/322 346/346/346 347/347/347
f 322/322/322 347/347/347 323/323/323
f 323/323/323 347/347/347 348/348/348
f 323/323/323 348/348/348 324/324/324
f 325/325/325 349/349/349 350/350/350
f 325/325/325 350/350/350 326/326/326
f 326/326/326 350/350/350 351/351/351
f 326/326/326 351/351/351 327/327/327
f 327/327/327 351/351/351 352/352/352
f 327/327/327 352/352/352 328/328/328
f 328/328/328 352/352/352 353/353/353
f 328/328/328 353/353/353 329/329/329
f 329/329/329 353/353/353 354/354/354
f 329/329/329 354/354/354 330/330/330
f 330/330/330 354/354/354 355/355/355
f 330/330/330 355/355/355 331/331/331
f 331/331/331 355/355/355 356/356/356
f 331/331/331 356/356/356 332/332/332
f 332/332/332 356/356/356 357/357/357
f 332/332/332 357/357/357 333/333/333
f 333/333/333 357/357/357 358/358/358
f 333/333/333 358/358/358 334/334/334
f 334/334/334 358/358/358 359/359/359
f 334/334/334 359/359/359 335/335/335
f 335/335/335 359/359/359 360/360/360
f 335/335/335 360/360/360 336/336/336
f 336/336/336 360/360/360 361/361/361
f 336/336/336 361/361/361 337/337/337
f 337/337/337 361/361/361 362/362/362
f 337/337/337 362/362/362 338/338/338
f 338/338/338 362/362/362 363/363/363
f 338/338/338 363/363/363 339/339/339
f 339/339/339 363/363/363 364/364/364
f 339/339/339 364/364/364 340/340/340
f 340/340/340 364/364/364 365/365/365
f 340/340/340 365/365/365 341/341/341
f 341/341/341 365/365/365 366/366/366
f 341/341/341 366/366/366 342/342/342
f 342/342/342 366/366/366 367/367/367
f 342/342/342 367/367/367 343/343/343
f 343/343/343 367/367/367 368/368/368
f 343/343/343 368/368/368 344/344/344
f 344/344/344 368/368/368 369/369/369
f 344/344/344 369/369/369 345/345/345
f 345/345/345 369/369/369 370/370/370
f 345/345/345 370/370/370 346/346/346
f 346/346/346 370/370/370 371/371/371
f 346/346/346 371/371/371 347/347/347
f 347/347/347 371/371/371 372/372/372
f 347/347/347 372/372/372 348/348/348
f 349/349/349 373/373/373 374/374/374
f 349/349/349 374/374/374 350/350/350
f 350/350/350 374/374/374 375/375/375
f 350/350/350 375/375/375 351/351/351
f 351/351/351 375/375/375 376/376/376
f 351/351/351 376/376/376 352/352/352
f 352/352/352 376/376/376 377/377/377
f 352/352/352 377/377/377 353/353/353
f 353/353/353 377/377/377 378/378/378
f 353/353/353 378/378/378 354/354/354
f 354/354/354 378/378/378 379/379/379
f 354/354/354 379/379/379 355/355/355
f 355/355/355 379/379/379 380/380/380
f 355/355/355 380/380/380 356/356/356
f 356/356/356 380/380/380 381/381/381
f 356/356/356 381/381/381 357/357/357
f 357/357/357 381/381/381 382/382/382
f 357/357/357 382/382/382 358/358/358
f 358/358/358 382/382/382 383/383/383
f 358/358/358 383/383/383 359/359/359
f 359/359/359 383/383/383 384/384/384
f 359/359/359 384/384/384 360/360/360
f 360/360/360 384/384/384 385/385/385
f 360/360/360 385/385/385 361/361/361
f 361/361/361 385/385/385 386/386/386
f 361/361/361 386/386/386 362/362/362
f 362/362/362 386/386/386 387/387/387
f 362/362/362 387/387/387 363/363/363
f 363/363/363 387/387/387 388/388/388
f 363/363/363 388/388/388 364/364/364
f 364/364/364 388/388/388 389/389/389
f 364/364/364 389/389/389 365/365/365
f 365/365/365 389/389/389 390/390/390
f 365/365/365 390/390/390 366/366/366
f 366/366/366 390/390/390 391/391/391
f 366/366/366 391/391/391 367/367/367
f 367/367/367 391/391/391 392/392/392
f 367/367/367 392/392/392 368/368/368
f 368/368/368 392/392/392 393/393/393
f 368/368/368 393/393/393 369/369/369
f 369/369/369 393/393/393 394/394/394
f 369/369/369 394/394/394 370/370/370
f 370/370/370 394/394/394 395/395/395
f 370/370/370 395/395/395 371/371/371
f 371/371/371 395/395/395 396/396/396
f 371/371/371 396/396/396 372/372/372
f 373/373/373 397/397/397 398/398/398
f 373/373/373 398/398/398 374/374/374
f 374/374/374 398/398/398 399/399/399
f 374/374/374 399/399/399 375/375/375
f 375/375/375 399/399/399 400/400/400
f 375/375/375 400/400/400 376/376/376
f 376/376/376 400/400/400 401/401/401
f 376/376/376 401/401/401 377/377/377
f 377/377/377 401/401/401 402/402/402
f 377/377/377 402/402/402 378/378/378
f 378/378/378 402/402/402 403/403/403
f 378/378/378 403/403/403 379/379/379
f 379/379/379 403/403/403 404/404/404
f 379/379/379 404/404/404 380/380/380
f 380/380/380 404/404/404 405/405/405
f 380/380/380 405/405/405 381/381/381
f 381/381/381 405/405/405 406/406/406
f 381/381/381 406/406/406 382/382/382
f 382/382/382 406/406/406 407/407/407
f 382/382/382 407/407/407 383/383/383
f 383/383/383 407/407/407 408/408/408
f 383/383/383 408/408/408 384/384/384
f 384/384/384 408/408/408 409/409/409
f 384/384/384 409/409/409 385/385/385
f 385/385/385 409/409/409 410/410/410
f 385/385/385 410/410/410 386/386/386
f 386/386/386 410/410/410 411/411/411
f 386/386/386 411/411/411 387/387/387
f 387/387/387 411/411/411 412/412/412
f 387/387/387 412/412/412 388/388/388
f 388/388/388 412/412/412 413/413/413
f 388/388/388 413/413/413 389/389/389
f 389/389/389 413/413/413 414/414/414
f 389/389/389 414/414/414 390/390/390
f 390/390/390 414/414/414 415/415/415
f 390/390/390 415/415/415 391/391/391
f 391/391/391 415/415/415 416/416/416
f 391/391/391 416/416/416 392/392/392
f 392/392/392 416/416/416 417/417/417
f 392/392/392 417/417/417 393/393/393
f 393/393/393 417/417/417 418/418/418
f 393/393/393 418/418/418 394/394/394
f 394/394/394 418/418/418 419/419/419
f 394/394/394 419/419/419 395/395/395
f 395/395/395 419/419/419 420/420/420
f 395/395/395 420/420/420 396/396/396
f 397/397/397 421/421/421 422/422/422
f 397/397/397 422/422/422 398/398/398
f 398/398/398 422/422/422 423/423/423
f 398/398/398 423/423/423 399/399/399
f 399/399/399 423/423/423 424/424/424
f 399/399/399 424/424/424 400/400/400
f 400/400/400 424/424/424 425/425/425
f 400/400/400 425/425/425 401/401/401
f 401/401/401 425/425/425 426/426/426
f 401/401/401 426/426/426 402/402/402
f 402/402/402 426/426/426 427/427/427
f 402/402/402 427/427/427 403/403/403
f 403/403/403 427/427/427 428/428/428
f 403/403/403 428/428/428 404/404/404
f 404/404/404 428/428/428 429/429/429
f 404/404/404 429/429/429 405/405/405
f 405/405/405 429/429/429 430/430/430
f 405/405/405 430/430/430 406/406/406
f 406/406/406 430/430/430 431/431/431
f 406/406/406 431/431/431 407/407/407
f 407/407/407 431/431/431 432/432/432
f 407/407/407 432/432/432 408/408/408
f 408/408/408 432/432/432 433/433/433
f 408/408/408 433/433/433 409/409/409
f 409/409/409 433/433/433 434/434/434
f 409/409/409 434/434/434 410/410/410
f 410/410/410 434/434/434 435/435/435
f 410/410/410 435/435/435 411/411/411
f 411/411/411 435/435/435 436/436/436
f 411/411/411 436/436/436 412/412/412
f 412/412/412 436/436/436 437/437/437
f 412/412/412 437/437/437 413/413/413
f 413/413/413 437/437/437 438/438/438
f 413/413/413 438/438/438 414/414/414
f 414/414/414 438/438/438 439/439/439
f 414/414/414 439/439/439 415/415/415
f 415/415/415 439/439/439 440/440/440
f 415/415/415 440/440/440 416/416/416
f 416/416/416 440/440/440 441/441/441
f 416/416/416 441/441/441 417/417/417
f 417/417/417 441/441/441 442/442/442
f 417/417/417 442/442/442 418/418/418
f 418/418/418 442/442/442 443/443/443
f 418/418/418 443/443/443 419/419/419
f 419/419/419 443/443/443 444/444/444
f 419/419/419 444/444/444 420/420/420
f 421/421/421 445/445/445 446/446/446
f 421/421/421 446/446/446 422/422/422
f 422/422/422 446/446/446 447/447/447
f 422/422/422 447/447/447 423/423/423
f 423/423/423 447/447/447 448/448/448
f 423/423/423 448/448/448 424/424/424
f 424/424/424 448/448/448 449/449/449
f 424/424/424 449/449/449 425/425/425
f 425/425/425 449/449/449 450/450/450
f 425/425/425 450/450/450 426/426/426
f 426/426/426 450/450/450 451/451/451
f 426/426/426 451/451/451 427/427/427
f 427/427/427 451/451/451 452/452/452
f 427/427/427 452/452/452 428/428/428
f 428/428/428 452/452/452 453/453/453
f 428/428/428 453/453/453 429/429/429
f 429/429/429 453/453/453 454/454/454
f 429/429/429 454/454/454 430/430/430
f 430/430/430 454/454/454 455/455/455
f 430/430/430 455/455/455 431/431/431
f 431/431/431 455/455/455 456/456/456
f 431/431/431 456/456/456 432/432/432
f 432/432/432 456/456/456 457/457/457
f 432/432/432 457/457/457 433/433/433
f 433/433/433 457/457/457 458/458/458
f 433/433/433 458/458/458 434/434/434
f 434/434/434 458/458/458 459/459/459
f 434/434/434 459/459/459 435/435/435
f 435/435/435 459/459/459 460/460/460
f 435/435/435 460/460/460 436/436/436
f 436/436/436 460/460/460 461/461/461
f 436/436/436 461/461/461 437/437/437
f 437/437/437 461/461/461 462/462/462
f 437/437/437 462/462/462 438/438/438
f 438/438/438 462/462/462 463/463/463
f 438/438/438 463/463/463 439/439/439
f 439/439/439 463/463/463 464/464/464
f 439/439/439 464/464/464 440/440/440
f 440/440/440 464/464/464 465/465/465
f 440/440/440 465/465/465 441/441/441
f 441/441/441 465/465/465 466/466/466
f 441/441/441 466/466/466 442/442/442
f 442/442/442 466/466/466 467/467/467
f 442/442/442 467/467/467 443/443/443
f 443/443/443 467/467/467 468/468/468
f 443/443/443 468/468/468 444/444/444
f 445/445/445 469/469/469 470/470/470
f 445/445/445 470/470/470 446/446/446
f 446/446/446 470/470/470 471/471/471
f 446/446/446 471/471/471 447/447/447
f 447/447/447 471/471/471 472/472/472
f 447/447/447 472/472/472 448/448/448
f 448/448/448 472/472/472 473/473/473
f 448/448/448 473/473/473 449/449/449
f 449/449/449 473/473/473 474/474/474
f 449/449/449 474/474/474 450/450/450
f 450/450/450 474/474/474 475/475/475
f 450/450/450 475/475/475 451/451/451
f 451/451/451 475/475/475 476/476/476
f 451/451/451 476/476/476 452/452/452
f 452/452/452 476/476/476 477/477/477
f 452/452/452 477/477/477 453/453/453
f 453/453/453 477/477/477 478/478/478
f 453/453/453 478/478/478 454/454/454
f 454/454/454 478/478/478 479/479/479
f 454/454/454 479/479/479 455/455/455
f 455/455/455 479/479/479 480/480/480
f 455/455/455 480/480/480 456/456/456
f 456/456/456 480/480/480 481/481/481
f 456/456/456 481/481/481 457/457/457
f 457/457/457 481/481/481 482/482/482
f 457/457/457 482/482/482 458/458/458
f 458/458/458 482/482/482 483/483/483
f 458/458/458 483/483/483 459/459/459
f 459/459/459 483/483/483 484/484/484
f 459/459/459 484/484/484 460/460/460
f 460/460/460 484/484/484 485/485/485
f 460/460/460 485/485/485 461/461/461
f 461/461/461 485/485/485 486/486/486
f 461/461/461 486/486/486 462/462/462
f 462/462/462 486/486/486 487/487/487
f 462/462/462 487/487/487 463/463/463
f 463/463/463 487/487/487 488/488/488
f 463/463/463 488/488/488 464/464/464
f 464/464/464 488/488/488 489/489/489
f 464/464/464 489/489/489 465/465/465
f 465/465/465 489/489/489 490/490/490
f 465/465/465 490/490/490 466/466/466
f 466/466/466 490/490/490 491/491/491
f 466/466/466 491/491/491 467/467/467
f 467/467/467 491/491/491 492/492/492
f 467/467/467 492/492/492 468/468/468
f 493/493/493 494/494/494 504/504/504
f 493/493/493 504/504/504 503/503/503
f 494/494/494 495/495/495 505/505/505
f 494/494/494 505/505/505 504/504/504
f 495/495/495 496/496/496 506/506/506
f 495/495/495 506/506/506 505/505/505
f 496/496/496 497/497/497 507/507/507
f 496/496/496 507/507/507 506/506/506
f 498/498/498 499/499/499 511/511/511
f 498/498/498 511/511/511 510/510/510
f 499/499/499 500/500/500 512/512/512
f 499/499/499 512/512/512 511/511/511
f 500/500/500 501/501/501 513/513/513
f 500/500/500 513/513/513 512/512/512
f 501/501/501 502/502/502 514/514/514
f 501/501/501 514/514/514 513/513/513
f 503/503/503 504/504/504 516/516/516
f 503/503/503 516/516/516 515/515/515
f 504/504/504 505/505/505 517/517/517
f 504/504/504 517/517/517 516/516/516
f 505/505/505 506/506/506 518/518/518
f 505/505/505 518/518/518 517/517/517
f 506/506/506 507/507/507 519/519/519
f 506/506/506 519/519/519 518/518/518
f 507/507/507 508/508/508 520/520/520
f 507/507/507 520/520/520 519/519/519
f 509/509/509 510/510/510 524/524/524
f 509/509/509 524/524/524 523/523/523
f 510/510/510 511/511/511 525/525/525
f 510/510/510 525/525/525 524/524/524
f 511/511/511 512/512/512 526/526/526
f 511/511/511 526/526/526 525/525/525
f 512/512/512 513/513/513 527/527/527
f 512/512/512 527/527/527 526/526/526
f 513/513/513 514/514/514 528/528/528
f 513/513/513 528/528/528 527/527/527
f 515/515/515 516/516/516 530/530/530
f 515/515/515 530/530/530 529/529/529
f 516/516/516 517/517/517 531/531/531
f 516/516/516 531/531/531 530/530/530
f 517/517/517 518/518/518 532/532/532
f 517/517/517 532/532/532 531/531/531
f 518/518/518 519/519/519 533/533/533
f 518/518/518 533/533/533 532/532/532
f 519/519/519 520/520/520 534/534/534
f 519/519/519 534/534/534 533/533/533
f 520/520/520 521/521/521 535/535/535
f 520/520/520 535/535/535 534/534/534
f 522/522/522 523/523/523 547/547/547
f 522/522/522 547/547/547 546/546/546
f 523/523/523 524/524/524 548/548/548
f 523/523/523 548/548/548 547/547/547
f 524/524/524 525/525/525 549/549/549
f 524/524/524 549/549/549 548/548/548
f 525/525/525 526/526/526 550/550/550
f 525/525/525 550/550/550 549/549/549
f 526/526/526 527/527/527 551/551/551
f 526/526/526 551/551/551 550/550/550
f 527/527/527 528/528/528 552/552/552
f 527/527/527 552/552/552 551/551/551
f 529/529/529 530/530/530 554/554/554
f 529/529/529 554/554/554 553/553/553
f 530/530/530 531/531/531 555/555/555
f 530/530/530 555/555/555 554/554/554
f 531/531/531 532/532/532 556/556/556
f 531/531/531 556/556/556 555/555/555
f 532/532/532 533/533/533 557/557/557
f 532/532/532 557/557/557 556/556/556
f 533/533/533 534/534/534 558/558/558
f 533/533/533 558/558/558 557/557/557
f 534/534/534 535/535/535 559/559/559
f 534/534/534 559/559/559 558/558/558
f 535/535/535 536/536/536 560/560/560
f 535/535/535 560/560/560 559/559/559
f 536/536/536 537/537/537 561/561/561
f 536/536/536 561/561/561 560/560/560
f 537/537/537 538/538/538 562/562/562
f 537/537/537 562/562/562 561/561/561
f 538/538/538 539/539/539 563/563/563
f 538/538/538 563/563/563 562/562/562
f 539/539/539 540/540/540 564/564/564
f 539/539/539 564/564/564 563/563/563
f 540/540/540 541/541/541 565/565/565
f 540/540/540 565/565/565 564/564/564
f 541/541/541 542/542/542 566/566/566
f 541/541/541 566/566/566 565/565/565
f 542/542/542 543/543/543 567/567/567
f 542/542/542 567/567/567 566/566/566
f 543/543/543 544/544/544 568/568/568
f 543/543/543 568/568/568 567/567/567
f 544/544/544 545/545/545 569/569/569
f 544/544/544 569/569/569 568/568/568
f 545/545/545 546/546/546 570/570/570
f 545/545/545 570/570/570 569/569/569
f 546/546/546 547/547/547 571/571/571
f 546/546/546 571/571/571 570/570/570
f 547/547/547 548/548/548 572/572/572
f 547/547/547 572/572/572 571/571/571
f 548/548/548 549/549/549 573/573/573
f 548/548/548 573/573/573 572/572/572
f 549/549/549 550/550/550 574/574/574
f 549/549/549 574/574/574 573/573/573
f 550/550/550 551/551/551 575/575/575
f 550/550/550 575/575/575 574/574/574
f 551/551/551 552/552/552 576/576/576
f 551/551/551 576/576/576 575/575/575
f 553/553/553 554/554/554 578/578/578
f 553/553/553 578/578/578 577/577/577
f 554/554/554 555/555/555 579/579/579
f 554/554/554 579/579/579 578/578/578
f 555/555/555 556/556/556 580/580/580
f 555/555/555 580/580/580 579/579/579
f 556/556/556 557/557/557 581/581/581
f 556/556/556 581/581/581 580/580/580
f 557/557/557 558/558/558 582/582/582
f 557/557/557 582/582/582 581/581/581
f 558/558/558 559/559/559 583/583/583
f 558/558/558 583/583/583 582/582/582
f 559/559/559 560/560/560 584/584/584
f 559/559/559 584/584/584 583/583/583
f 560/560/560 561/561/561 585/585/585
f 560/560/560 585/585/585 584/584/584
f 561/561/561 562/562/562 586/586/586
f 561/561/561 586/586/586 585/585/585
f 562/562/562 563/563/563 587/587/587
f 562/562/562 587/587/587 586/586/586
f 563/563/563 564/564/564 588/588/588
f 563/563/563 588/588/588 587/587/587
f 564/564/564 565/565/565 589/589/589
f 564/564/564 589/589/589 588/588/588
f 565/565/565 566/566/566 590/590/590
f 565/565/565 590/590/590 589/589/589
f 566/566/566 567/567/567 591/591/591
f 566/566/566 591/591/591 590/590/590
f 567/567/567 568/568/568 592/592/592
f 567/567/567 592/592/592 591/591/591
f 568/568/568 569/569/569 593/593/593
f 568/568/568 593/593/593 592/592/592
f 569/569/569 570/570/570 594/594/594
f 569/569/569 594/594/594 593/593/593
f 570/570/570 571/571/571 595/595/595
f 570/570/570 595/595/595 594/594/594
f 571/571/571 572/572/572 596/596/596
f 571/571/571 596/596/596 595/595/595
f 572/572/572 573/573/573 597/597/597
f 572/572/572 597/597/597 596/596/596
f 573/573/573 574/574/574 598/598/598
f 573/573/573 598/598/598 597/597/597
f 574/574/574 575/575/575 599/599/599
f 574/574/574 599/599/599 598/598/598
f 575/575/575 576/576/576 600/600/600
f 575/575/575 600/600/600 599/599/599
f 577/577/577 578/578/578 602/602/602
f 577/577/577 602/602/602 601/601/601
f 578/578/578 579/579/579 603/603/603
f 578/578/578 603/603/603 602/602/602
f 579/579/579 580/580/580 604/604/604
f 579/579/579 604/604/604 603/603/603
f 580/580/580 581/581/581 605/605/605
f 580/580/580 605/605/605 604/604/604
f 581/581/581 582/582/582 606/606/606
f 581/581/581 606/606/606 605/605/605
f 582/582/582 583/583/583 607/607/607
f 582/582/582 607/607/607 606/606/606
f 583/583/583 584/584/584 608/608/608
f 583/583/583 608/608/608 607/607/607
f 584/584/584 585/585/585 609/609/609
f 584/584/584 609/609/609 608/608/608
f 585/585/585 586/586/586 610/610/610
f 585/585/585 610/610/610 609/609/609
f 586/586/586 587/587/587 611/611/611
f 586/586/586 611/611/611 610/610/610
f 587/587/587 588/588/588 612/612/612
f 587/587/587 612/612/612 611/611/611
f 588/588/588 589/589/589 613/613/613
f 588/588/588 613/613/613 612/612/612
f 589/589/589 590/590/590 614/614/614
f 589/589/589 614/614/614 613/613/613
f 590/590/590 591/591/591 615/615/615
f 590/590/590 615/615/615 614/614/614
f 591/591/591 592/592/592 616/616/616
f 591/591/591 616/616/616 615/615/615
f 592/592/592 593/593/593 617/617/617
f 592/592/592 617/617/617 616/616/616
f 593/593/593 594/594/594 618/618/618
f 593/593/593 618/618/618 617/617/617
f 594/594/594 595/595/595 619/619/619
f 594/594/594 619/619/619 618/618/618
f 595/595/595 596/596/596 620/620/620
f 595/595/595 620/620/620 619/619/619
f 596/596/596 597/597/597 621/621/621
f 596/596/596 621/621/621 620/620/620
f 597/597/597 598/598/598 622/622/622
f 597/597/597 622/622/622 621/621/621
f 598/598/598 599/599/599 623/623/623
f 598/598/598 623/623/623 622/622/622
f 599/599/599 600/600/600 624/624/624
f 599/599/599 624/624/624 623/623/623
f 601/601/601 602/602/602 626/626/626
f 601/601/601 626/626/626 625/625/625
f 602/602/602 603/603/603 627/627/627
f 602/602/602 627/627/627 626/626/626
f 603/603/603 604/604/604 628/628/628
f 603/603/603 628/628/628 627/627/627
f 604/604/604 605/605/605 629/629/629
f 604/604/604 629/629/629 628/628/628
f 605/605/605 606/606/606 630/630/630
f 605/605/605 630/630/630 629/629/629
f 606/606/606 607/607/607 631/631/631
f 606/606/606 631/631/631 630/630/630
f 607/607/607 608/608/608 632/632/632
f 607/607/607 632/632/632 631/631/631
f 608/608/608 609/609/609 633/633/633
f 608/608/608 633/633/633 632/632/632
f 609/609/609 610/610/610 634/634/634
f 609/609/609 634/634/634 633/633/633
f 610/610/610 611/611/611 635/635/635
f 610/610/610 635/635/635 634/634/634
f 611/611/611 612/612/612 636/636/636
f 611/611/611 636/636/636 635/635/635
f 612/612/612 613/613/613 637/637/637
f 612/612/612 637/637/637 636/636/636
f 613/613/613 614/614/614 638/638/638
f 613/613/613 638/638/638 637/637/637
f 614/614/614 615/615/615 639/639/639
f 614/614/614 639/639/639 638/638/638
f 615/615/615 616/616/616 640/640/640
f 615/615/615 640/640/640 639/639/639
f 616/616/616 617/617/617 641/641/641
f 616/616/616 641/641/641 640/640/640
f 617/617/617 618/618/618 642/642/642
f 617/617/617 642/642/642 641/641/641
f 618/618/618 619/619/619 643/643/643
f 618/618/618 643/643/643 642/642/642
f 619/619/619 620/620/620 644/644/644
f 619/619/619 644/644/644 643/643/643
f 620/620/620 621/621/621 645/645/645
f 620/620/620 645/645/645 644/644/644
f 621/621/621 622/622/622 646/646/646
f 621/621/621 646/646/646 645/645/645
f 622/622/622 623/623/623 647/647/647
f 622/622/622 647/647/647 646/646/646
f 623/623/623 624/624/624 648/648/648
f 623/623/623 648/648/648 647/647/647
f 625/625/625 626/626/626 650/650/650
f 625/625/625 650/650/650 649/649/649
f 626/626/626 627/627/627 651/651/651
f 626/626/626 651/651/651 650/650/650
f 627/627/627 628/628/628 652/652/652
f 627/627/627 652/652/652 651/651/651
f 628/628/628 629/629/629 653/653/653
f 628/628/628 653/653/653 652/652/652
f 629/629/629 630/630/630 654/654/654
f 629/629/629 654/654/654 653/653/653
f 630/630/630 631/631/631 655/655/655
f 630/630/630 655/655/655 654/654/654
f 631/631/631 632/632/632 656/656/656
f 631/631/631 656/656/656 655/655/655
f 632/632/632 633/633/633 657/657/657
f 632/632/632 657/657/657 656/656/656
f 633/633/633 634/634/634 658/658/658
f 633/633/633 658/658/658 657/657/657
f 634/634/634 635/635/635 659/659/659
f 634/634/634 659/659/659 658/658/658
f 635/635/635 636/636/636 660/660/660
f 635/635/635 660/660/660 659/659/659
f 636/636/636 637/637/637 661/661/661
f 636/636/636 661/661/661 660/660/660
f 637/637/637 638/638/638 662/662/662
f 637/637/637 662/662/662 661/661/661
f 638/638/638 639/639/639 663/663/663
f 638/638/638 663/663/663 662/662/662
f 639/639/639 640/640/640 664/664/664
f 639/639/639 664/664/664 663/663/663
f 640/640/640 641/641/641 665/665/665
f 640/640/640 665/665/665 664/664/664
f 641/641/641 642/642/642 666/666/666
f 641/641/641 666/666/666 665/665/665
f 642/642/642 643/643/643 667/667/667
f 642/642/642 667/667/667 666/666/666
f 643/643/643 644/644/644 668/668/668
f 643/643/643 668/668/668 667/667/667
f 644/644/644 645/645/645 669/669/669
f 644/644/644 669/669/669 668/668/668
f 645/645/645 646/646/646 670/670/670
f 645/645/645 670/670/670 669/669/669
f 646/646/646 647/647/647 671/671/671
f 646/646/646 671/671/671 670/670/670
f 647/647/647 648/648/648 672/672/672
f 647/647/647 672/672/672 671/671/671
f 649/649/649 650/650/650 674/674/674
f 649/649/649 674/674/674 673/673/673
f 650/650/650 651/651/651 675/675/675
f 650/650/650 675/675/675 674/674/674
f 651/651/651 652/652/652 676/676/676
f 651/651/651 676/676/676 675/675/675
f 652/652/652 653/653/653 677/677/677
f 652/652/652 677/677/677 676/676/676
f 653/653/653 654/654/654 678/678/678
f 653/653/653 678/678/678 677/677/677
f 654/654/654 655/655/655 679/679/679
f 654/654/654 679/679/679 678/678/678
f 655/655/655 656/656/656 680/680/680
f 655/655/655 680/680/680 679/679/679
f 656/656/656 657/657/657 681/681/681
f 656/656/656 681/681/681 680/680/680
f 657/657/657 658/658/658 682/682/682
f 657/657/657 682/682/682 681/681/681
f 658/658/658 659/659/659 683/683/683
f 658/658/658 683/683/683 682/682/682
f 659/659/659 660/660/660 684/684/684
f 659/659/659 684/684/684 683/683/683
f 660/660/660 661/661/661 685/685/685
f 660/660/660 685/685/685 684/684/684
f 661/661/661 662/662/662 686/686/686
f 661/661/661 686/686/686 685/685/685
f 662/662/662 663/663/663 687/687/687
f 662/662/662 687/687/687 686/686/686
f 663/663/663 664/664/664 688/688/688
f 663/663/663 688/688/688 687/687/687
f 664/664/664 665/665/665 689/689/689
f 664/664/664 689/689/689 688/688/688
f 665/665/665 666/666/666 690/690/690
f 665/665/665 690/690/690 689/689/689
f 666/666/666 667/667/667 691/691/691
f 666/666/666 691/691/691 690/690/690
f 667/667/667 668/668/668 692/692/692
f 667/667/667 692/692/692 691/691/691
f 668/668/668 669/669/669 693/693/693
f 668/668/668 693/693/693 692/692/692
f 669/669/669 670/670/670 694/694/694
f 669/669/669 694/694/694 693/693/693
f 670/670/670 671/671/671 695/695/695
f 670/670/670 695/695/695 694/694/694
f 671/671/671 672/672/672 696/696/696
f 671/671/671 696/696/696 695/695/695
f 673/673/673 674/674/674 698/698/698
f 673/673/673 698/698/698 697/697/697
f 674/674/674 675/675/675 699/699/699
f 674/674/674 699/699/699 698/698/698
f 675/675/675 676/676/676 700/700/700
f 675/675/675 700/700/700 699/699/699
f 676/676/676 677/677/677 701/701/701
f 676/676/676 701/701/701 700/700/700
f 677/677/677 678/678/678 702/702/702
f 677/677/677 702/702/702 701/701/701
f 678/678/678 679/679/679 703/703/703
f 678/678/678 703/703/703 702/702/702
f 679/679/679 680/680/680 704/704/704
f 679/679/679 704/704/704 703/703/703
f 680/680/680 681/681/681 705/705/705
f 680/680/680 705/705/705 704/704/704
f 681/681/681 682/682/682 706/706/706
f 681/681/681 706/706/706 705/705/705
f 682/682/682 683/683/683 707/707/707
f 682/682/682 707/707/707 706/706/706
f 683/683/683 684/684/684 708/708/708
f 683/683/683 708/708/708 707/707/707
f 684/684/684 685/685/685 709/709/709
f 684/684/684 709/709/709 708/708/708
f 685/685/685 686/686/686 710/710/710
f 685/685/685 710/710/710 709/709/709
f 686/686/686 687/687/687 711/711/711
f 686/686/686 711/711/711 710/710/710
f 687/687/687 688/688/688 712/712/712
f 687/687/687 712/712/712 711/711/711
f 688/688/688 689/689/689 713/713/713
f 688/688/688 713/713/713 712/712/712
f 689/689/689 690/690/690 714/714/714
f 689/689/689 714/714/714 713/713/713
f 690/690/690 691/691/691 715/715/715
f 690/690/690 715/715/715 714/714/714
f 691/691/691 692/692/692 716/716/716
f 691/691/691 716/716/716 715/715/715
f 692/692/692 693/693/693 717/717/717
f 692/692/692 717/717/717 716/716/716
f 693/693/693 694/694/694 718/718/718
f 693/693/693 718/718/718 717/717/717
f 694/694/694 695/695/695 719/719/719
f 694/694/694 719/719/719 718/718/718
f 695/695/695 696/696/696 720/720/720
f 695/695/695 720/720/720 719/719/719
f 697/697/697 698/698/698 722/722/722
f 697/697/697 722/722/722 721/721/721
f 698/698/698 699/699/699 723/723/723
f 698/698/698 723/723/723 722/722/722
f 699/699/699 700/700/700 724/724/724
f 699/699/699 724/724/724 723/723/723
f 700/700/700 701/701/701 725/725/725
f 700/700/700 725/725/725 724/724/724
f 701/701/701 702/702/702 726/726/726
f 701/701/701 726/726/726 725/725/725
f 702/702/702 703/703/703 727/727/727
f 702/702/702 727/727/727 726/726/726
f 703/703/703 704/704/704 728/728/728
f 703/703/703 728/728/728 727/727/727
f 704/704/704 705/705/705 729/729/729
f 704/704/704 729/729/729 728/728/728
f 705/705/705 706/706/706 730/730/730
f 705/705/705 730/730/730 729/729/729
f 706/706/706 707/707/707 731/731/731
f 706/706/706 731/731/731 730/730/730
f 707/707/707 708/708/708 732/732/732
f 707/707/707 732/732/732 731/731/731
f 708/708/708 709/709/709 733/733/733
f 708/708/708 733/733/733 732/732/732
f 709/709/709 710/710/710 734/734/734
f 709/709/709 734/734/734 733/733/733
f 710/710/710 711/711/711 735/735/735
f 710/710/710 735/735/735 734/734/734
f 711/711/711 712/712/712 736/736/736
f 711/711/711 736/736/736 735/735/735
f 712/712/712 713/713/713 737/737/737
f 712/712/712 737/737/737 736/736/736
f 713/713/713 714/714/714 738/738/738
f 713/713/713 738/738/738 737/737/737
f 714/714/714 715/715/715 739/739/739
f 714/714/714 739/739/739 738/738/738
f 715/715/715 716/716/716 740/740/740
f 715/715/715 740/740/740 739/739/739
f 716/716/716 717/717/717 741/741/741
f 716/716/716 741/741/741 740/740/740
f 717/717/717 718/718/718 742/742/742
f 717/717/717 742/742/742 741/741/741
f 718/718/718 719/719/719 743/743/743
f 718/718/718 743/743/743 742/742/742
f 719/719/719 720/720/720 744/744/744
f 719/719/719 744/744/744 743/743/743
f 721/721/721 722/722/722 746/746/746
f 721/721/721 746/746/746 745/745/745
f 722/722/722 723/723/723 747/747/747
f 722/722/722 747/747/747 746/746/746
f 723/723/723 724/724/724 748/748/748
f 723/723/723 748/748/748 747/747/747
f 724/724/724 725/725/725 749/749/749
f 724/724/724 749/749/749 748/748/748
f 725/725/725 726/726/726 750/750/750
f 725/725/725 750/750/750 749/749/749
f 726/726/726 727/727/727 751/751/751
f 726/726/726 751/751/751 750/750/750
f 727/727/727 728/728/728 752/752/752
f 727/727/727 752/752/752 751/751/751
f 728/728/728 729/729/729 753/753/753
f 728/728/728 753/753/753 752/752/752
f 729/729/729 730/730/730 754/754/754
f 729/729/729 754/754/754 753/753/753
f 730/730/730 731/731/731 755/755/755
f 730/730/730 755/755/755 754/754/754
f 731/731/731 732/732/732 756/756/756
f 731/731/731 756/756/756 755/755/755
f 732/732/732 733/733/733 757/757/757
f 732/732/732 757/757/757 756/756/756
f 733/733/733 734/734/734 758/758/758
f 733/733/733 758/758/758 757/757/757
f 734/734/734 735/735/735 759/759/759
f 734/734/734 759/759/759 758/758/758
f 735/735/735 736/736/736 760/760/760
f 735/735/735 760/760/760 759/759/759
f 736/736/736 737/737/737 761/761/761
f 736/736/736 761/761/761 760/760/760
f 737/737/737 738/738/738 762/762/762
f 737/737/737 762/762/762 761/761/761
f 738/738/738 739/739/739 763/763/763
f 738/738/738 763/763/763 762/762/762
f 739/739/739 740/740/740 764/764/764
f 739/739/739 764/764/764 763/763/763
f 740/740/740 741/741/741 765/765/765
f 740/740/740 765/765/765 764/764/764
f 741/741/741 742/742/742 766/766/766
f 741/741/741 766/766/766 765/765/765
f 742/742/742 743/743/743 767/767/767
f 742/742/742 767/767/767 766/766/766
f 743/743/743 744/744/744 768/768/768
f 743/743/743 768/768/768 767/767/767
f 745/745/745 746/746/746 770/770/770
f 745/745/745 770/770/770 769/769/769
f 746/746/746 747/747/747 771/771/771
f 746/746/746 771/771/771 770/770/770
f 747/747/747 748/748/748 772/772/772
f 747/747/747 772/772/772 771/771/771
f 748/748/748 749/749/749 773/773/773
f 748/748/748 773/773/773 772/772/772
f 749/749/749 750/750/750 774/774/774
f 749/749/749 774/774/774 773/773/773
f 750/750/750 751/751/751 775/775/775
f 750/750/750 775/775/775 774/774/774
f 751/751/751 752/752/752 776/776/776
f 751/751/751 776/776/776 775/775/775
f 752/752/752 753/753/753 777/777/777
f 752/752/752 777/777/777 776/776/776
f 753/753/753 754/754/754 778/778/778
f 753/753/753 778/778/778 777/777/777
f 754/754/754 755/755/755 779/779/779
f 754/754/754 779/779/779 778/778/778
f 755/755/755 756/756/756 780/780/780
f 755/755/755 780/780/780 779/779/779
f 756/756/756 757/757/757 781/781/781
f 756/756/756 781/781/781 780/780/780
f 757/757/757 758/758/758 782/782/782
f 757/757/757 782/782/782 781/781/781
f 758/758/758 759/759/759 783/783/783
f 758/758/758 783/783/783 782/782/782
f 759/759/759 760/760/760 784/784/784
f 759/759/759 784/784/784 783/783/783
f 760/760/760 761/761/761 785/785/785
f 760/760/760 785/785/785 784/784/784
f 761/761/761 762/762/762 786/786/786
f 761/761/761 786/786/786 785/785/785
f 762/762/762 763/763/763 787/787/787
f 762/762/762 787/787/787 786/786/786
f 763/763/763 764/764/764 788/788/788
f 763/763/763 788/788/788 787/787/787
f 764/764/764 765/765/765 789/789/789
f 764/764/764 789/789/789 788/788/788
f 765/765/765 766/766/766 790/790/790
f 765/765/765 790/790/790 789/789/789
f 766/766/766 767/767/767 791/791/791
f 766/766/766 791/791/791 790/790/790
f 767/767/767 768/768/768 792/792/792
f 767/767/767 792/792/792 791/791/791
f 769/769/769 770/770/770 794/794/794
f 769/769/769 794/794/794 793/793/793
f 770/770/770 771/771/771 795/795/795
f 770/770/770 795/795/795 794/794/794
f 771/771/771 772/772/772 796/796/796
f 771/771/771 796/796/796 795/795/795
f 772/772/772 773/773/773 797/797/797
f 772/772/772 797/797/797 796/796/796
f 773/773/773 774/774/774 798/798/798
f 773/773/773 798/798/798 797/797/797
f 774/774/774 775/775/775 799/799/799
f 774/774/774 799/799/799 798/798/798
f 775/775/775 776/776/776 800/800/800
f 775/775/775 800/800/800 799/799/799
f 776/776/776 777/777/777 801/801/801
f 776/776/776 801/801/801 800/800/800
f 777/777/777 778/778/778 802/802/802
f 777/777/777 802/802/802 801/801/801
f 778/778/778 779/779/779 803/803/803
f 778/778/778 803/803/803 802/802/802
f 779/779/779 780/780/780 804/804/804
f 779/779/779 804/804/804 803/803/803
f 780/780/780 781/781/781 805/805/805
f 780/780/780 805/805/805 804/804/804
f 781/781/781 782/782/782 806/806/806
f 781/781/781 806/806/806 805/805/805
f 782/782/782 783/783/783 807/807/807
f 782/782/782 807/807/807 806/806/806
f 783/783/783 784/784/784 808/808/808
f 783/783/783 808/808/808 807/807/807
f 784/784/784 785/785/785 809/809/809
f 784/784/784 809/809/809 808/808/808
f 785/785/785 786/786/786 810/810/810
f 785/785/785 810/810/810 809/809/809
f 786/786/786 787/787/787 811/811/811
f 786/786/786 811/811/811 810/810/810
f 787/787/787 788/788/788 812/812/812
f 787/787/787 812/812/812 811/811/811
f 788/788/788 789/789/789 813/813/813
f 788/788/788 813/813/813 812/812/812
f 789/789/789 790/790/790 814/814/814
f 789/789/789 814/814/814 813/813/813
f 790/790/790 791/791/791 815/815/815
f 790/790/790 815/815/815 814/814/814
f 791/791/791 792/792/792 816/816/816
f 791/791/791 816/816/816 815/815/815
f 793/793/793 794/794/794 818/818/818
f 793/793/793 818/818/818 817/817/817
f 794/794/794 795/795/795 819/819/819
f 794/794/794 819/819/819 818/818/818
f 795/795/795 796/796/796 820/820/820
f 795/795/795 820/820/820 819/819/819
f 796/796/796 797/797/797 821/821/821
f 796/796/796 821/821/821 820/820/820
f 797/797/797 798/798/798 822/822/822
f 797/797/797 822/822/822 821/821/821
f 798/798/798 799/799/799 823/823/823
f 798/798/798 823/823/823 822/822/822
f 799/799/799 800/800/800 824/824/824
f 799/799/799 824/824/824 823/823/823
f 800/800/800 801/801/801 825/825/825
f 800/800/800 825/825/825 824/824/824
f 801/801/801 802/802/802 826/826/826
f 801/801/801 826/826/826 825/825/825
f 802/802/802 803/803/803 827/827/827
f 802/802/802 827/827/827 826/826/826
f 803/803/803 804/804/804 828/828/828
f 803/803/803 828/828/828 827/827/827
f 804/804/804 805/805/805 829/829/829
f 804/804/804 829/829/829 828/828/828
f 805/805/805 806/806/806 830/830/830
f 805/805/805 830/830/830 829/829/829
f 806/806/806 807/807/807 831/831/831
f 806/806/806 831/831/831 830/830/830
f 807/807/807 808/808/808 832/832/832
f 807/807/807 832/832/832 831/831/831
f 808/808/808 809/809/809 833/833/833
f 808/808/808 833/833/833 832/832/832
f 809/809/809 810/810/810 834/834/834
f 809/809/809 834/834/834 833/833/833
f 810/810/810 811/811/811 835/835/835
f 810/810/810 835/835/835 834/834/834
f 811/811/811 812/812/812 836/836/836
f 811/811/811 836/836/836 835/835/835
f 812/812/812 813/813/813 837/837/837
f 812/812/812 837/837/837 836/836/836
f 813/813/813 814/814/814 838/838/838
f 813/813/813 838/838/838 837/837/837
f 814/814/814 815/815/815 839/839/839
f 814/814/814 839/839/839 838/838/838
f 815/815/815 816/816/816 840/840/840
f 815/815/815 840/840/840 839/839/839
f 817/817/817 818/818/818 842/842/842
f 817/817/817 842/842/842 841/841/841
f 818/818/818 819/819/819 843/843/843
f 818/818/818 843/843/843 842/842/842
f 819/819/819 820/820/820 844/844/844
f 819/819/819 844/844/844 843/843/843
f 820/820/820 821/821/821 845/845/845
f 820/820/820 845/845/845 844/844/844
f 821/821/821 822/822/822 846/846/846
f 821/821/821 846/846/846 845/845/845
f 822/822/822 823/823/823 847/847/847
f 822/822/822 847/847/847 846/846/846
f 823/823/823 824/824/824 848/848/848
f 823/823/823 848/848/848 847/847/847
f 824/824/824 825/825/825 849/849/849
f 824/824/824 849/849/849 848/848/848
f 825/825/825 826/826/826 850/850/850
f 825/825/825 850/850/850 849/849/849
f 826/826/826 827/827/827 851/851/851
f 826/826/826 851/851/851 850/850/850
f 827/827/827 828/828/828 852/852/852
f 827/827/827 852/852/852 851/851/851
f 828/828/828 829/829/829 853/853/853
f 828/828/828 853/853/853 852/852/852
f 829/829/829 830/830/830 854/854/854
f 829/829/829 854/854/854 853/853/853
f 830/830/830 831/831/831 855/855/855
f 830/830/830 855/855/855 854/854/854
f 831/831/831 832/832/832 856/856/856
f 831/831/831 856/856/856 855/855/855
f 832/832/832 833/833/833 857/857/857
f 832/832/832 857/857/857 856/856/856
f 833/833/833 834/834/834 858/858/858
f 833/833/833 858/858/858 857/857/857
f 834/834/834 835/835/835 859/859/859
f 834/834/834 859/859/859 858/858/858
f 835/835/835 836/836/836 860/860/860
f 835/835/835 860/860/860 859/859/859
f 836/836/836 837/837/837 861/861/861
f 836/836/836 861/861/861 860/860/860
f 837/837/837 838/838/838 862/862/862
f 837/837/837 862/862/862 861/861/861
f 838/838/838 839/839/839 863/863/863
f 838/838/838 863/863/863 862/862/862
f 839/839/839 840/840/840 864/864/864
f 839/839/839 864/864/864 863/863/863
f 841/841/841 842/842/842 866/866/866
f 841/841/841 866/866/866 865/865/865
f 842/842/842 843/843/843 867/867/867
f 842/842/842 867/867/867 866/866/866
f 843/843/843 844/844/844 868/868/868
f 843/843/843 868/868/868 867/867/867
f 844/844/844 845/845/845 869/869/869
f 844/844/844 869/869/869 868/868/868
f 845/845/845 846/846/846 870/870/870
f 845/845/845 870/870/870 869/869/869
f 846/846/846 847/847/847 871/871/871
f 846/846/846 871/871/871 870/870/870
f 847/847/847 848/848/848 872/872/872
f 847/847/847 872/872/872 871/871/871
f 848/848/848 849/849/849 873/873/873
f 848/848/848 873/873/873 872/872/872
f 849/849/849 850/850/850 874/874/874
f 849/849/849 874/874/874 873/873/873
f 850/850/850 851/851/851 875/875/875
f 850/850/850 875/875/875 874/874/874
f 851/851/851 852/852/852 876/876/876
f 851/851/851 876/876/876 875/875/875
f 852/852/852 853/853/853 877/877/877
f 852/852/852 877/877/877 876/876/876
f 853/853/853 854/854/854 878/878/878
f 853/853/853 878/878/878 877/877/877
f 854/854/854 855/855/855 879/879/879
f 854/854/854 879/879/879 878/878/878
f 855/855/855 856/856/856 880/880/880
f 855/855/855 880/880/880 879/879/879
f 856/856/856 857/857/857 881/881/881
f 856/856/856 881/881/881 880/880/880
f 857/857/857 858/858/858 882/882/882
f 857/857/857 882/882/882 881/881/881
f 858/858/858 859/859/859 883/883/883
f 858/858/858 883/883/883 882/882/882
f 859/859/859 860/860/860 884/884/884
f 859/859/859 884/884/884 883/883/883
f 860/860/860 861/861/861 885/885/885
f 860/860/860 885/885/885 884/884/884
f 861/861/861 862/862/862 886/886/886
f 861/861/861 886/886/886 885/885/885
f 862/862/862 863/863/863 887/887/887
f 862/862/862 887/887/887 886/886/886
f 863/863/863 864/864/864 888/888/888
f 863/863/863 888/888/888 887/887/887
f 865/865/865 866/866/866 890/890/890
f 865/865/865 890/890/890 889/889/889
f 866/866/866 867/867/867 891/891/891
f 866/866/866 891/891/891 890/890/890
f 867/867/867 868/868/868 892/892/892
f 867/867/867 892/892/892 891/891/891
f 868/868/868 869/869/869 893/893/893
f 868/868/868 893/893/893 892/892/892
f 869/869/869 870/870/870 894/894/894
f 869/869/869 894/894/894 893/893/893
f 870/870/870 871/871/871 895/895/895
f 870/870/870 895/895/895 894/894/894
f 871/871/871 872/872/872 896/896/896
f 871/871/871 896/896/896 895/895/895
f 872/872/872 873/873/873 897/897/897
f 872/872/872 897/897/897 896/896/896
f 873/873/873 874/874/874 898/898/898
f 873/873/873 898/898/898 897/897/897
f 874/874/874 875/875/875 899/899/899
f 874/874/874 899/899/899 898/898/898
f 875/875/875 876/876/876 900/900/900
f 875/875/875 900/900/900 899/899/899
f 876/876/876 877/877/877 901/901/901
f 876/876/876 901/901/901 900/900/900
f 877/877/877 878/878/878 902/902/902
f 877/877/877 902/902/902 901/901/901
f 878/878/878 879/879/879 903/903/903
f 878/878/878 903/903/903 902/902/902
f 879/879/879 880/880/880 904/904/904
f 879/879/879 904/904/904 903/903/903
f 880/880/880 881/881/881 905/905/905
f 880/880/880 905/905/905 904/904/904
f 881/881/881 882/882/882 906/906/906
f 881/881/881 906/906/906 905/905/905
f 882/882/882 883/883/883 907/907/907
f 882/882/882 907/907/907 906/906/906
f 883/883/883 884/884/884 908/908/908
f 883/883/883 908/908/908 907/907/907
f 884/884/884 885/885/885 909/909/909
f 884/884/884 909/909/909 908/908/908
f 885/885/885 886/886/886 910/910/910
f 885/885/885 910/910/910 909/909/909
f 886/886/886 887/887/887 911/911/911
f 886/886/886 911/911/911 910/910/910
f 887/887/887 888/888/888 912/912/912
f 887/887/887 912/912/912 911/911/911
f 889/889/889 890/890/890 914/914/914
f 889/889/889 914/914/914 913/913/913
f 890/890/890 891/891/891 915/915/915
f 890/890/890 915/915/915 914/914/914
f 891/891/891 892/892/892 916/916/916
f 891/891/891 916/916/916 915/915/915
f 892/892/892 893/893/893 917/917/917
f 892/892/892 917/917/917 916/916/916
f 893/893/893 894/894/894 918/918/918
f 893/893/893 918/918/918 917/917/917
f 894/894/894 895/895/895 919/919/919
f 894/894/894 919/919/919 918/918/918
f 895/895/895 896/896/896 920/920/920
f 895/895/895 920/920/920 919/919/919
f 896/896/896 897/897/897 921/921/921
f 896/896/896 921/921/921 920/920/920
f 897/897/897 898/898/898 922/922/922
f 897/897/897 922/922/922 921/921/921
f 898/898/898 899/899/899 923/923/923
f 898/898/898 923/923/923 922/922/922
f 899/899/899 900/900/900 924/924/924
f 899/899/899 924/924/924 923/923/923
f 900/900/900 901/901/901 925/925/925
f 900/900/900 925/925/925 924/924/924
f 901/901/901 902/902/902 926/926/926
f 901/901/901 926/926/926 925/925/925
f 902/902/902 903/903/903 927/927/927
f 902/902/902 927/927/927 926/926/926
f 903/903/903 904/904/904 928/928/928
f 903/903/903 928/928/928 927/927/927
f 904/904/904 905/905/905 929/929/929
f 904/904/904 929/929/929 928/928/928
f 905/905/905 906/906/906 930/930/930
f 905/905/905 930/930/930 929/929/929
f 906/906/906 907/907/907 931/931/931
f 906/906/906 931/931/931 930/930/930
f 907/907/907 908/908/908 932/932/932
f 907/907/907 932/932/932 931/931/931
f 908/908/908 909/909/909 933/933/933
f 908/908/908 933/933/933 932/932/932
f 909/909/909 910/910/910 934/934/934
f 909/909/909 934/934/934 933/933/933
f 910/910/910 911/911/911 935/935/935
f 910/910/910 935/935/935 934/934/934
f 911/911/911 912/912/912 936/936/936
f 911/911/911 936/936/936 935/935/935
f 913/913/913 914/914/914 938/938/938
f 913/913/913 938/938/938 937/937/937
f 914/914/914 915/915/915 939/939/939
f 914/914/914 939/939/939 938/938/938
f 915/915/915 916/916/916 940/940/940
f 915/915/915 940/940/940 939/939/939
f 916/916/916 917/917/917 941/941/941
f 916/916/916 941/941/941 940/940/940
f 917/917/917 918/918/918 942/942/942
f 917/917/917 942/942/942 941/941/941
f 918/918/918 919/919/919 943/943/943
f 918/918/918 943/943/943 942/942/942
f 919/919/919 920/920/920 944/944/944
f 919/919/919 944/944/944 943/943/943
f 920/920/920 921/921/921 945/945/945
f 920/920/920 945/945/945 944/944/944
f 921/921/921 922/922/922 946/946/946
f 921/921/921 946/946/946 945/945/945
f 922/922/922 923/923/923 947/947/947
f 922/922/922 947/947/947 946/946/946
f 923/923/923 924/924/924 948/948/948
f 923/923/923 948/948/948 947/947/947
f 924/924/924 925/925/925 949/949/949
f 924/924/924 949/949/949 948/948/948
f 925/925/925 926/926/926 950/950/950
f 925/925/925 950/950/950 949/949/949
f 926/926/926 927/927/927 951/951/951
f 926/926/926 951/951/951 950/950/950
f 927/927/927 928/928/928 952/952/952
f 927/927/927 952/952/952 951/951/951
f 928/928/928 929/929/929 953/953/953
f 928/928/928 953/953/953 952/952/952
f 929/929/929 930/930/930 954/954/954
f 929/929/929 954/954/954 953/953/953
f 930/930/930 931/931/931 955/955/955
f 930/930/930 955/955/955 954/954/954
f 931/931/931 932/932/932 956/956/956
f 931/931/931 956/956/956 955/955/955
f 932/932/932 933/933/933 957/957/957
f 932/932/932 957/957/957 956/956/956
f 933/933/933 934/934/934 958/958/958
f 933/933/933 958/958/958 957/957/957
f 934/934/934 935/935/935 959/959/959
f 934/934/934 959/959/959 958/958/958
f 935/935/935 936/936/936 960/960/960
f 935/935/935 960/960/960 959/959/959
f 937/937/937 938/938/938 962/962/962
f 937/937/937 962/962/962 961/961/961
f 938/938/938 939/939/939 963/963/963
f 938/938/938 963/963/963 962/962/962
f 939/939/939 940/940/940 964/964/964
f 939/939/939 964/964/964 963/963/963
f 940/940/940 941/941/941 965/965/965
f 940/940/940 965/965/965 964/964/964
f 941/941/941 942/942/942 966/966/966
f 941/941/941 966/966/966 965/965/965
f 942/942/942 943/943/943 967/967/967
f 942/942/942 967/967/967 966/966/966
f 943/943/943 944/944/944 968/968/968
f 943/943/943 968/968/968 967/967/967
f 944/944/944 945/945/945 969/969/969
f 944/944/944 969/969/969 968/968/968
f 945/945/945 946/946/946 970/970/970
f 945/945/945 970/970/970 969/969/969
f 946/946/946 947/947/947 971/971/971
f 946/946/946 971/971/971 970/970/970
f 947/947/947 948/948/948 972/972/972
f 947/947/947 972/972/972 971/971/971
f 948/948/948 949/949/949 973/973/973
f 948/948/948 973/973/973 972/972/972
f 949/949/949 950/950/950 974/974/974
f 949/949/949 974/974/974 973/973/973
f 950/950/950 951/951/951 975/975/975
f 950/950/950 975/975/975 974/974/974
f 951/951/951 952/952/952 976/976/976
f 951/951/951 976/976/976 975/975/975
f 952/952/952 953/953/953 977/977/977
f 952/952/952 977/977/977 976/976/976
f 953/953/953 954/954/954 978/978/978
f 953/953/953 978/978/978 977/977/977
f 954/954/954 955/955/955 979/979/979
f 954/954/954 979/979/979 978/978/978
f 955/955/955 956/956/956 980/980/980
f 955/955/955 980/980/980 979/979/979
f 956/956/956 957/957/957 981/981/981
f 956/956/956 981/981/981 980/980/980
f 957/957/957 958/958/958 982/982/982
f 957/957/957 982/982/982 981/981/981
f 958/958/958 959/959/959 983/983/983
f 958/958/958 983/983/983 982/982/982
f 959/959/959 960/960/960 984/984/984
f 959/959/959 984/984/984 983/983/983
f 985/985/985 993/993/993 994/994/994
f 985/985/985 994/994/994 986/986/986
f 986/986/986 994/994/994 995/995/995
f 986/986/986 995/995/995 987/987/987
f 987/987/987 995/995/995 996/996/996
f 987/987/987 996/996/996 988/988/988
f 988/988/988 996/996/996 997/997/997
f 988/988/988 997/997/997 989/989/989
f 989/989/989 997/997/997 998/998/998
f 989/989/989 998/998/998 990/990/990
f 990/990/990 998/998/998 999/999/999
f 990/990/990 999/999/999 991/991/991
f 991/991/991 999/999/999 1000/1000/1000
f 991/991/991 1000/1000/1000 992/992/992
f 992/992/992 1000/1000/1000 993/993/993
f 992/992/992 993/993/993 985/985/985
f 993/993/993 1001/1001/1001 1002/1002/1002
f 993/993/993 1002/1002/1002 994/994/994
f 994/994/994 1002/1002/1002 1003/1003/1003
f 994/994/994 1003/1003/1003 995/995/995
f 995/995/995 1003/1003/1003 1004/1004/1004
f 995/995/995 1004/1004/1004 996/996/996
f 996/996/996 1004/1004/1004 1005/1005/1005
f 996/996/996 1005/1005/1005 997/997/997
f 997/997/997 1005/1005/1005 1006/1006/1006
f 997/997/997 1006/1006/1006 998/998/998
f 998/998/998 1006/1006/1006 1007/1007/1007
f 998/998/998 1007/1007/1007 999/999/999
f 999/999/999 1007/1007/1007 1008/1008/1008
f 999/999/999 1008/1008/1008 1000/1000/1000
f 1000/1000/1000 1008/1008/1008 1001/1001/1001
f 1000/1000/1000 1001/1001/1001 993/993/993
f 1001/1001/1001 1009/1009/1009 1010/1010/1010
f 1001/1001/1001 1010/1010/1010 1002/1002/1002
f 1002/1002/1002 1010/1010/1010 1011/1011/1011
f 1002/1002/1002 1011/1011/1011 1003/1003/1003
f 1003/1003/1003 1011/1011/1011 1012/1012/1012
f 1003/1003/1003 1012/1012/1012 1004/1004/1004
f 1004/1004/1004 1012/1012/1012 1013/1013/1013
f 1004/1004/1004 1013/1013/1013 1005/1005/1005
f 1005/1005/1005 1013/1013/1013 1014/1014/1014
f 1005/1005/1005 1014/1014/1014 1006/1006/1006
f 1006/1006/1006 1014/1014/1014 1015/1015/1015
f 1006/1006/1006 1015/1015/1015 1007/1007/1007
f 1007/1007/1007 1015/1015/1015 1016/1016/1016
f 1007/1007/1007 1016/1016/1016 1008/1008/1008
f 1008/1008/1008 1016/1016/1016 1009/1009/1009
f 1008/1008/1008 1009/1009/1009 1001/1001/1001
f 1009/1009/1009 1017/1017/1017 1018/1018/1018
f 1009/1009/1009 1018/1018/1018 1010/1010/1010
f 1010/1010/1010 1018/1018/1018 1019/1019/1019
f 1010/1010/1010 1019/1019/1019 1011/1011/1011
f 1011/1011/1011 1019/1019/1019 1020/1020/1020
f 1011/1011/1011 1020/1020/1020 1012/1012/1012
f 1012/1012/1012 1020/1020/1020 1021/1021/1021
f 1012/1012/1012 1021/1021/1021 1013/1013/1013
f 1013/1013/1013 1021/1021/1021 1022/1022/1022
f 1013/1013/1013 1022/1022/1022 1014/1014/1014
f 1014/1014/1014 1022/1022/1022 1023/1023/1023
f 1014/1014/1014 1023/1023/1023 1015/1015/1015
f 1015/1015/1015 1023/1023/1023 1024/1024/1024
f 1015/1015/1015 1024/1024/1024 1016/1016/1016
f 1016/1016/1016 1024/1024/1024 1017/1017/1017
f 1016/1016/1016 1017/1017/1017 1009/1009/1009
f 1017/1017/1017 1025/1025/1025 1026/1026/1026
f 1017/1017/1017 1026/1026/1026 1018/1018/1018
f 1018/1018/1018 1026/1026/1026 1027/1027/1027
f 1018/1018/1018 1027/1027/1027 1019/1019/1019
f 1019/1019/1019 1027/1027/1027 1028/1028/1028
f 1019/1019/1019 1028/1028/1028 1020/1020/1020
f 1020/1020/1020 1028/1028/1028 1029/1029/1029
f 1020/1020/1020 1029/1029/1029 1021/1021/1021
f 1021/1021/1021 1029/1029/1029 1030/1030/1030
f 1021/1021/1021 1030/1030/1030 1022/1022/1022
f 1022/1022/1022 1030/1030/1030 1031/1031/1031
f 1022/1022/1022 1031/1031/1031 1023/1023/1023
f 1023/1023/1023 1031/1031/1031 1032/1032/1032
f 1023/1023/1023 1032/1032/1032 1024/1024/1024
f 1024/1024/1024 1032/1032/1032 1025/1025/1025
f 1024/1024/1024 1025/1025/1025 1017/1017/1017
f 1025/1025/1025 1033/1033/1033 1034/1034/1034
f 1025/1025/1025 1034/1034/1034 1026/1026/1026
f 1026/1026/1026 1034/1034/1034 1035/1035/1035
f 1026/1026/1026 1035/1035/1035 1027/1027/1027
f 1027/1027/1027 1035/1035/1035 1036/1036/1036
f 1027/1027/1027 1036/1036/1036 1028/1028/1028
f 1028/1028/1028 1036/1036/1036 1037/1037/1037
f 1028/1028/1028 1037/1037/1037 1029/1029/1029
f 1029/1029/1029 1037/1037/1037 1038/1038/1038
f 1029/1029/1029 1038/1038/1038 1030/1030/1030
f 1030/1030/1030 1038/1038/1038 1039/1039/1039
f 1030/1030/1030 1039/1039/1039 1031/1031/1031
f 1031/1031/1031 1039/1039/1039 1040/1040/1040
f 1031/1031/1031 1040/1040/1040 1032/1032/1032
f 1032/1032/1032 1040/1040/1040 1033/1033/1033
f 1032/1032/1032 1033/1033/1033 1025/1025/1025
f 1033/1033/1033 1041/1041/1041 1042/1042/1042
f 1033/1033/1033 1042/1042/1042 1034/1034/1034
f 1034/1034/1034 1042/1042/1042 1043/1043/1043
f 1034/1034/1034 1043/1043/1043 1035/1035/1035
f 1035/1035/1035 1043/1043/1043 1044/1044/1044
f 1035/1035/1035 1044/1044/1044 1036/1036/1036
f 1036/1036/1036 1044/1044/1044 1045/1045/1045
f 1036/1036/1036 1045/1045/1045 1037/1037/1037
f 1037/1037/1037 1045/1045/1045 1046/1046/1046
f 1037/1037/1037 1046/1046/1046 1038/1038/1038
f 1038/1038/1038 1046/1046/1046 1047/1047/1047
f 1038/1038/1038 1047/1047/1047 1039/1039/1039
f 1039/1039/1039 1047/1047/1047 1048/1048/1048
f 1039/1039/1039 1048/1048/1048 1040/1040/1040
f 1040/1040/1040 1048/1048/1048 1041/1041/1041
f 1040/1040/1040 1041/1041/1041 1033/1033/1033
f 1041/1041/1041 1049/1049/1049 1050/1050/1050
f 1041/1041/1041 1050/1050/1050 1042/1042/1042
f 1042/1042/1042 1050/1050/1050 1051/1051/1051
f 1042/1042/1042 1051/1051/1051 1043/1043/1043
f 1043/1043/1043 1051/1051/1051 1052/1052/1052
f 1043/1043/1043 1052/1052/1052 1044/1044/1044
f 1044/1044/1044 1052/1052/1052 1053/1053/1053
f 1044/1044/1044 1053/1053/1053 1045/1045/1045
f 1045/1045/1045 1053/1053/1053 1054/1054/1054
f 1045/1045/1045 1054/1054/1054 1046/1046/1046
f 1046/1046/1046 1054/1054/1054 1055/1055/1055
f 1046/1046/1046 1055/1055/1055 1047/1047/1047
f 1047/1047/1047 1055/1055/1055 1056/1056/1056
f 1047/1047/1047 1056/1056/1056 1048/1048/1048
f 1048/1048/1048 1056/1056/1056 1049/1049/1049
f 1048/1048/1048 1049/1049/1049 1041/1041/1041
f 1049/1049/1049 1057/1057/1057 1058/1058/1058
f 1049/1049/1049 1058/1058/1058 1050/1050/1050
f 1050/1050/1050 1058/1058/1058 1059/1059/1059
f 1050/1050/1050 1059/1059/1059 1051/1051/1051
f 1051/1051/1051 1059/1059/1059 1060/1060/1060
f 1051/1051/1051 1060/1060/1060 1052/1052/1052
f 1052/1052/1052 1060/1060/1060 1061/1061/1061
f 1052/1052/1052 1061/1061/1061 1053/1053/1053
f 1053/1053/1053 1061/1061/1061 1062/1062/1062
f 1053/1053/1053 1062/1062/1062 1054/1054/1054
f 1054/1054/1054 1062/1062/1062 1063/1063/1063
f 1054/1054/1054 1063/1063/1063 1055/1055/1055
f 1055/1055/1055 1063/1063/1063 1064/1064/1064
f 1055/1055/1055 1064/1064/1064 1056/1056/1056
f 1056/1056/1056 1064/1064/1064 1057/1057/1057
f 1056/1056/1056 1057/1057/1057 1049/1049/1049
f 1057/1057/1057 1065/1065/1065 1066/1066/1066
f 1057/1057/1057 1066/1066/1066 1058/1058/1058
f 1058/1058/1058 1066/1066/1066 1067/1067/1067
f 1058/1058/1058 1067/1067/1067 1059/1059/1059
f 1059/1059/1059 1067/1067/1067 1068/1068/1068
f 1059/1059/1059 1068/1068/1068 1060/1060/1060
f 1060/1060/1060 1068/1068/1068 1069/1069/1069
f 1060/1060/1060 1069/1069/1069 1061/1061/1061
f 1061/1061/1061 1069/1069/1069 1070/1070/1070
f 1061/1061/1061 1070/1070/1070 1062/1062/1062
f 1062/1062/1062 1070/1070/1070 1071/1071/1071
f 1062/1062/1062 1071/1071/1071 1063/1063/1063
f 1063/1063/1063 1071/1071/1071 1072/1072/1072
f 1063/1063/1063 1072/1072/1072 1064/1064/1064
f 1064/1064/1064 1072/1072/1072 1065/1065/1065
f 1064/1064/1064 1065/1065/1065 1057/1057/1057
f 1065/1065/1065 1073/1073/1073 1074/1074/1074
f 1065/1065/1065 1074/1074/1074 1066/1066/1066
f 1066/1066/1066 1074/1074/1074 1075/1075/1075
f 1066/1066/1066 1075/1075/1075 1067/1067/1067
f 1067/1067/1067 1075/1075/1075 1076/1076/1076
f 1067/1067/1067 1076/1076/1076 1068/1068/1068
f 1068/1068/1068 1076/1076/1076 1077/1077/1077
f 1068/1068/1068 1077/1077/1077 1069/1069/1069
f 1069/1069/1069 1077/1077/1077 1078/1078/1078
f 1069/1069/1069 1078/1078/1078 1070/1070/1070
f 1070/1070/1070 1078/1078/1078 1079/1079/1079
f 1070/1070/1070 1079/1079/1079 1071/1071/1071
f 1071/1071/1071 1079/1079/1079 1080/1080/1080
f 1071/1071/1071 1080/1080/1080 1072/1072/1072
f 1072/1072/1072 1080/1080/1080 1073/1073/1073
f 1072/1072/1072 1073/1073/1073 1065/1065/1065
f 1073/1073/1073 1081/1081/1081 1082/1082/1082
f 1073/1073/1073 1082/1082/1082 1074/1074/1074
f 1074/1074/1074 1082/1082/1082 1083/1083/1083
f 1074/1074/1074 1083/1083/1083 1075/1075/1075
f 1075/1075/1075 1083/1083/1083 1084/1084/1084
f 1075/1075/1075 1084/1084/1084 1076/1076/1076
f 1076/1076/1076 1084/1084/1084 1085/1085/1085
f 1076/1076/1076 1085/1085/1085 1077/1077/1077
f 1077/1077/1077 1085/1085/1085 1086/1086/1086
f 1077/1077/1077 1086/1086/1086 1078/1078/1078
f 1078/1078/1078 1086/1086/1086 1087/1087/1087
f 1078/1078/1078 1087/1087/1087 1079/1079/1079
f 1079/1079/1079 1087/1087/1087 1088/1088/1088
f 1079/1079/1079 1088/1088/1088 1080/1080/1080
f 1080/1080/1080 1088/1088/1088 1081/1081/1081
f 1080/1080/1080 1081/1081/1081 1073/1073/1073
f 1081/1081/1081 1089/1089/1089 1090/1090/1090
f 1081/1081/1081 1090/1090/1090 1082/1082/1082
f 1082/1082/1082 1090/1090/1090 1091/1091/1091
f 1082/1082/1082 1091/1091/1091 1083/1083/1083
f 1083/1083/1083 1091/1091/1091 1092/1092/1092
f 1083/1083/1083 1092/1092/1092 1084/1084/1084
f 1084/1084/1084 1092/1092/1092 1093/1093/1093
f 1084/1084/1084 1093/1093/1093 1085/1085/1085
f 1085/1085/1085 1093/1093/1093 1094/1094/1094
f 1085/1085/1085 1094/1094/1094 1086/1086/1086
f 1086/1086/1086 1094/1094/1094 1095/1095/1095
f 1086/1086/1086 1095/1095/1095 1087/1087/1087
f 1087/1087/1087 1095/1095/1095 1096/1096/1096
f 1087/1087/1087 1096/1096/1096 1088/1088/1088
f 1088/1088/1088 1096/1096/1096 1089/1089/1089
f 1088/1088/1088 1089/1089/1089 1081/1081/1081
f 1089/1089/1089 1097/1097/1097 1098/1098/1098
f 1089/1089/1089 1098/1098/1098 1090/1090/1090
f 1090/1090/1090 1098/1098/1098 1099/1099/1099
f 1090/1090/1090 1099/1099/1099 1091/1091/1091
f 1091/1091/1091 1099/1099/1099 1100/1100/1100
f 1091/1091/1091 1100/1100/1100 1092/1092/1092
f 1092/1092/1092 1100/1100/1100 1101/1101/1101
f 1092/1092/1092 1101/1101/1101 1093/1093/1093
f 1093/1093/1093 1101/1101/1101 1102/1102/1102
f 1093/1093/1093 1102/1102/1102 1094/1094/1094
f 1094/1094/1094 1102/1102/1102 1103/1103/1103
f 1094/1094/1094 1103/1103/1103 1095/1095/1095
f 1095/1095/1095 1103/1103/1103 1104/1104/1104
f 1095/1095/1095 1104/1104/1104 1096/1096/1096
f 1096/1096/1096 1104/1104/1104 1097/1097/1097
f 1096/1096/1096 1097/1097/1097 1089/1089/1089
f 1097/1097/1097 1105/1105/1105 1106/1106/1106
f 1097/1097/1097 1106/1106/1106 1098/1098/1098
f 1098/1098/1098 1106/1106/1106 1107/1107/1107
f 1098/1098/1098 1107/1107/1107 1099/1099/1099
f 1099/1099/1099 1107/1107/1107 1108/1108/1108
f 1099/1099/1099 1108/1108/1108 1100/1100/1100
f 1100/1100/1100 1108/1108/1108 1109/1109/1109
f 1100/1100/1100 1109/1109/1109 1101/1101/1101
f 1101/1101/1101 1109/1109/1109 1110/1110/1110
f 1101/1101/1101 1110/1110/1110 1102/1102/1102
f 1102/1102/1102 1110/1110/1110 1111/1111/1111
f 1102/1102/1102 1111/1111/1111 1103/1103/1103
f 1103/1103/1103 1111/1111/1111 1112/1112/1112
f 1103/1103/1103 1112/1112/1112 1104/1104/1104
f 1104/1104/1104 1112/1112/1112 1105/1105/1105
f 1104/1104/1104 1105/1105/1105 1097/1097/1097
f 1105/1105/1105 1113/1113/1113 1114/1114/1114
f 1105/1105/1105 1114/1114/1114 1106/1106/1106
f 1106/1106/1106 1114/1114/1114 1115/1115/1115
f 1106/1106/1106 1115/1115/1115 1107/1107/1107
f 1107/1107/1107 1115/1115/1115 1116/1116/1116
f 1107/1107/1107 1116/1116/1116 1108/1108/1108
f 1108/1108/1108 1116/1116/1116 1117/1117/1117
f 1108/1108/1108 1117/1117/1117 1109/1109/1109
f 1109/1109/1109 1117/1117/1117 1118/1118/1118
f 1109/1109/1109 1118/1118/1118 1110/1110/1110
f 1110/1110/1110 1118/1118/1118 1119/1119/1119
f 1110/1110/1110 1119/1119/1119 1111/1111/1111
f 1111/1111/1111 1119/1119/1119 1120/1120/1120
f 1111/1111/1111 1120/1120/1120 1112/1112/1112
f 1112/1112/1112 1120/1120/1120 1113/1113/1113
f 1112/1112/1112 1113/1113/1113 1105/1105/1105
f 1113/1113/1113 1121/1121/1121 1122/1122/1122
f 1113/1113/1113 1122/1122/1122 1114/1114/1114
f 1114/1114/1114 1122/1122/1122 1123/1123/1123
f 1114/1114/1114 1123/1123/1123 1115/1115/1115
f 1115/1115/1115 1123/1123/1123 1124/1124/1124
f 1115/1115/1115 1124/1124/1124 1116/1116/1116
f 1116/1116/1116 1124/1124/1124 1125/1125/1125
f 1116/1116/1116 1125/1125/1125 1117/1117/1117
f 1117/1117/1117 1125/1125/1125 1126/1126/1126
f 1117/1117/1117 1126/1126/1126 1118/1118/1118
f 1118/1118/1118 1126/1126/1126 1127/1127/1127
f 1118/1118/1118 1127/1127/1127 1119/1119/1119
f 1119/1119/1119 1127/1127/1127 1128/1128/1128
f 1119/1119/1119 1128/1128/1128 1120/1120/1120
f 1120/1120/1120 1128/1128/1128 1121/1121/1121
f 1120/1120/1120 1121/1121/1121 1113/1113/1113
f 1121/1121/1121 1129/1129/1129 1130/1130/1130
f 1121/1121/1121 1130/1130/1130 1122/1122/1122
f 1122/1122/1122 1130/1130/1130 1131/1131/1131
f 1122/1122/1122 1131/1131/1131 1123/1123/1123
f 1123/1123/1123 1131/1131/1131 1132/1132/1132
f 1123/1123/1123 1132/1132/1132 1124/1124/1124
f 1124/1124/1124 1132/1132/1132 1133/1133/1133
f 1124/1124/1124 1133/1133/1133 1125/1125/1125
f 1125/1125/1125 1133/1133/1133 1134/1134/1134
f 1125/1125/1125 1134/1134/1134 1126/1126/1126
f 1126/1126/1126 1134/1134/1134 1135/1135/1135
f 1126/1126/1126 1135/1135/1135 1127/1127/1127
f 1127/1127/1127 1135/1135/1135 1136/1136/1136
f 1127/1127/1127 1136/1136/1136 1128/1128/1128
f 1128/1128/1128 1136/1136/1136 1129/1129/1129
f 1128/1128/1128 1129/1129/1129 1121/1121/1121
f 1129/1129/1129 1137/1137/1137 1138/1138/1138
f 1129/1129/1129 1138/1138/1138 1130/1130/1130
f 1130/1130/1130 1138/1138/1138 1139/1139/1139
f 1130/1130/1130 1139/1139/1139 1131/1131/1131
f 1131/1131/1131 1139/1139/1139 1140/1140/1140
f 1131/1131/1131 1140/1140/1140 1132/1132/1132
f 1132/1132/1132 1140/1140/1140 1141/1141/1141
f 1132/1132/1132 1141/1141/1141 1133/1133/1133
f 1133/1133/1133 1141/1141/1141 1142/1142/1142
f 1133/1133/1133 1142/1142/1142 1134/1134/1134
f 1134/1134/1134 1142/1142/1142 1143/1143/1143
f 1134/1134/1134 1143/1143/1143 1135/1135/1135
f 1135/1135/1135 1143/1143/1143 1144/1144/1144
f 1135/1135/1135 1144/1144/1144 1136/1136/1136
f 1136/1136/1136 1144/1144/1144 1137/1137/1137
f 1136/1136/1136 1137/1137/1137 1129/1129/1129
f 1137/1137/1137 1145/1145/1145 1146/1146/1146
f 1137/1137/1137 1146/1146/1146 1138/1138/1138
f 1138/1138/1138 1146/1146/1146 1147/1147/1147
f 1138/1138/1138 1147/1147/1147 1139/1139/1139
f 1139/1139/1139 1147/1147/1147 1148/1148/1148
f 1139/1139/1139 1148/1148/1148 1140/1140/1140
f 1140/1140/1140 1148/1148/1148 1149/1149/1149
f 1140/1140/1140 1149/1149/1149 1141/1141/1141
f 1141/1141/1141 1149/1149/1149 1150/1150/1150
f 1141/1141/1141 1150/1150/1150 1142/1142/1142
f 1142/1142/1142 1150/1150/1150 1151/1151/1151
f 1142/1142/1142 1151/1151/1151 1143/1143/1143
f 1143/1143/1143 1151/1151/1151 1152/1152/1152
f 1143/1143/1143 1152/1152/1152 1144/1144/1144
f 1144/1144/1144 1152/1152/1152 1145/1145/1145
f 1144/1144/1144 1145/1145/1145 1137/1137/1137
f 1145/1145/1145 1153/1153/1153 1154/1154/1154
f 1145/1145/1145 1154/1154/1154 1146/1146/1146
f 1146/1146/1146 1154/1154/1154 1155/1155/1155
f 1146/1146/1146 1155/1155/1155 1147/1147/1147
f 1147/1147/1147 1155/1155/1155 1156/1156/1156
f 1147/1147/1147 1156/1156/1156 1148/1148/1148
f 1148/1148/1148 1156/1156/1156 1157/1157/1157
f 1148/1148/1148 1157/1157/1157 1149/1149/1149
f 1149/1149/1149 1157/1157/1157 1158/1158/1158
f 1149/1149/1149 1158/1158/1158 1150/1150/1150
f 1150/1150/1150 1158/1158/1158 1159/1159/1159
f 1150/1150/1150 1159/1159/1159 1151/1151/1151
f 1151/1151/1151 1159/1159/1159 1160/1160/1160
f 1151/1151/1151 1160/1160/1160 1152/1152/1152
f 1152/1152/1152 1160/1160/1160 1153/1153/1153
f 1152/1152/1152 1153/1153/1153 1145/1145/1145
f 1153/1153/1153 1161/1161/1161 1162/1162/1162
f 1153/1153/1153 1162/1162/1162 1154/1154/1154
f 1154/1154/1154 1162/1162/1162 1163/1163/1163
f 1154/1154/1154 1163/1163/1163 1155/1155/1155
f 1155/1155/1155 1163/1163/1163 1164/1164/1164
f 1155/1155/1155 1164/1164/1164 1156/1156/1156
f 1156/1156/1156 1164/1164/1164 1165/1165/1165
f 1156/1156/1156 1165/1165/1165 1157/1157/1157
f 1157/1157/1157 1165/1165/1165 1166/1166/1166
f 1157/1157/1157 1166/1166/1166 1158/1158/1158
f 1158/1158/1158 1166/1166/1166 1167/1167/1167
f 1158/1158/1158 1167/1167/1167 1159/1159/1159
f 1159/1159/1159 1167/1167/1167 1168/1168/1168
f 1159/1159/1159 1168/1168/1168 1160/1160/1160
f 1160/1160/1160 1168/1168/1168 1161/1161/1161
f 1160/1160/1160 1161/1161/1161 1153/1153/1153
f 1161/1161/1161 1169/1169/1169 1170/1170/1170
f 1161/1161/1161 1170/1170/1170 1162/1162/1162
f 1162/1162/1162 1170/1170/1170 1171/1171/1171
f 1162/1162/1162 1171/1171/1171 1163/1163/1163
f 1163/1163/1163 1171/1171/1171 1172/1172/1172
f 1163/1163/1163 1172/1172/1172 1164/1164/1164
f 1164/1164/1164 1172/1172/1172 1173/1173/1173
f 1164/1164/1164 1173/1173/1173 1165/1165/1165
f 1165/1165/1165 1173/1173/1173 1174/1174/1174
f 1165/1165/1165 1174/1174/1174 1166/1166/1166
f 1166/1166/1166 1174/1174/1174 1175/1175/1175
f 1166/1166/1166 1175/1175/1175 1167/1167/1167
f 1167/1167/1167 1175/1175/1175 1176/1176/1176
f 1167/1167/1167 1176/1176/1176 1168/1168/1168
f 1168/1168/1168 1176/1176/1176 1169/1169/1169
f 1168/1168/1168 1169/1169/1169 1161/1161/1161
f 1169/1169/1169 1177/1177/1177 1178/1178/1178
f 1169/1169/1169 1178/1178/1178 1170/1170/1170
f 1170/1170/1170 1178/1178/1178 1179/1179/1179
f 1170/1170/1170 1179/1179/1179 1171/1171/1171
f 1171/1171/1171 1179/1179/1179 1180/1180/1180
f 1171/1171/1171 1180/1180/1180 1172/1172/1172
f 1172/1172/1172 1180/1180/1180 1181/1181/1181
f 1172/1172/1172 1181/1181/1181 1173/1173/1173
f 1173/1173/1173 1181/1181/1181 1182/1182/1182
f 1173/1173/1173 1182/1182/1182 1174/1174/1174
f 1174/1174/1174 1182/1182/1182 1183/1183/1183
f 1174/1174/1174 1183/1183/1183 1175/1175/1175
f 1175/1175/1175 1183/1183/1183 1184/1184/1184
f 1175/1175/1175 1184/1184/1184 1176/1176/1176
f 1176/1176/1176 1184/1184/1184 1177/1177/1177
f 1176/1176/1176 1177/1177/1177 1169/1169/1169
f 1177/1177/1177 1185/1185/1185 1186/1186/1186
f 1177/1177/1177 1186/1186/1186 1178/1178/1178
f 1178/1178/1178 1186/1186/1186 1187/1187/1187
f 1178/1178/1178 1187/1187/1187 1179/1179/1179
f 1179/1179/1179 1187/1187/1187 1188/1188/1188
f 1179/1179/1179 1188/1188/1188 1180/1180/1180
f 1180/1180/1180 1188/1188/1188 1189/1189/1189
f 1180/1180/1180 1189/1189/1189 1181/1181/1181
f 1181/1181/1181 1189/1189/1189 1190/1190/1190
f 1181/1181/1181 1190/1190/1190 1182/1182/1182
f 1182/1182/1182 1190/1190/1190 1191/1191/1191
f 1182/1182/1182 1191/1191/1191 1183/1183/1183
f 1183/1183/1183 1191/1191/1191 1192/1192/1192
f 1183/1183/1183 1192/1192/1192 1184/1184/1184
f 1184/1184/1184 1192/1192/1192 1185/1185/1185
f 1184/1184/1184 1185/1185/1185 1177/1177/1177
f 1185/1185/1185 1193/1193/1193 1194/1194/1194
f 1185/1185/1185 1194/1194/1194 1186/1186/1186
f 1186/1186/1186 1194/1194/1194 1195/1195/1195
f 1186/1186/1186 1195/1195/1195 1187/1187/1187
f 1187/1187/1187 1195/1195/1195 1196/1196/1196
f 1187/1187/1187 1196/1196/1196 1188/1188/1188
f 1188/1188/1188 1196/1196/1196 1197/1197/1197
f 1188/1188/1188 1197/1197/1197 1189/1189/1189
f 1189/1189/1189 1197/1197/1197 1198/1198/1198
f 1189/1189/1189 1198/1198/1198 1190/1190/1190
f 1190/1190/1190 1198/1198/1198 1199/1199/1199
f 1190/1190/1190 1199/1199/1199 1191/1191/1191
f 1191/1191/1191 1199/1199/1199 1200/1200/1200
f 1191/1191/1191 1200/1200/1200 1192/1192/1192
f 1192/1192/1192 1200/1200/1200 1193/1193/1193
f 1192/1192/1192 1193/1193/1193 1185/1185/1185
f 1193/1193/1193 1201/1201/1201 1202/1202/1202
f 1193/1193/1193 1202/1202/1202 1194/1194/1194
f 1194/1194/1194 1202/1202/1202 1203/1203/1203
f 1194/1194/1194 1203/1203/1203 1195/1195/1195
f 1195/1195/1195 1203/1203/1203 1204/1204/1204
f 1195/1195/1195 1204/1204/1204 1196/1196/1196
f 1196/1196/1196 1204/1204/1204 1205/1205/1205
f 1196/1196/1196 1205/1205/1205 1197/1197/1197
f 1197/1197/1197 1205/1205/1205 1206/1206/1206
f 1197/1197/1197 1206/1206/1206 1198/1198/1198
f 1198/1198/1198 1206/1206/1206 1207/1207/1207
f 1198/1198/1198 1207/1207/1207 1199/1199/1199
f 1199/1199/1199 1207/1207/1207 1208/1208/1208
f 1199/1199/1199 1208/1208/1208 1200/1200/1200
f 1200/1200/1200 1208/1208/1208 1201/1201/1201
f 1200/1200/1200 1201/1201/1201 1193/1193/1193
f 1209/1209/1209 1217/1217/1217 1218/1218/1218
f 1209/1209/1209 1218/1218/1218 1210/1210/1210
f 1210/1210/1210 1218/1218/1218 1219/1219/1219
f 1210/1210/1210 1219/1219/1219 1211/1211/1211
f 1211/1211/1211 1219/1219/1219 1220/1220/1220
f 1211/1211/1211 1220/1220/1220 1212/1212/1212
f 1212/1212/1212 1220/1220/1220 1221/1221/1221
f 1212/1212/1212 1221/1221/1221 1213/1213/1213
f 1213/1213/1213 1221/1221/1221 1222/1222/1222
f 1213/1213/1213 1222/1222/1222 1214/1214/1214
f 1214/1214/1214 1222/1222/1222 1223/1223/1223
f 1214/1214/1214 1223/1223/1223 1215/1215/1215
f 1215/1215/1215 1223/1223/1223 1224/1224/1224
f 1215/1215/1215 1224/1224/1224 1216/1216/1216
f 1216/1216/1216 1224/1224/1224 1217/1217/1217
f 1216/1216/1216 1217/1217/1217 1209/1209/1209
f 1217/1217/1217 1225/1225/1225 1226/1226/1226
f 1217/1217/1217 1226/1226/1226 1218/1218/1218
f 1218/1218/1218 1226/1226/1226 1227/1227/1227
f 1218/1218/1218 1227/1227/1227 1219/1219/1219
f 1219/1219/1219 1227/1227/1227 1228/1228/1228
f 1219/1219/1219 1228/1228/1228 1220/1220/1220
f 1220/1220/1220 1228/1228/1228 1229/1229/1229
f 1220/1220/1220 1229/1229/1229 1221/1221/1221
f 1221/1221/1221 1229/1229/1229 1230/1230/1230
f 1221/1221/1221 1230/1230/1230 1222/1222/1222
f 1222/1222/1222 1230/1230/1230 1231/1231/1231
f 1222/1222/1222 1231/1231/1231 1223/1223/1223
f 1223/1223/1223 1231/1231/1231 1232/1232/1232
f 1223/1223/1223 1232/1232/1232 1224/1224/1224
f 1224/1224/1224 1232/1232/1232 1225/1225/1225
f 1224/1224/1224 1225/1225/1225 1217/1217/1217
f 1225/1225/1225 1233/1233/1233 1234/1234/1234
f 1225/1225/1225 1234/1234/1234 1226/1226/1226
f 1226/1226/1226 1234/1234/1234 1235/1235/1235
f 1226/1226/1226 1235/1235/1235 1227/1227/1227
f 1227/1227/1227 1235/1235/1235 1236/1236/1236
f 1227/1227/1227 1236/1236/1236 1228/1228/1228
f 1228/1228/1228 1236/1236/1236 1237/1237/1237
f 1228/1228/1228 1237/1237/1237 1229/1229/1229
f 1229/1229/1229 1237/1237/1237 1238/1238/1238
f 1229/1229/1229 1238/1238/1238 1230/1230/1230
f 1230/1230/1230 1238/1238/1238 1239/1239/1239
f 1230/1230/1230 1239/1239/1239 1231/1231/1231
f 1231/1231/1231 1239/1239/1239 1240/1240/1240
f 1231/1231/1231 1240/1240/1240 1232/1232/1232
f 1232/1232/1232 1240/1240/1240 1233/1233/1233
f 1232/1232/1232 1233/1233/1233 1225/1225/1225
f 1233/1233/1233 1241/1241/1241 1242/1242/1242
f 1233/1233/1233 1242/1242/1242 1234/1234/1234
f 1234/1234/1234 1242/1242/1242 1243/1243/1243
f 1234/1234/1234 1243/1243/1243 1235/1235/1235
f 1235/1235/1235 1243/1243/1243 1244/1244/1244
f 1235/1235/1235 1244/1244/1244 1236/1236/1236
f 1236/1236/1236 1244/1244/1244 1245/1245/1245
f 1236/1236/1236 1245/1245/1245 1237/1237/1237
f 1237/1237/1237 1245/1245/1245 1246/1246/1246
f 1237/1237/1237 1246/1246/1246 1238/1238/1238
f 1238/1238/1238 1246/1246/1246 1247/1247/1247
f 1238/1238/1238 1247/1247/1247 1239/1239/1239
f 1239/1239/1239 1247/1247/1247 1248/1248/1248
f 1239/1239/1239 1248/1248/1248 1240/1240/1240
f 1240/1240/1240 1248/1248/1248 1241/1241/1241
f 1240/1240/1240 1241/1241/1241 1233/1233/1233
f 1241/1241/1241 1249/1249/1249 1250/1250/1250
f 1241/1241/1241 1250/1250/1250 1242/1242/1242
f 1242/1242/1242 1250/1250/1250 1251/1251/1251
f 1242/1242/1242 1251/1251/1251 1243/1243/1243
f 1243/1243/1243 1251/1251/1251 1252/1252/1252
f 1243/1243/1243 1252/1252/1252 1244/1244/1244
f 1244/1244/1244 1252/1252/1252 1253/1253/1253
f 1244/1244/1244 1253/1253/1253 1245/1245/1245
f 1245/1245/1245 1253/1253/1253 1254/1254/1254
f 1245/1245/1245 1254/1254/1254 1246/1246/1246
f 1246/1246/1246 1254/1254/1254 1255/1255/1255
f 1246/1246/1246 1255/1255/1255 1247/1247/1247
f 1247/1247/1247 1255/1255/1255 1256/1256/1256
f 1247/1247/1247 1256/1256/1256 1248/1248/1248
f 1248/1248/1248 1256/1256/1256 1249/1249/1249
f 1248/1248/1248 1249/1249/1249 1241/1241/1241
f 1249/1249/1249 1257/1257/1257 1258/1258/1258
f 1249/1249/1249 1258/1258/1258 1250/1250/1250
f 1250/1250/1250 1258/1258/1258 1259/1259/1259
f 1250/1250/1250 1259/1259/1259 1251/1251/1251
f 1251/1251/1251 1259/1259/1259 1260/1260/1260
f 1251/1251/1251 1260/1260/1260 1252/1252/1252
f 1252/1252/1252 1260/1260/1260 1261/1261/1261
f 1252/1252/1252 1261/1261/1261 1253/1253/1253
f 1253/1253/1253 1261/1261/1261 1262/1262/1262
f 1253/1253/1253 1262/1262/1262 1254/1254/1254
f 1254/1254/1254 1262/1262/1262 1263/1263/1263
f 1254/1254/1254 1263/1263/1263 1255/1255/1255
f 1255/1255/1255 1263/1263/1263 1264/1264/1264
f 1255/1255/1255 1264/1264/1264 1256/1256/1256
f 1256/1256/1256 1264/1264/1264 1257/1257/1257
f 1256/1256/1256 1257/1257/1257 1249/1249/1249
f 1257/1257/1257 1265/1265/1265 1266/1266/1266
f 1257/1257/1257 1266/1266/1266 1258/1258/1258
f 1258/1258/1258 1266/1266/1266 1267/1267/1267
f 1258/1258/1258 1267/1267/1267 1259/1259/1259
f 1259/1259/1259 1267/1267/1267 1268/1268/1268
f 1259/1259/1259 1268/1268/1268 1260/1260/1260
f 1260/1260/1260 1268/1268/1268 1269/1269/1269
f 1260/1260/1260 1269/1269/1269 1261/1261/1261
f 1261/1261/1261 1269/1269/1269 1270/1270/1270
f 1261/1261/1261 1270/1270/1270 1262/1262/1262
f 1262/1262/1262 1270/1270/1270 1271/1271/1271
f 1262/1262/1262 1271/1271/1271 1263/1263/1263
f 1263/1263/1263 1271/1271/1271 1272/1272/1272
f 1263/1263/1263 1272/1272/1272 1264/1264/1264
f 1264/1264/1264 1272/1272/1272 1265/1265/1265
f 1264/1264/1264 1265/1265/1265 1257/1257/1257
f 1265/1265/1265 1273/1273/1273 1274/1274/1274
f 1265/1265/1265 1274/1274/1274 1266/1266/1266
f 1266/1266/1266 1274/1274/1274 1275/1275/1275
f 1266/1266/1266 1275/1275/1275 1267/1267/1267
f 1267/1267/1267 1275/1275/1275 1276/1276/1276
f 1267/1267/1267 1276/1276/1276 1268/1268/1268
f 1268/1268/1268 1276/1276/1276 1277/1277/1277
f 1268/1268/1268 1277/1277/1277 1269/1269/1269
f 1269/1269/1269 1277/1277/1277 1278/1278/1278
f 1269/1269/1269 1278/1278/1278 1270/1270/1270
f 1270/1270/1270 1278/1278/1278 1279/1279/1279
f 1270/1270/1270 1279/1279/1279 1271/1271/1271
f 1271/1271/1271 1279/1279/1279 1280/1280/1280
f 1271/1271/1271 1280/1280/1280 1272/1272/1272
f 1272/1272/1272 1280/1280/1280 1273/1273/1273
f 1272/1272/1272 1273/1273/1273 1265/1265/1265
f 1273/1273/1273 1281/1281/1281 1282/1282/1282
f 1273/1273/1273 1282/1282/1282 1274/1274/1274
f 1274/1274/1274 1282/1282/1282 1283/1283/1283
f 1274/1274/1274 1283/1283/1283 1275/1275/1275
f 1275/1275/1275 1283/1283/1283 1284/1284/1284
f 1275/1275/1275 1284/1284/1284 1276/1276/1276
f 1276/1276/1276 1284/1284/1284 1285/1285/1285
f 1276/1276/1276 1285/1285/1285 1277/1277/1277
f 1277/1277/1277 1285/1285/1285 1286/1286/1286
f 1277/1277/1277 1286/1286/1286 1278/1278/1278
f 1278/1278/1278 1286/1286/1286 1287/1287/1287
f 1278/1278/1278 1287/1287/1287 1279/1279/1279
f 1279/1279/1279 1287/1287/1287 1288/1288/1288
f 1279/1279/1279 1288/1288/1288 1280/1280/1280
f 1280/1280/1280 1288/1288/1288 1281/1281/1281
f 1280/1280/1280 1281/1281/1281 1273/1273/1273
f 1281/1281/1281 1289/1289/1289 1290/1290/1290
f 1281/1281/1281 1290/1290/1290 1282/1282/1282
f 1282/1282/1282 1290/1290/1290 1291/1291/1291
f 1282/1282/1282 1291/1291/1291 1283/1283/1283
f 1283/1283/1283 1291/1291/1291 1292/1292/1292
f 1283/1283/1283 1292/1292/1292 1284/1284/1284
f 1284/1284/1284 1292/1292/1292 1293/1293/1293
f 1284/1284/1284 1293/1293/1293 1285/1285/1285
f 1285/1285/1285 1293/1293/1293 1294/1294/1294
f 1285/1285/1285 1294/1294/1294 1286/1286/1286
f 1286/1286/1286 1294/1294/1294 1295/1295/1295
f 1286/1286/1286 1295/1295/1295 1287/1287/1287
f 1287/1287/1287 1295/1295/1295 1296/1296/1296
f 1287/1287/1287 1296/1296/1296 1288/1288/1288
f 1288/1288/1288 1296/1296/1296 1289/1289/1289
f 1288/1288/1288 1289/1289/1289 1281/1281/1281
f 1289/1289/1289 1297/1297/1297 1298/1298/1298
f 1289/1289/1289 1298/1298/1298 1290/1290/1290
f 1290/1290/1290 1298/1298/1298 1299/1299/1299
f 1290/1290/1290 1299/1299/1299 1291/1291/1291
f 1291/1291/1291 1299/1299/1299 1300/1300/1300
f 1291/1291/1291 1300/1300/1300 1292/1292/1292
f 1292/1292/1292 1300/1300/1300 1301/1301/1301
f 1292/1292/1292 1301/1301/1301 1293/1293/1293
f 1293/1293/1293 1301/1301/1301 1302/1302/1302
f 1293/1293/1293 1302/1302/1302 1294/1294/1294
f 1294/1294/1294 1302/1302/1302 1303/1303/1303
f 1294/1294/1294 1303/1303/1303 1295/1295/1295
f 1295/1295/1295 1303/1303/1303 1304/1304/1304
f 1295/1295/1295 1304/1304/1304 1296/1296/1296
f 1296/1296/1296 1304/1304/1304 1297/1297/1297
f 1296/1296/1296 1297/1297/1297 1289/1289/1289
f 1297/1297/1297 1305/1305/1305 1306/1306/1306
f 1297/1297/1297 1306/1306/1306 1298/1298/1298
f 1298/1298/1298 1306/1306/1306 1307/1307/1307
f 1298/1298/1298 1307/1307/1307 1299/1299/1299
f 1299/1299/1299 1307/1307/1307 1308/1308/1308
f 1299/1299/1299 1308/1308/1308 1300/1300/1300
f 1300/1300/1300 1308/1308/1308 1309/1309/1309
f 1300/1300/1300 1309/1309/1309 1301/1301/1301
f 1301/1301/1301 1309/1309/1309 1310/1310/1310
f 1301/1301/1301 1310/1310/1310 1302/1302/1302
f 1302/1302/1302 1310/1310/1310 1311/1311/1311
f 1302/1302/1302 1311/1311/1311 1303/1303/1303
f 1303/1303/1303 1311/1311/1311 1312/1312/1312
f 1303/1303/1303 1312/1312/1312 1304/1304/1304
f 1304/1304/1304 1312/1312/1312 1305/1305/1305
f 1304/1304/1304 1305/1305/1305 1297/1297/1297
f 1305/1305/1305 1313/1313/1313 1314/1314/1314
f 1305/1305/1305 1314/1314/1314 1306/1306/1306
f 1306/1306/1306 1314/1314/1314 1315/1315/1315
f 1306/1306/1306 1315/1315/1315 1307/1307/1307
f 1307/1307/1307 1315/1315/1315 1316/1316/1316
f 1307/1307/1307 1316/1316/1316 1308/1308/1308
f 1308/1308/1308 1316/1316/1316 1317/1317/1317
f 1308/1308/1308 1317/1317/1317 1309/1309/1309
f 1309/1309/1309 1317/1317/1317 1318/1318/1318
f 1309/1309/1309 1318/1318/1318 1310/1310/1310
f 1310/1310/1310 1318/1318/1318 1319/1319/1319
f 1310/1310/1310 1319/1319/1319 1311/1311/1311
f 1311/1311/1311 1319/1319/1319 1320/1320/1320
f 1311/1311/1311 1320/1320/1320 1312/1312/1312
f 1312/1312/1312 1320/1320/1320 1313/1313/1313
f 1312/1312/1312 1313/1313/1313 1305/1305/1305
f 1313/1313/1313 1321/1321/1321 1322/1322/1322
f 1313/1313/1313 1322/1322/1322 1314/1314/1314
f 1314/1314/1314 1322/1322/1322 1323/1323/1323
f 1314/1314/1314 1323/1323/1323 1315/1315/1315
f 1315/1315/1315 1323/1323/1323 1324/1324/1324
f 1315/1315/1315 1324/1324/1324 1316/1316/1316
f 1316/1316/1316 1324/1324/1324 1325/1325/1325
f 1316/1316/1316 1325/1325/1325 1317/1317/1317
f 1317/1317/1317 1325/1325/1325 1326/1326/1326
f 1317/1317/1317 1326/1326/1326 1318/1318/1318
f 1318/1318/1318 1326/1326/1326 1327/1327/1327
f 1318/1318/1318 1327/1327/1327 1319/1319/1319
f 1319/1319/1319 1327/1327/1327 1328/1328/1328
f 1319/1319/1319 1328/1328/1328 1320/1320/1320
f 1320/1320/1320 1328/1328/1328 1321/1321/1321
f 1320/1320/1320 1321/1321/1321 1313/1313/1313
f 1321/1321/1321 1329/1329/1329 1330/1330/1330
f 1321/1321/1321 1330/1330/1330 1322/1322/1322
f 1322/1322/1322 1330/1330/1330 1331/1331/1331
f 1322/1322/1322 1331/1331/1331 1323/1323/1323
f 1323/1323/1323 1331/1331/1331 1332/1332/1332
f 1323/1323/1323 1332/1332/1332 1324/1324/1324
f 1324/1324/1324 1332/1332/1332 1333/1333/1333
f 1324/1324/1324 1333/1333/1333 1325/1325/1325
f 1325/1325/1325 1333/1333/1333 1334/1334/1334
f 1325/1325/1325 1334/1334/1334 1326/1326/1326
f 1326/1326/1326 1334/1334/1334 1335/1335/1335
f 1326/1326/1326 1335/1335/1335 1327/1327/1327
f 1327/1327/1327 1335/1335/1335 1336/1336/1336
f 1327/1327/1327 1336/1336/1336 1328/1328/1328
f 1328/1328/1328 1336/1336/1336 1329/1329/1329
f 1328/1328/1328 1329/1329/1329 1321/1321/1321
f 1337/1337/1337 1369/1369/1369 1371/1371/1371
f 1337/1337/1337 1371/1371/1371 1339/1339/1339
f 1338/1338/1338 1340/1340/1340 1372/1372/1372
f 1338/1338/1338 1372/1372/1372 1370/1370/1370
f 1339/1339/1339 1371/1371/1371 1373/1373/1373
f 1339/1339/1339 1373/1373/1373 1341/1341/1341
f 1340/1340/1340 1342/1342/1342 1374/1374/1374
f 1340/1340/1340 1374/1374/1374 1372/1372/1372
f 1341/1341/1341 1373/1373/1373 1375/1375/1375
f 1341/1341/1341 1375/1375/1375 1343/1343/1343
f 1342/1342/1342 1344/1344/1344 1376/1376/1376
f 1342/1342/1342 1376/1376/1376 1374/1374/1374
f 1343/1343/1343 1375/1375/1375 1377/1377/1377
f 1343/1343/1343 1377/1377/1377 1345/1345/1345
f 1344/1344/1344 1346/1346/1346 1378/1378/1378
f 1344/1344/1344 1378/1378/1378 1376/1376/1376
f 1345/1345/1345 1377/1377/1377 1379/1379/1379
f 1345/1345/1345 1379/1379/1379 1347/1347/1347
f 1346/1346/1346 1348/1348/1348 1380/1380/1380
f 1346/1346/1346 1380/1380/1380 1378/1378/1378
f 1347/1347/1347 1379/1379/1379 1381/1381/1381
f 1347/1347/1347 1381/1381/1381 1349/1349/1349
f 1348/1348/1348 1350/1350/1350 1382/1382/1382
f 1348/1348/1348 1382/1382/1382 1380/1380/1380
f 1349/1349/1349 1381/1381/1381 1383/1383/1383
f 1349/1349/1349 1383/1383/1383 1351/1351/1351
f 1350/1350/1350 1352/1352/1352 1384/1384/1384
f 1350/1350/1350 1384/1384/1384 1382/1382/1382
f 1351/1351/1351 1383/1383/1383 1385/1385/1385
f 1351/1351/1351 1385/1385/1385 1353/1353/1353
f 1352/1352/1352 1354/1354/1354 1386/1386/1386
f 1352/1352/1352 1386/1386/1386 1384/1384/1384
f 1353/1353/1353 1385/1385/1385 1387/1387/1387
f 1353/1353/1353 1387/1387/1387 1355/1355/1355
f 1354/1354/1354 1356/1356/1356 1388/1388/1388
f 1354/1354/1354 1388/1388/1388 1386/1386/1386
f 1355/1355/1355 1387/1387/1387 1389/1389/1389
f 1355/1355/1355 1389/1389/1389 1357/1357/1357
f 1356/1356/1356 1358/1358/1358 1390/1390/1390
f 1356/1356/1356 1390/1390/1390 1388/1388/1388
f 1357/1357/1357 1389/1389/1389 1391/1391/1391
f 1357/1357/1357 1391/1391/1391 1359/1359/1359
f 1358/1358/1358 1360/1360/1360 1392/1392/1392
f 1358/1358/1358 1392/1392/1392 1390/1390/1390
f 1359/1359/1359 1391/1391/1391 1393/1393/1393
f 1359/1359/1359 1393/1393/1393 1361/1361/1361
f 1360/1360/1360 1362/1362/1362 1394/1394/1394
f 1360/1360/1360 1394/1394/1394 1392/1392/1392
f 1361/1361/1361 1393/1393/1393 1395/1395/1395
f 1361/1361/1361 1395/1395/1395 1363/1363/1363
f 1362/1362/1362 1364/1364/1364 1396/1396/1396
f 1362/1362/1362 1396/1396/1396 1394/1394/1394
f 1363/1363/1363 1395/1395/1395 1397/1397/1397
f 1363/1363/1363 1397/1397/1397 1365/1365/1365
f 1364/1364/1364 1366/1366/1366 1398/1398/1398
f 1364/1364/1364 1398/1398/1398 1396/1396/1396
f 1365/1365/1365 1397/1397/1397 1399/1399/1399
f 1365/1365/1365 1399/1399/1399 1367/1367/1367
f 1366/1366/1366 1368/1368/1368 1400/1400/1400
f 1366/1366/1366 1400/1400/1400 1398/1398/1398
f 1369/1369/1369 1401/1401/1401 1403/1403/1403
f 1369/1369/1369 1403/1403/1403 1371/1371/1371
f 1370/1370/1370 1372/1372/1372 1404/1404/1404
f 1370/1370/1370 1404/1404/1404 1402/1402/1402
f 1371/1371/1371 1403/1403/1403 1405/1405/1405
f 1371/1371/1371 1405/1405/1405 1373/1373/1373
f 1372/1372/1372 1374/1374/1374 1406/1406/1406
f 1372/1372/1372 1406/1406/1406 1404/1404/1404
f 1373/1373/1373 1405/1405/1405 1407/1407/1407
f 1373/1373/1373 1407/1407/1407 1375/1375/1375
f 1374/1374/1374 1376/1376/1376 1408/1408/1408
f 1374/1374/1374 1408/1408/1408 1406/1406/1406
f 1375/1375/1375 1407/1407/1407 1409/1409/1409
f 1375/1375/1375 1409/1409/1409 1377/1377/1377
f 1376/1376/1376 1378/1378/1378 1410/1410/1410
f 1376/1376/1376 1410/1410/1410 1408/1408/1408
f 1377/1377/1377 1409/1409/1409 1411/1411/1411
f 1377/1377/1377 1411/1411/1411 1379/1379/1379
f 1378/1378/1378 1380/1380/1380 1412/1412/1412
f 1378/1378/1378 1412/1412/1412 1410/1410/1410
f 1379/1379/1379 1411/1411/1411 1413/1413/1413
f 1379/1379/1379 1413/1413/1413 1381/1381/1381
f 1380/1380/1380 1382/1382/1382 1414/1414/1414
f 1380/1380/1380 1414/1414/1414 1412/1412/1412
f 1381/1381/1381 1413/1413/1413 1415/1415/1415
f 1381/1381/1381 1415/1415/1415 1383/1383/1383
f 1382/1382/1382 1384/1384/1384 1416/1416/1416
f 1382/1382/1382 1416/1416/1416 1414/1414/1414
f 1383/1383/1383 1415/1415/1415 1417/1417/1417
f 1383/1383/1383 1417/1417/1417 1385/1385/1385
f 1384/1384/1384 1386/1386/1386 1418/1418/1418
f 1384/1384/1384 1418/1418/1418 1416/1416/1416
f 1385/1385/1385 1417/1417/1417 1419/1419/1419
f 1385/1385/1385 1419/1419/1419 1387/1387/1387
f 1386/1386/1386 1388/1388/1388 1420/1420/1420
f 1386/1386/1386 1420/1420/1420 1418/1418/1418
f 1387/1387/1387 1419/1419/1419 1421/1421/1421
f 1387/1387/1387 1421/1421/1421 1389/1389/1389
f 1388/1388/1388 1390/1390/1390 1422/1422/1422
f 1388/1388/1388 1422/1422/1422 1420/1420/1420
f 1389/1389/1389 1421/1421/1421 1423/1423/1423
f 1389/1389/1389 1423/1423/1423 1391/1391/1391
f 1390/1390/1390 1392/1392/1392 1424/1424/1424
f 1390/1390/1390 1424/1424/1424 1422/1422/1422
f 1391/1391/1391 1423/1423/1423 1425/1425/1425
f 1391/1391/1391 1425/1425/1425 1393/1393/1393
f 1392/1392/1392 1394/1394/1394 1426/1426/1426
f 1392/1392/1392 1426/1426/1426 1424/1424/1424
f 1393/1393/1393 1425/1425/1425 1427/1427/1427
f 1393/1393/1393 1427/1427/1427 1395/1395/1395
f 1394/1394/1394 1396/1396/1396 1428/1428/1428
f 1394/1394/1394 1428/1428/1428 1426/1426/1426
f 1395/1395/1395 1427/1427/1427 1429/1429/1429
f 1395/1395/1395 1429/1429/1429 1397/1397/1397
f 1396/1396/1396 1398/1398/1398 1430/1430/1430
f 1396/1396/1396 1430/1430/1430 1428/1428/1428
f 1397/1397/1397 1429/1429/1429 1431/1431/1431
f 1397/1397/1397 1431/1431/1431 1399/1399/1399
f 1398/1398/1398 1400/1400/1400 1432/1432/1432
f 1398/1398/1398 1432/1432/1432 1430/1430/1430
f 1401/1401/1401 1433/1433/1433 1435/1435/1435
f 1401/1401/1401 1435/1435/1435 1403/1403/1403
f 1402/1402/1402 1404/1404/1404 1436/1436/1436
f 1402/1402/1402 1436/1436/1436 1434/1434/1434
f 1403/1403/1403 1435/1435/1435 1437/1437/1437
f 1403/1403/1403 1437/1437/1437 1405/1405/1405
f 1404/1404/1404 1406/1406/1406 1438/1438/1438
f 1404/1404/1404 1438/1438/1438 1436/1436/1436
f 1405/1405/1405 1437/1437/1437 1439/1439/1439
f 1405/1405/1405 1439/1439/1439 1407/1407/1407
f 1406/1406/1406 1408/1408/1408 1440/1440/1440
f 1406/1406/1406 1440/1440/1440 1438/1438/1438
f 1407/1407/1407 1439/1439/1439 1441/1441/1441
f 1407/1407/1407 1441/1441/1441 1409/1409/1409
f 1408/1408/1408 1410/1410/1410 1442/1442/1442
f 1408/1408/1408 1442/1442/1442 1440/1440/1440
f 1409/1409/1409 1441/1441/1441 1443/1443/1443
f 1409/1409/1409 1443/1443/1443 1411/1411/1411
f 1410/1410/1410 1412/1412/1412 1444/1444/1444
f 1410/1410/1410 1444/1444/1444 1442/1442/1442
f 1411/1411/1411 1443/1443/1443 1445/1445/1445
f 1411/1411/1411 1445/1445/1445 1413/1413/1413
f 1412/1412/1412 1414/1414/1414 1446/1446/1446
f 1412/1412/1412 1446/1446/1446 1444/1444/1444
f 1413/1413/1413 1445/1445/1445 1447/1447/1447
f 1413/1413/1413 1447/1447/1447 1415/1415/1415
f 1414/1414/1414 1416/1416/1416 1448/1448/1448
f 1414/1414/1414 1448/1448/1448 1446/1446/1446
f 1415/1415/1415 1447/1447/1447 1449/1449/1449
f 1415/1415/1415 1449/1449/1449 1417/1417/1417
f 1416/1416/1416 1418/1418/1418 1450/1450/1450
f 1416/1416/1416 1450/1450/1450 1448/1448/1448
f 1417/1417/1417 1449/1449/1449 1451/1451/1451
f 1417/1417/1417 1451/1451/1451 1419/1419/1419
f 1418/1418/1418 1420/1420/1420 1452/1452/1452
f 1418/1418/1418 1452/1452/1452 1450/1450/1450
f 1419/1419/1419 1451/1451/1451 1453/1453/1453
f 1419/1419/1419 1453/1453/1453 1421/1421/1421
f 1420/1420/1420 1422/1422/1422 1454/1454/1454
f 1420/1420/1420 1454/1454/1454 1452/1452/1452
f 1421/1421/1421 1453/1453/1453 1455/1455/1455
f 1421/1421/1421 1455/1455/1455 1423/1423/1423
f 1422/1422/1422 1424/1424/1424 1456/1456/1456
f 1422/1422/1422 1456/1456/1456 1454/1454/1454
f 1423/1423/1423 1455/1455/1455 1457/1457/1457
f 1423/1423/1423 1457/1457/1457 1425/1425/1425
f 1424/1424/1424 1426/1426/1426 1458/1458/1458
f 1424/1424/1424 1458/1458/1458 1456/1456/1456
f 1425/1425/1425 1457/1457/1457 1459/1459/1459
f 1425/1425/1425 1459/1459/1459 1427/1427/1427
f 1426/1426/1426 1428/1428/1428 1460/1460/1460
f 1426/1426/1426 1460/1460/1460 1458/1458/1458
f 1427/1427/1427 1459/1459/1459 1461/1461/1461
f 1427/1427/1427 1461/1461/1461 1429/1429/1429
f 1428/1428/1428 1430/1430/1430 1462/1462/1462
f 1428/1428/1428 1462/1462/1462 1460/1460/1460
f 1429/1429/1429 1461/1461/1461 1463/1463/1463
f 1429/1429/1429 1463/1463/1463 1431/1431/1431
f 1430/1430/1430 1432/1432/1432 1464/1464/1464
f 1430/1430/1430 1464/1464/1464 1462/1462/1462
f 1433/1433/1433 1465/1465/1465 1467/1467/1467
f 1433/1433/1433 1467/1467/1467 1435/1435/1435
f 1434/1434/1434 1436/1436/1436 1468/1468/1468
f 1434/1434/1434 1468/1468/1468 1466/1466/1466
f 1435/1435/1435 1467/1467/1467 1469/1469/1469
f 1435/1435/1435 1469/1469/1469 1437/1437/1437
f 1436/1436/1436 1438/1438/1438 1470/1470/1470
f 1436/1436/1436 1470/1470/1470 1468/1468/1468
f 1437/1437/1437 1469/1469/1469 1471/1471/1471
f 1437/1437/1437 1471/1471/1471 1439/1439/1439
f 1438/1438/1438 1440/1440/1440 1472/1472/1472
f 1438/1438/1438 1472/1472/1472 1470/1470/1470
f 1439/1439/1439 1471/1471/1471 1473/1473/1473
f 1439/1439/1439 1473/1473/1473 1441/1441/1441
f 1440/1440/1440 1442/1442/1442 1474/1474/1474
f 1440/1440/1440 1474/1474/1474 1472/1472/1472
f 1441/1441/1441 1473/1473/1473 1475/1475/1475
f 1441/1441/1441 1475/1475/1475 1443/1443/1443
f 1442/1442/1442 1444/1444/1444 1476/1476/1476
f 1442/1442/1442 1476/1476/1476 1474/1474/1474
f 1443/1443/1443 1475/1475/1475 1477/1477/1477
f 1443/1443/1443 1477/1477/1477 1445/1445/1445
f 1444/1444/1444 1446/1446/1446 1478/1478/1478
f 1444/1444/1444 1478/1478/1478 1476/1476/1476
f 1445/1445/1445 1477/1477/1477 1479/1479/1479
f 1445/1445/1445 1479/1479/1479 1447/1447/1447
f 1446/1446/1446 1448/1448/1448 1480/1480/1480
f 1446/1446/1446 1480/1480/1480 1478/1478/1478
f 1447/1447/1447 1479/1479/1479 1481/1481/1481
f 1447/1447/1447 1481/1481/1481 1449/1449/1449
f 1448/1448/1448 1450/1450/1450 1482/1482/1482
f 1448/1448/1448 1482/1482/1482 1480/1480/1480
f 1449/1449/1449 1481/1481/1481 1483/1483/1483
f 1449/1449/1449 1483/1483/1483 1451/1451/1451
f 1450/1450/1450 1452/1452/1452 1484/1484/1484
f 1450/1450/1450 1484/1484/1484 1482/1482/1482
f 1451/1451/1451 1483/1483/1483 1485/1485/1485
f 1451/1451/1451 1485/1485/1485 1453/1453/1453
f 1452/1452/1452 1454/1454/1454 1486/1486/1486
f 1452/1452/1452 1486/1486/1486 1484/1484/1484
f 1453/1453/1453 1485/1485/1485 1487/1487/1487
f 1453/1453/1453 1487/1487/1487 1455/1455/1455
f 1454/1454/1454 1456/1456/1456 1488/1488/1488
f 1454/1454/1454 1488/1488/1488 1486/1486/1486
f 1455/1455/1455 1487/1487/1487 1489/1489/1489
f 1455/1455/1455 1489/1489/1489 1457/1457/1457
f 1456/1456/1456 1458/1458/1458 1490/1490/1490
f 1456/1456/1456 1490/1490/1490 1488/1488/1488
f 1457/1457/1457 1489/1489/1489 1491/1491/1491
f 1457/1457/1457 1491/1491/1491 1459/1459/1459
f 1458/1458/1458 1460/1460/1460 1492/1492/1492
f 1458/1458/1458 1492/1492/1492 1490/1490/1490
f 1459/1459/1459 1491/1491/1491 1493/1493/1493
f 1459/1459/1459 1493/1493/1493 1461/1461/1461
f 1460/1460/1460 1462/1462/1462 1494/1494/1494
f 1460/1460/1460 1494/1494/1494 1492/1492/1492
f 1461/1461/1461 1493/1493/1493 1495/1495/1495
f 1461/1461/1461 1495/1495/1495 1463/1463/1463
f 1462/1462/1462 1464/1464/1464 1496/1496/1496
f 1462/1462/1462 1496/1496/1496 1494/1494/1494
f 1465/1465/1465 1497/1497/1497 1499/1499/1499
f 1465/1465/1465 1499/1499/1499 1467/1467/1467
f 1466/1466/1466 1468/1468/1468 1500/1500/1500
f 1466/1466/1466 1500/1500/1500 1498/1498/1498
f 1467/1467/1467 1499/1499/1499 1501/1501/1501
f 1467/1467/1467 1501/1501/1501 1469/1469/1469
f 1468/1468/1468 1470/1470/1470 1502/1502/1502
f 1468/1468/1468 1502/1502/1502 1500/1500/1500
f 1469/1469/1469 1501/1501/1501 1503/1503/1503
f 1469/1469/1469 1503/1503/1503 1471/1471/1471
f 1470/1470/1470 1472/1472/1472 1504/1504/1504
f 1470/1470/1470 1504/1504/1504 1502/1502/1502
f 1471/1471/1471 1503/1503/1503 1505/1505/1505
f 1471/1471/1471 1505/1505/1505 1473/1473/1473
f 1472/1472/1472 1474/1474/1474 1506/1506/1506
f 1472/1472/1472 1506/1506/1506 1504/1504/1504
f 1473/1473/1473 1505/1505/1505 1507/1507/1507
f 1473/1473/1473 1507/1507/1507 1475/1475/1475
f 1474/1474/1474 1476/1476/1476 1508/1508/1508
f 1474/1474/1474 1508/1508/1508 1506/1506/1506
f 1475/1475/1475 1507/1507/1507 1509/1509/1509
f 1475/1475/1475 1509/1509/1509 1477/1477/1477
f 1476/1476/1476 1478/1478/1478 1510/1510/1510
f 1476/1476/1476 1510/1510/1510 1508/1508/1508
f 1477/1477/1477 1509/1509/1509 1511/1511/1511
f 1477/1477/1477 1511/1511/1511 1479/1479/1479
f 1478/1478/1478 1480/1480/1480 1512/1512/1512
f 1478/1478/1478 1512/1512/1512 1510/1510/1510
f 1479/1479/1479 1511/1511/1511 1513/1513/1513
f 1479/1479/1479 1513/1513/1513 1481/1481/1481
f 1480/1480/1480 1482/1482/1482 1514/1514/1514
f 1480/1480/1480 1514/1514/1514 1512/1512/1512
f 1481/1481/1481 1513/1513/1513 1515/1515/1515
f 1481/1481/1481 1515/1515/1515 1483/1483/1483
f 1482/1482/1482 1484/1484/1484 1516/1516/1516
f 1482/1482/1482 1516/1516/1516 1514/1514/1514
f 1483/1483/1483 1515/1515/1515 1517/1517/1517
f 1483/1483/1483 1517/1517/1517 1485/1485/1485
f 1484/1484/1484 1486/1486/1486 1518/1518/1518
f 1484/1484/1484 1518/1518/1518 1516/1516/1516
f 1485/1485/1485 1517/1517/1517 1519/1519/1519
f 1485/1485/1485 1519/1519/1519 1487/1487/1487
f 1486/1486/1486 1488/1488/1488 1520/1520/1520
f 1486/1486/1486 1520/1520/1520 1518/1518/1518
f 1487/1487/1487 1519/1519/1519 1521/1521/1521
f 1487/1487/1487 1521/1521/1521 1489/1489/1489
f 1488/1488/1488 1490/1490/1490 1522/1522/1522
f 1488/1488/1488 1522/1522/1522 1520/1520/1520
f 1489/1489/1489 1521/1521/1521 1523/1523/1523
f 1489/1489/1489 1523/1523/1523 1491/1491/1491
f 1490/1490/1490 1492/1492/1492 1524/1524/1524
f 1490/1490/1490 1524/1524/1524 1522/1522/1522
f 1491/1491/1491 1523/1523/1523 1525/1525/1525
f 1491/1491/1491 1525/1525/1525 1493/1493/1493
f 1492/1492/1492 1494/1494/1494 1526/1526/1526
f 1492/1492/1492 1526/1526/1526 1524/1524/1524
f 1493/1493/1493 1525/1525/1525 1527/1527/1527
f 1493/1493/1493 1527/1527/1527 1495/1495/1495
f 1494/1494/1494 1496/1496/1496 1528/1528/1528
f 1494/1494/1494 1528/1528/1528 1526/1526/1526
f 1497/1497/1497 1529/1529/1529 1531/1531/1531
f 1497/1497/1497 1531/1531/1531 1499/1499/1499
f 1498/1498/1498 1500/1500/1500 1532/1532/1532
f 1498/1498/1498 1532/1532/1532 1530/1530/1530
f 1499/1499/1499 1531/1531/1531 1533/1533/1533
f 1499/1499/1499 1533/1533/1533 1501/1501/1501
f 1500/1500/1500 1502/1502/1502 1534/1534/1534
f 1500/1500/1500 1534/1534/1534 1532/1532/1532
f 1501/1501/1501 1533/1533/1533 1535/1535/1535
f 1501/1501/1501 1535/1535/1535 1503/1503/1503
f 1502/1502/1502 1504/1504/1504 1536/1536/1536
f 1502/1502/1502 1536/1536/1536 1534/1534/1534
f 1503/1503/1503 1535/1535/1535 1537/1537/1537
f 1503/1503/1503 1537/1537/1537 1505/1505/1505
f 1504/1504/1504 1506/1506/1506 1538/1538/1538
f 1504/1504/1504 1538/1538/1538 1536/1536/1536
f 1505/1505/1505 1537/1537/1537 1539/1539/1539
f 1505/1505/1505 1539/1539/1539 1507/1507/1507
f 1506/1506/1506 1508/1508/1508 1540/1540/1540
f 1506/1506/1506 1540/1540/1540 1538/1538/1538
f 1507/1507/1507 1539/1539/1539 1541/1541/1541
f 1507/1507/1507 1541/1541/1541 1509/1509/1509
f 1508/1508/1508 1510/1510/1510 1542/1542/1542
f 1508/1508/1508 1542/1542/1542 1540/1540/1540
f 1509/1509/1509 1541/1541/1541 1543/1543/1543
f 1509/1509/1509 1543/1543/1543 1511/1511/1511
f 1510/1510/1510 1512/1512/1512 1544/1544/1544
f 1510/1510/1510 1544/1544/1544 1542/1542/1542
f 1511/1511/1511 1543/1543/1543 1545/1545/1545
f 1511/1511/1511 1545/1545/1545 1513/1513/1513
f 1512/1512/1512 1514/1514/1514 1546/1546/1546
f 1512/1512/1512 1546/1546/1546 1544/1544/1544
f 1513/1513/1513 1545/1545/1545 1547/1547/1547
f 1513/1513/1513 1547/1547/1547 1515/1515/1515
f 1514/1514/1514 1516/1516/1516 1548/1548/1548
f 1514/1514/1514 1548/1548/1548 1546/1546/1546
f 1515/1515/1515 1547/1547/1547 1549/1549/1549
f 1515/1515/1515 1549/1549/1549 1517/1517/1517
f 1516/1516/1516 1518/1518/1518 1550/1550/1550
f 1516/1516/1516 1550/1550/1550 1548/1548/1548
f 1517/1517/1517 1549/1549/1549 1551/1551/1551
f 1517/1517/1517 1551/1551/1551 1519/1519/1519
f 1518/1518/1518 1520/1520/1520 1552/1552/1552
f 1518/1518/1518 1552/1552/1552 1550/1550/1550
f 1519/1519/1519 1551/1551/1551 1553/1553/1553
f 1519/1519/1519 1553/1553/1553 1521/1521/1521
f 1520/1520/1520 1522/1522/1522 1554/1554/1554
f 1520/1520/1520 1554/1554/1554 1552/1552/1552
f 1521/1521/1521 1553/1553/1553 1555/1555/1555
f 1521/1521/1521 1555/1555/1555 1523/1523/1523
f 1522/1522/1522 1524/1524/1524 1556/1556/1556
f 1522/1522/1522 1556/1556/1556 1554/1554/1554
f 1523/1523/1523 1555/1555/1555 1557/1557/1557
f 1523/1523/1523 1557/1557/1557 1525/1525/1525
f 1524/1524/1524 1526/1526/1526 1558/1558/1558
f 1524/1524/1524 1558/1558/1558 1556/1556/1556
f 1525/1525/1525 1557/1557/1557 1559/1559/1559
f 1525/1525/1525 1559/1559/1559 1527/1527/1527
f 1526/1526/1526 1528/1528/1528 1560/1560/1560
f 1526/1526/1526 1560/1560/1560 1558/1558/1558
f 1529/1529/1529 1561/1561/1561 1563/1563/1563
f 1529/1529/1529 1563/1563/1563 1531/1531/1531
f 1530/1530/1530 1532/1532/1532 1564/1564/1564
f 1530/1530/1530 1564/1564/1564 1562/1562/1562
f 1531/1531/1531 1563/1563/1563 1565/1565/1565
f 1531/1531/1531 1565/1565/1565 1533/1533/1533
f 1532/1532/1532 1534/1534/1534 1566/1566/1566
f 1532/1532/1532 1566/1566/1566 1564/1564/1564
f 1533/1533/1533 1565/1565/1565 1567/1567/1567
f 1533/1533/1533 1567/1567/1567 1535/1535/1535
f 1534/1534/1534 1536/1536/1536 1568/1568/1568
f 1534/1534/1534 1568/1568/1568 1566/1566/1566
f 1535/1535/1535 1567/1567/1567 1569/1569/1569
f 1535/1535/1535 1569/1569/1569 1537/1537/1537
f 1536/1536/1536 1538/1538/1538 1570/1570/1570
f 1536/1536/1536 1570/1570/1570 1568/1568/1568
f 1537/1537/1537 1569/1569/1569 1571/1571/1571
f 1537/1537/1537 1571/1571/1571 1539/1539/1539
f 1538/1538/1538 1540/1540/1540 1572/1572/1572
f 1538/1538/1538 1572/1572/1572 1570/1570/1570
f 1539/1539/1539 1571/1571/1571 1573/1573/1573
f 1539/1539/1539 1573/1573/1573 1541/1541/1541
f 1540/1540/1540 1542/1542/1542 1574/1574/1574
f 1540/1540/1540 1574/1574/1574 1572/1572/1572
f 1541/1541/1541 1573/1573/1573 1575/1575/1575
f 1541/1541/1541 1575/1575/1575 1543/1543/1543
f 1542/1542/1542 1544/1544/1544 1576/1576/1576
f 1542/1542/1542 1576/1576/1576 1574/1574/1574
f 1543/1543/1543 1575/1575/1575 1577/1577/1577
f 1543/1543/1543 1577/1577/1577 1545/1545/1545
f 1544/1544/1544 1546/1546/1546 1578/1578/1578
f 1544/1544/1544 1578/1578/1578 1576/1576/1576
f 1545/1545/1545 1577/1577/1577 1579/1579/1579
f 1545/1545/1545 1579/1579/1579 1547/1547/1547
f 1546/1546/1546 1548/1548/1548 1580/1580/1580
f 1546/1546/1546 1580/1580/1580 1578/1578/1578
f 1547/1547/1547 1579/1579/1579 1581/1581/1581
f 1547/1547/1547 1581/1581/1581 1549/1549/1549
f 1548/1548/1548 1550/1550/1550 1582/1582/1582
f 1548/1548/1548 1582/1582/1582 1580/1580/1580
f 1549/1549/1549 1581/1581/1581 1583/1583/1583
f 1549/1549/1549 1583/1583/1583 1551/1551/1551
f 1550/1550/1550 1552/1552/1552 1584/1584/1584
f 1550/1550/1550 1584/1584/1584 1582/1582/1582
f 1551/1551/1551 1583/1583/1583 1585/1585/1585
f 1551/1551/1551 1585/1585/1585 1553/1553/1553
f 1552/1552/1552 1554/1554/1554 1586/1586/1586
f 1552/1552/1552 1586/1586/1586 1584/1584/1584
f 1553/1553/1553 1585/1585/1585 1587/1587/1587
f 1553/1553/1553 1587/1587/1587 1555/1555/1555
f 1554/1554/1554 1556/1556/1556 1588/1588/1588
f 1554/1554/1554 1588/1588/1588 1586/1586/1586
f 1555/1555/1555 1587/1587/1587 1589/1589/1589
f 1555/1555/1555 1589/1589/1589 1557/1557/1557
f 1556/1556/1556 1558/1558/1558 1590/1590/1590
f 1556/1556/1556 1590/1590/1590 1588/1588/1588
f 1557/1557/1557 1589/1589/1589 1591/1591/1591
f 1557/1557/1557 1591/1591/1591 1559/1559/1559
f 1558/1558/1558 1560/1560/1560 1592/1592/1592
f 1558/1558/1558 1592/1592/1592 1590/1590/1590
f 1561/1561/1561 1593/1593/1593 1595/1595/1595
f 1561/1561/1561 1595/1595/1595 1563/1563/1563
f 1562/1562/1562 1564/1564/1564 1596/1596/1596
f 1562/1562/1562 1596/1596/1596 1594/1594/1594
f 1563/1563/1563 1595/1595/1595 1597/1597/1597
f 1563/1563/1563 1597/1597/1597 1565/1565/1565
f 1564/1564/1564 1566/1566/1566 1598/1598/1598
f 1564/1564/1564 1598/1598/1598 1596/1596/1596
f 1565/1565/1565 1597/1597/1597 1599/1599/1599
f 1565/1565/1565 1599/1599/1599 1567/1567/1567
f 1566/1566/1566 1568/1568/1568 1600/1600/1600
f 1566/1566/1566 1600/1600/1600 1598/1598/1598
f 1567/1567/1567 1599/1599/1599 1601/1601/1601
f 1567/1567/1567 1601/1601/1601 1569/1569/1569
f 1568/1568/1568 1570/1570/1570 1602/1602/1602
f 1568/1568/1568 1602/1602/1602 1600/1600/1600
f 1569/1569/1569 1601/1601/1601 1603/1603/1603
f 1569/1569/1569 1603/1603/1603 1571/1571/1571
f 1570/1570/1570 1572/1572/1572 1604/1604/1604
f 1570/1570/1570 1604/1604/1604 1602/1602/1602
f 1571/1571/1571 1603/1603/1603 1605/1605/1605
f 1571/1571/1571 1605/1605/1605 1573/1573/1573
f 1572/1572/1572 1574/1574/1574 1606/1606/1606
f 1572/1572/1572 1606/1606/1606 1604/1604/1604
f 1573/1573/1573 1605/1605/1605 1607/1607/1607
f 1573/1573/1573 1607/1607/1607 1575/1575/1575
f 1574/1574/1574 1576/1576/1576 1608/1608/1608
f 1574/1574/1574 1608/1608/1608 1606/1606/1606
f 1575/1575/1575 1607/1607/1607 1609/1609/1609
f 1575/1575/1575 1609/1609/1609 1577/1577/1577
f 1576/1576/1576 1578/1578/1578 1610/1610/1610
f 1576/1576/1576 1610/1610/1610 1608/1608/1608
f 1577/1577/1577 1609/1609/1609 1611/1611/1611
f 1577/1577/1577 1611/1611/1611 1579/1579/1579
f 1578/1578/1578 1580/1580/1580 1612/1612/1612
f 1578/1578/1578 1612/1612/1612 1610/1610/1610
f 1579/1579/1579 1611/1611/1611 1613/1613/1613
f 1579/1579/1579 1613/1613/1613 1581/1581/1581
f 1580/1580/1580 1582/1582/1582 1614/1614/1614
f 1580/1580/1580 1614/1614/1614 1612/1612/1612
f 1581/1581/1581 1613/1613/1613 1615/1615/1615
f 1581/1581/1581 1615/1615/1615 1583/1583/1583
f 1582/1582/1582 1584/1584/1584 1616/1616/1616
f 1582/1582/1582 1616/1616/1616 1614/1614/1614
f 1583/1583/1583 1615/1615/1615 1617/1617/1617
f 1583/1583/1583 1617/1617/1617 1585/1585/1585
f 1584/1584/1584 1586/1586/1586 1618/1618/1618
f 1584/1584/1584 1618/1618/1618 1616/1616/1616
f 1585/1585/1585 1617/1617/1617 1619/1619/1619
f 1585/1585/1585 1619/1619/1619 1587/1587/1587
f 1586/1586/1586 1588/1588/1588 1620/1620/1620
f 1586/1586/1586 1620/1620/1620 1618/1618/1618
f 1587/1587/1587 1619/1619/1619 1621/1621/1621
f 1587/1587/1587 1621/1621/1621 1589/1589/1589
f 1588/1588/1588 1590/1590/1590 1622/1622/1622
f 1588/1588/1588 1622/1622/1622 1620/1620/1620
f 1589/1589/1589 1621/1621/1621 1623/1623/1623
f 1589/1589/1589 1623/1623/1623 1591/1591/1591
f 1590/1590/1590 1592/1592/1592 1624/1624/1624
f 1590/1590/1590 1624/1624/1624 1622/1622/1622
f 1337/1337/1337 1338/1338/1338 1370/1370/1370
f 1337/1337/1337 1370/1370/1370 1369/1369/1369
f 1367/1367/1367 1399/1399/1399 1400/1400/1400
f 1367/1367/1367 1400/1400/1400 1368/1368/1368
f 1369/1369/1369 1370/1370/1370 1402/1402/1402
f 1369/1369/1369 1402/1402/1402 1401/1401/1401
f 1399/1399/1399 1431/1431/1431 1432/1432/1432
f 1399/1399/1399 1432/1432/1432 1400/1400/1400
f 1401/1401/1401 1402/1402/1402 1434/1434/1434
f 1401/1401/1401 1434/1434/1434 1433/1433/1433
f 1431/1431/1431 1463/1463/1463 1464/1464/1464
f 1431/1431/1431 1464/1464/1464 1432/1432/1432
f 1433/1433/1433 1434/1434/1434 1466/1466/1466
f 1433/1433/1433 1466/1466/1466 1465/1465/1465
f 1463/1463/1463 1495/1495/1495 1496/1496/1496
f 1463/1463/1463 1496/1496/1496 1464/1464/1464
f 1465/1465/1465 1466/1466/1466 1498/1498/1498
f 1465/1465/1465 1498/1498/1498 1497/1497/1497
f 1495/1495/1495 1527/1527/1527 1528/1528/1528
f 1495/1495/1495 1528/1528/1528 1496/1496/1496
f 1497/1497/1497 1498/1498/1498 1530/1530/1530
f 1497/1497/1497 1530/1530/1530 1529/1529/1529
f 1527/1527/1527 1559/1559/1559 1560/1560/1560
f 1527/1527/1527 1560/1560/1560 1528/1528/1528
f 1529/1529/1529 1530/1530/1530 1562/1562/1562
f 1529/1529/1529 1562/1562/1562 1561/1561/1561
f 1559/1559/1559 1591/1591/1591 1592/1592/1592
f 1559/1559/1559 1592/1592/1592 1560/1560/1560
f 1561/1561/1561 1562/1562/1562 1594/1594/1594
f 1561/1561/1561 1594/1594/1594 1593/1593/1593
f 1591/1591/1591 1623/1623/1623 1624/1624/1624
f 1591/1591/1591 1624/1624/1624 1592/1592/1592
f 1337/1337/1337 1339/1339/1339 1340/1340/1340
f 1337/1337/1337 1340/1340/1340 1338/1338/1338
f 1593/1593/1593 1594/1594/1594 1596/1596/1596
f 1593/1593/1593 1596/1596/1596 1595/1595/1595
f 1339/1339/1339 1341/1341/1341 1342/1342/1342
f 1339/1339/1339 1342/1342/1342 1340/1340/1340
f 1595/1595/1595 1596/1596/1596 1598/1598/1598
f 1595/1595/1595 1598/1598/1598 1597/1597/1597
f 1341/1341/1341 1343/1343/1343 1344/1344/1344
f 1341/1341/1341 1344/1344/1344 1342/1342/1342
f 1597/1597/1597 1598/1598/1598 1600/1600/1600
f 1597/1597/1597 1600/1600/1600 1599/1599/1599
f 1343/1343/1343 1345/1345/1345 1346/1346/1346
f 1343/1343/1343 1346/1346/1346 1344/1344/1344
f 1599/1599/1599 1600/1600/1600 1602/1602/1602
f 1599/1599/1599 1602/1602/1602 1601/1601/1601
f 1345/1345/1345 1347/1347/1347 1348/1348/1348
f 1345/1345/1345 1348/1348/1348 1346/1346/1346
f 1601/1601/1601 1602/1602/1602 1604/1604/1604
f 1601/1601/1601 1604/1604/1604 1603/1603/1603
f 1347/1347/1347 1349/1349/1349 1350/1350/1350
f 1347/1347/1347 1350/1350/1350 1348/1348/1348
f 1603/1603/1603 1604/1604/1604 1606/1606/1606
f 1603/1603/1603 1606/1606/1606 1605/1605/1605
f 1349/1349/1349 1351/1351/1351 1352/1352/1352
f 1349/1349/1349 1352/1352/1352 1350/1350/1350
f 1605/1605/1605 1606/1606/1606 1608/1608/1608
f 1605/1605/1605 1608/1608/1608 1607/1607/1607
f 1351/1351/1351 1353/1353/1353 1354/1354/1354
f 1351/1351/1351 1354/1354/1354 1352/1352/1352
f 1607/1607/1607 1608/1608/1608 1610/1610/1610
f 1607/1607/1607 1610/1610/1610 1609/1609/1609
f 1353/1353/1353 1355/1355/1355 1356/1356/1356
f 1353/1353/1353 1356/1356/1356 1354/1354/1354
f 1609/1609/1609 1610/1610/1610 1612/1612/1612
f 1609/1609/1609 1612/1612/1612 1611/1611/1611
f 1355/1355/1355 1357/1357/1357 1358/1358/1358
f 1355/1355/1355 1358/1358/1358 1356/1356/1356
f 1611/1611/1611 1612/1612/1612 1614/1614/1614
f 1611/1611/1611 1614/1614/1614 1613/1613/1613
f 1357/1357/1357 1359/1359/1359 1360/1360/1360
f 1357/1357/1357 1360/1360/1360 1358/1358/1358
f 1613/1613/1613 1614/1614/1614 1616/1616/1616
f 1613/1613/1613 1616/1616/1616 1615/1615/1615
f 1359/1359/1359 1361/1361/1361 1362/1362/1362
f 1359/1359/1359 1362/1362/1362 1360/1360/1360
f 1615/1615/1615 1616/1616/1616 1618/1618/1618
f 1615/1615/1615 1618/1618/1618 1617/1617/1617
f 1361/1361/1361 1363/1363/1363 1364/1364/1364
f 1361/1361/1361 1364/1364/1364 1362/1362/1362
f 1617/1617/1617 1618/1618/1618 1620/1620/1620
f 1617/1617/1617 1620/1620/1620 1619/1619/1619
f 1363/1363/1363 1365/1365/1365 1366/1366/1366
f 1363/1363/1363 1366/1366/1366 1364/1364/1364
f 1619/1619/1619 1620/1620/1620 1622/1622/1622
f 1619/1619/1619 1622/1622/1622 1621/1621/1621
f 1365/1365/1365 1367/1367/1367 1368/1368/1368
f 1365/1365/1365 1368/1368/1368 1366/1366/1366
f 1621/1621/1621 1622/1622/1622 1624/1624/1624
f 1621/1621/1621 1624/1624/1624 1623/1623/1623
f 1625/1625/1625 1633/1633/1633 1634/1634/1634
f 1625/1625/1625 1634/1634/1634 1626/1626/1626
f 1626/1626/1626 1634/1634/1634 1635/1635/1635
f 1626/1626/1626 1635/1635/1635 1627/1627/1627
f 1627/1627/1627 1635/1635/1635 1636/1636/1636
f 1627/1627/1627 1636/1636/1636 1628/1628/1628
f 1628/1628/1628 1636/1636/1636 1637/1637/1637
f 1628/1628/1628 1637/1637/1637 1629/1629/1629
f 1629/1629/1629 1637/1637/1637 1638/1638/1638
f 1629/1629/1629 1638/1638/1638 1630/1630/1630
f 1630/1630/1630 1638/1638/1638 1639/1639/1639
f 1630/1630/1630 1639/1639/1639 1631/1631/1631
f 1631/1631/1631 1639/1639/1639 1640/1640/1640
f 1631/1631/1631 1640/1640/1640 1632/1632/1632
f 1632/1632/1632 1640/1640/1640 1633/1633/1633
f 1632/1632/1632 1633/1633/1633 1625/1625/1625
f 1633/1633/1633 1641/1641/1641 1642/1642/1642
f 1633/1633/1633 1642/1642/1642 1634/1634/1634
f 1634/1634/1634 1642/1642/1642 1643/1643/1643
f 1634/1634/1634 1643/1643/1643 1635/1635/1635
f 1635/1635/1635 1643/1643/1643 1644/1644/1644
f 1635/1635/1635 1644/1644/1644 1636/1636/1636
f 1636/1636/1636 1644/1644/1644 1645/1645/1645
f 1636/1636/1636 1645/1645/1645 1637/1637/1637
f 1637/1637/1637 1645/1645/1645 1646/1646/1646
f 1637/1637/1637 1646/1646/1646 1638/1638/1638
f 1638/1638/1638 1646/1646/1646 1647/1647/1647
f 1638/1638/1638 1647/1647/1647 1639/1639/1639
f 1639/1639/1639 1647/1647/1647 1648/1648/1648
f 1639/1639/1639 1648/1648/1648 1640/1640/1640
f 1640/1640/1640 1648/1648/1648 1641/1641/1641
f 1640/1640/1640 1641/1641/1641 1633/1633/1633
f 1641/1641/1641 1649/1649/1649 1650/1650/1650
f 1641/1641/1641 1650/1650/1650 1642/1642/1642
f 1642/1642/1642 1650/1650/1650 1651/1651/1651
f 1642/1642/1642 1651/1651/1651 1643/1643/1643
f 1643/1643/1643 1651/1651/1651 1652/1652/1652
f 1643/1643/1643 1652/1652/1652 1644/1644/1644
f 1644/1644/1644 1652/1652/1652 1653/1653/1653
f 1644/1644/1644 1653/1653/1653 1645/1645/1645
f 1645/1645/1645 1653/1653/1653 1654/1654/1654
f 1645/1645/1645 1654/1654/1654 1646/1646/1646
f 1646/1646/1646 1654/1654/1654 1655/1655/1655
f 1646/1646/1646 1655/1655/1655 1647/1647/1647
f 1647/1647/1647 1655/1655/1655 1656/1656/1656
f 1647/1647/1647 1656/1656/1656 1648/1648/1648
f 1648/1648/1648 1656/1656/1656 1649/1649/1649
f 1648/1648/1648 1649/1649/1649 1641/1641/1641
f 1649/1649/1649 1657/1657/1657 1658/1658/1658
f 1649/1649/1649 1658/1658/1658 1650/1650/1650
f 1650/1650/1650 1658/1658/1658 1659/1659/1659
f 1650/1650/1650 1659/1659/1659 1651/1651/1651
f 1651/1651/1651 1659/1659/1659 1660/1660/1660
f 1651/1651/1651 1660/1660/1660 1652/1652/1652
f 1652/1652/1652 1660/1660/1660 1661/1661/1661
f 1652/1652/1652 1661/1661/1661 1653/1653/1653
f 1653/1653/1653 1661/1661/1661 1662/1662/1662
f 1653/1653/1653 1662/1662/1662 1654/1654/1654
f 1654/1654/1654 1662/1662/1662 1663/1663/1663
f 1654/1654/1654 1663/1663/1663 1655/1655/1655
f 1655/1655/1655 1663/1663/1663 1664/1664/1664
f 1655/1655/1655 1664/1664/1664 1656/1656/1656
f 1656/1656/1656 1664/1664/1664 1657/1657/1657
f 1656/1656/1656 1657/1657/1657 1649/1649/1649
f 1665/1665/1665 1697/1697/1697 1699/1699/1699
f 1665/1665/1665 1699/1699/1699 1667/1667/1667
f 1666/1666/1666 1668/1668/1668 1700/1700/1700
f 1666/1666/1666 1700/1700/1700 1698/1698/1698
f 1667/1667/1667 1699/1699/1699 1701/1701/1701
f 1667/1667/1667 1701/1701/1701 1669/1669/1669
f 1668/1668/1668 1670/1670/1670 1702/1702/1702
f 1668/1668/1668 1702/1702/1702 1700/1700/1700
f 1669/1669/1669 1701/1701/1701 1703/1703/1703
f 1669/1669/1669 1703/1703/1703 1671/1671/1671
f 1670/1670/1670 1672/1672/1672 1704/1704/1704
f 1670/1670/1670 1704/1704/1704 1702/1702/1702
f 1671/1671/1671 1703/1703/1703 1705/1705/1705
f 1671/1671/1671 1705/1705/1705 1673/1673/1673
f 1672/1672/1672 1674/1674/1674 1706/1706/1706
f 1672/1672/1672 1706/1706/1706 1704/1704/1704
f 1673/1673/1673 1705/1705/1705 1707/1707/1707
f 1673/1673/1673 1707/1707/1707 1675/1675/1675
f 1674/1674/1674 1676/1676/1676 1708/1708/1708
f 1674/1674/1674 1708/1708/1708 1706/1706/1706
f 1675/1675/1675 1707/1707/1707 1709/1709/1709
f 1675/1675/1675 1709/1709/1709 1677/1677/1677
f 1676/1676/1676 1678/1678/1678 1710/1710/1710
f 1676/1676/1676 1710/1710/1710 1708/1708/1708
f 1677/1677/1677 1709/1709/1709 1711/1711/1711
f 1677/1677/1677 1711/1711/1711 1679/1679/1679
f 1678/1678/1678 1680/1680/1680 1712/1712/1712
f 1678/1678/1678 1712/1712/1712 1710/1710/1710
f 1679/1679/1679 1711/1711/1711 1713/1713/1713
f 1679/1679/1679 1713/1713/1713 1681/1681/1681
f 1680/1680/1680 1682/1682/1682 1714/1714/1714
f 1680/1680/1680 1714/1714/1714 1712/1712/1712
f 1681/1681/1681 1713/1713/1713 1715/1715/1715
f 1681/1681/1681 1715/1715/1715 1683/1683/1683
f 1682/1682/1682 1684/1684/1684 1716/1716/1716
f 1682/1682/1682 1716/1716/1716 1714/1714/1714
f 1683/1683/1683 1715/1715/1715 1717/1717/1717
f 1683/1683/1683 1717/1717/1717 1685/1685/1685
f 1684/1684/1684 1686/1686/1686 1718/1718/1718
f 1684/1684/1684 1718/1718/1718 1716/1716/1716
f 1685/1685/1685 1717/1717/1717 1719/1719/1719
f 1685/1685/1685 1719/1719/1719 1687/1687/1687
f 1686/1686/1686 1688/1688/1688 1720/1720/1720
f 1686/1686/1686 1720/1720/1720 1718/1718/1718
f 1687/1687/1687 1719/1719/1719 1721/1721/1721
f 1687/1687/1687 1721/1721/1721 1689/1689/1689
f 1688/1688/1688 1690/1690/1690 1722/1722/1722
f 1688/1688/1688 1722/1722/1722 1720/1720/1720
f 1689/1689/1689 1721/1721/1721 1723/1723/1723
f 1689/1689/1689 1723/1723/1723 1691/1691/1691
f 1690/1690/1690 1692/1692/1692 1724/1724/1724
f 1690/1690/1690 1724/1724/1724 1722/1722/1722
f 1691/1691/1691 1723/1723/1723 1725/1725/1725
f 1691/1691/1691 1725/1725/1725 1693/1693/1693
f 1692/1692/1692 1694/1694/1694 1726/1726/1726
f 1692/1692/1692 1726/1726/1726 1724/1724/1724
f 1693/1693/1693 1725/1725/1725 1727/1727/1727
f 1693/1693/1693 1727/1727/1727 1695/1695/1695
f 1694/1694/1694 1696/1696/1696 1728/1728/1728
f 1694/1694/1694 1728/1728/1728 1726/1726/1726
f 1697/1697/1697 1729/1729/1729 1731/1731/1731
f 1697/1697/1697 1731/1731/1731 1699/1699/1699
f 1698/1698/1698 1700/1700/1700 1732/1732/1732
f 1698/1698/1698 1732/1732/1732 1730/1730/1730
f 1699/1699/1699 1731/1731/1731 1733/1733/1733
f 1699/1699/1699 1733/1733/1733 1701/1701/1701
f 1700/1700/1700 1702/1702/1702 1734/1734/1734
f 1700/1700/1700 1734/1734/1734 1732/1732/1732
f 1701/1701/1701 1733/1733/1733 1735/1735/1735
f 1701/1701/1701 1735/1735/1735 1703/1703/1703
f 1702/1702/1702 1704/1704/1704 1736/1736/1736
f 1702/1702/1702 1736/1736/1736 1734/1734/1734
f 1703/1703/1703 1735/1735/1735 1737/1737/1737
f 1703/1703/1703 1737/1737/1737 1705/1705/1705
f 1704/1704/1704 1706/1706/1706 1738/1738/1738
f 1704/1704/1704 1738/1738/1738 1736/1736/1736
f 1705/1705/1705 1737/1737/1737 1739/1739/1739
f 1705/1705/1705 1739/1739/1739 1707/1707/1707
f 1706/1706/1706 1708/1708/1708 1740/1740/1740
f 1706/1706/1706 1740/1740/1740 1738/1738/1738
f 1707/1707/1707 1739/1739/1739 1741/1741/1741
f 1707/1707/1707 1741/1741/1741 1709/1709/1709
f 1708/1708/1708 1710/1710/1710 1742/1742/1742
f 1708/1708/1708 1742/1742/1742 1740/1740/1740
f 1709/1709/1709 1741/1741/1741 1743/1743/1743
f 1709/1709/1709 1743/1743/1743 1711/1711/1711
f 1710/1710/1710 1712/1712/1712 1744/1744/1744
f 1710/1710/1710 1744/1744/1744 1742/1742/1742
f 1711/1711/1711 1743/1743/1743 1745/1745/1745
f 1711/1711/1711 1745/1745/1745 1713/1713/1713
f 1712/1712/1712 1714/1714/1714 1746/1746/1746
f 1712/1712/1712 1746/1746/1746 1744/1744/1744
f 1713/1713/1713 1745/1745/1745 1747/1747/1747
f 1713/1713/1713 1747/1747/1747 1715/1715/1715
f 1714/1714/1714 1716/1716/1716 1748/1748/1748
f 1714/1714/1714 1748/1748/1748 1746/1746/1746
f 1715/1715/1715 1747/1747/1747 1749/1749/1749
f 1715/1715/1715 1749/1749/1749 1717/1717/1717
f 1716/1716/1716 1718/1718/1718 1750/1750/1750
f 1716/1716/1716 1750/1750/1750 1748/1748/1748
f 1717/1717/1717 1749/1749/1749 1751/1751/1751
f 1717/1717/1717 1751/1751/1751 1719/1719/1719
f 1718/1718/1718 1720/1720/1720 1752/1752/1752
f 1718/1718/1718 1752/1752/1752 1750/1750/1750
f 1719/1719/1719 1751/1751/1751 1753/1753/1753
f 1719/1719/1719 1753/1753/1753 1721/1721/1721
f 1720/1720/1720 1722/1722/1722 1754/1754/1754
f 1720/1720/1720 1754/1754/1754 1752/1752/1752
f 1721/1721/1721 1753/1753/1753 1755/1755/1755
f 1721/1721/1721 1755/1755/1755 1723/1723/1723
f 1722/1722/1722 1724/1724/1724 1756/1756/1756
f 1722/1722/1722 1756/1756/1756 1754/1754/1754
f 1723/1723/1723 1755/1755/1755 1757/1757/1757
f 1723/1723/1723 1757/1757/1757 1725/1725/1725
f 1724/1724/1724 1726/1726/1726 1758/1758/1758
f 1724/1724/1724 1758/1758/1758 1756/1756/1756
f 1725/1725/1725 1757/1757/1757 1759/1759/1759
f 1725/1725/1725 1759/1759/1759 1727/1727/1727
f 1726/1726/1726 1728/1728/1728 1760/1760/1760
f 1726/1726/1726 1760/1760/1760 1758/1758/1758
f 1729/1729/1729 1761/1761/1761 1763/1763/1763
f 1729/1729/1729 1763/1763/1763 1731/1731/1731
f 1730/1730/1730 1732/1732/1732 1764/1764/1764
f 1730/1730/1730 1764/1764/1764 1762/1762/1762
f 1731/1731/1731 1763/1763/1763 1765/1765/1765
f 1731/1731/1731 1765/1765/1765 1733/1733/1733
f 1732/1732/1732 1734/1734/1734 1766/1766/1766
f 1732/1732/1732 1766/1766/1766 1764/1764/1764
f 1733/1733/1733 1765/1765/1765 1767/1767/1767
f 1733/1733/1733 1767/1767/1767 1735/1735/1735
f 1734/1734/1734 1736/1736/1736 1768/1768/1768
f 1734/1734/1734 1768/1768/1768 1766/1766/1766
f 1735/1735/1735 1767/1767/1767 1769/1769/1769
f 1735/1735/1735 1769/1769/1769 1737/1737/1737
f 1736/1736/1736 1738/1738/1738 1770/1770/1770
f 1736/1736/1736 1770/1770/1770 1768/1768/1768
f 1737/1737/1737 1769/1769/1769 1771/1771/1771
f 1737/1737/1737 1771/1771/1771 1739/1739/1739
f 1738/1738/1738 1740/1740/1740 1772/1772/1772
f 1738/1738/1738 1772/1772/1772 1770/1770/1770
f 1739/1739/1739 1771/1771/1771 1773/1773/1773
f 1739/1739/1739 1773/1773/1773 1741/1741/1741
f 1740/1740/1740 1742/1742/1742 1774/1774/1774
f 1740/1740/1740 1774/1774/1774 1772/1772/1772
f 1741/1741/1741 1773/1773/1773 1775/1775/1775
f 1741/1741/1741 1775/1775/1775 1743/1743/1743
f 1742/1742/1742 1744/1744/1744 1776/1776/1776
f 1742/1742/1742 1776/1776/1776 1774/1774/1774
f 1743/1743/1743 1775/1775/1775 1777/1777/1777
f 1743/1743/1743 1777/1777/1777 1745/1745/1745
f 1744/1744/1744 1746/1746/1746 1778/1778/1778
f 1744/1744/1744 1778/1778/1778 1776/1776/1776
f 1745/1745/1745 1777/1777/1777 1779/1779/1779
f 1745/1745/1745 1779/1779/1779 1747/1747/1747
f 1746/1746/1746 1748/1748/1748 1780/1780/1780
f 1746/1746/1746 1780/1780/1780 1778/1778/1778
f 1747/1747/1747 1779/1779/1779 1781/1781/1781
f 1747/1747/1747 1781/1781/1781 1749/1749/1749
f 1748/1748/1748 1750/1750/1750 1782/1782/1782
f 1748/1748/1748 1782/1782/1782 1780/1780/1780
f 1749/1749/1749 1781/1781/1781 1783/1783/1783
f 1749/1749/1749 1783/1783/1783 1751/1751/1751
f 1750/1750/1750 1752/1752/1752 1784/1784/1784
f 1750/1750/1750 1784/1784/1784 1782/1782/1782
f 1751/1751/1751 1783/1783/1783 1785/1785/1785
f 1751/1751/1751 1785/1785/1785 1753/1753/1753
f 1752/1752/1752 1754/1754/1754 1786/1786/1786
f 1752/1752/1752 1786/1786/1786 1784/1784/1784
f 1753/1753/1753 1785/1785/1785 1787/1787/1787
f 1753/1753/1753 1787/1787/1787 1755/1755/1755
f 1754/1754/1754 1756/1756/1756 1788/1788/1788
f 1754/1754/1754 1788/1788/1788 1786/1786/1786
f 1755/1755/1755 1787/1787/1787 1789/1789/1789
f 1755/1755/1755 1789/1789/1789 1757/1757/1757
f 1756/1756/1756 1758/1758/1758 1790/1790/1790
f 1756/1756/1756 1790/1790/1790 1788/1788/1788
f 1757/1757/1757 1789/1789/1789 1791/1791/1791
f 1757/1757/1757 1791/1791/1791 1759/1759/1759
f 1758/1758/1758 1760/1760/1760 1792/1792/1792
f 1758/1758/1758 1792/1792/1792 1790/1790/1790
f 1761/1761/1761 1793/1793/1793 1795/1795/1795
f 1761/1761/1761 1795/1795/1795 1763/1763/1763
f 1762/1762/1762 1764/1764/1764 1796/1796/1796
f 1762/1762/1762 1796/1796/1796 1794/1794/1794
f 1763/1763/1763 1795/1795/1795 1797/1797/1797
f 1763/1763/1763 1797/1797/1797 1765/1765/1765
f 1764/1764/1764 1766/1766/1766 1798/1798/1798
f 1764/1764/1764 1798/1798/1798 1796/1796/1796
f 1765/1765/1765 1797/1797/1797 1799/1799/1799
f 1765/1765/1765 1799/1799/1799 1767/1767/1767
f 1766/1766/1766 1768/1768/1768 1800/1800/1800
f 1766/1766/1766 1800/1800/1800 1798/1798/1798
f 1767/1767/1767 1799/1799/1799 1801/1801/1801
f 1767/1767/1767 1801/1801/1801 1769/1769/1769
f 1768/1768/1768 1770/1770/1770 1802/1802/1802
f 1768/1768/1768 1802/1802/1802 1800/1800/1800
f 1769/1769/1769 1801/1801/1801 1803/1803/1803
f 1769/1769/1769 1803/1803/1803 1771/1771/1771
f 1770/1770/1770 1772/1772/1772 1804/1804/1804
f 1770/1770/1770 1804/1804/1804 1802/1802/1802
f 1771/1771/1771 1803/1803/1803 1805/1805/1805
f 1771/1771/1771 1805/1805/1805 1773/1773/1773
f 1772/1772/1772 1774/1774/1774 1806/1806/1806
f 1772/1772/1772 1806/1806/1806 1804/1804/1804
f 1773/1773/1773 1805/1805/1805 1807/1807/1807
f 1773/1773/1773 1807/1807/1807 1775/1775/1775
f 1774/1774/1774 1776/1776/1776 1808/1808/1808
f 1774/1774/1774 1808/1808/1808 1806/1806/1806
f 1775/1775/1775 1807/1807/1807 1809/1809/1809
f 1775/1775/1775 1809/1809/1809 1777/1777/1777
f 1776/1776/1776 1778/1778/1778 1810/1810/1810
f 1776/1776/1776 1810/1810/1810 1808/1808/1808
f 1777/1777/1777 1809/1809/1809 1811/1811/1811
f 1777/1777/1777 1811/1811/1811 1779/1779/1779
f 1778/1778/1778 1780/1780/1780 1812/1812/1812
f 1778/1778/1778 1812/1812/1812 1810/1810/1810
f 1779/1779/1779 1811/1811/1811 1813/1813/1813
f 1779/1779/1779 1813/1813/1813 1781/1781/1781
f 1780/1780/1780 1782/1782/1782 1814/1814/1814
f 1780/1780/1780 1814/1814/1814 1812/1812/1812
f 1781/1781/1781 1813/1813/1813 1815/1815/1815
f 1781/1781/1781 1815/1815/1815 1783/1783/1783
f 1782/1782/1782 1784/1784/1784 1816/1816/1816
f 1782/1782/1782 1816/1816/1816 1814/1814/1814
f 1783/1783/1783 1815/1815/1815 1817/1817/1817
f 1783/1783/1783 1817/1817/1817 1785/1785/1785
f 1784/1784/1784 1786/1786/1786 1818/1818/1818
f 1784/1784/1784 1818/1818/1818 1816/1816/1816
f 1785/1785/1785 1817/1817/1817 1819/1819/1819
f 1785/1785/1785 1819/1819/1819 1787/1787/1787
f 1786/1786/1786 1788/1788/1788 1820/1820/1820
f 1786/1786/1786 1820/1820/1820 1818/1818/1818
f 1787/1787/1787 1819/1819/1819 1821/1821/1821
f 1787/1787/1787 1821/1821/1821 1789/1789/1789
f 1788/1788/1788 1790/1790/1790 1822/1822/1822
f 1788/1788/1788 1822/1822/1822 1820/1820/1820
f 1789/1789/1789 1821/1821/1821 1823/1823/1823
f 1789/1789/1789 1823/1823/1823 1791/1791/1791
f 1790/1790/1790 1792/1792/1792 1824/1824/1824
f 1790/1790/1790 1824/1824/1824 1822/1822/1822
f 1793/1793/1793 1825/1825/1825 1827/1827/1827
f 1793/1793/1793 1827/1827/1827 1795/1795/1795
f 1794/1794/1794 1796/1796/1796 1828/1828/1828
f 1794/1794/1794 1828/1828/1828 1826/1826/1826
f 1795/1795/1795 1827/1827/1827 1829/1829/1829
f 1795/1795/1795 1829/1829/1829 1797/1797/1797
f 1796/1796/1796 1798/1798/1798 1830/1830/1830
f 1796/1796/1796 1830/1830/1830 1828/1828/1828
f 1797/1797/1797 1829/1829/1829 1831/1831/1831
f 1797/1797/1797 1831/1831/1831 1799/1799/1799
f 1798/1798/1798 1800/1800/1800 1832/1832/1832
f 1798/1798/1798 1832/1832/1832 1830/1830/1830
f 1799/1799/1799 1831/1831/1831 1833/1833/1833
f 1799/1799/1799 1833/1833/1833 1801/1801/1801
f 1800/1800/1800 1802/1802/1802 1834/1834/1834
f 1800/1800/1800 1834/1834/1834 1832/1832/1832
f 1801/1801/1801 1833/1833/1833 1835/1835/1835
f 1801/1801/1801 1835/1835/1835 1803/1803/1803
f 1802/1802/1802 1804/1804/1804 1836/1836/1836
f 1802/1802/1802 1836/1836/1836 1834/1834/1834
f 1803/1803/1803 1835/1835/1835 1837/1837/1837
f 1803/1803/1803 1837/1837/1837 1805/1805/1805
f 1804/1804/1804 1806/1806/1806 1838/1838/1838
f 1804/1804/1804 1838/1838/1838 1836/1836/1836
f 1805/1805/1805 1837/1837/1837 1839/1839/1839
f 1805/1805/1805 1839/1839/1839 1807/1807/1807
f 1806/1806/1806 1808/1808/1808 1840/1840/1840
f 1806/1806/1806 1840/1840/1840 1838/1838/1838
f 1807/1807/1807 1839/1839/1839 1841/1841/1841
f 1807/1807/1807 1841/1841/1841 1809/1809/1809
f 1808/1808/1808 1810/1810/1810 1842/1842/1842
f 1808/1808/1808 1842/1842/1842 1840/1840/1840
f 1809/1809/1809 1841/1841/1841 1843/1843/1843
f 1809/1809/1809 1843/1843/1843 1811/1811/1811
f 1810/1810/1810 1812/1812/1812 1844/1844/1844
f 1810/1810/1810 1844/1844/1844 1842/1842/1842
f 1811/1811/1811 1843/1843/1843 1845/1845/1845
f 1811/1811/1811 1845/1845/1845 1813/1813/1813
f 1812/1812/1812 1814/1814/1814 1846/1846/1846
f 1812/1812/1812 1846/1846/1846 1844/1844/1844
f 1813/1813/1813 1845/1845/1845 1847/1847/1847
f 1813/1813/1813 1847/1847/1847 1815/1815/1815
f 1814/1814/1814 1816/1816/1816 1848/1848/1848
f 1814/1814/1814 1848/1848/1848 1846/1846/1846
f 1815/1815/1815 1847/1847/1847 1849/1849/1849
f 1815/1815/1815 1849/1849/1849 1817/1817/1817
f 1816/1816/1816 1818/1818/1818 1850/1850/1850
f 1816/1816/1816 1850/1850/1850 1848/1848/1848
f 1817/1817/1817 1849/1849/1849 1851/1851/1851
f 1817/1817/1817 1851/1851/1851 1819/1819/1819
f 1818/1818/1818 1820/1820/1820 1852/1852/1852
f 1818/1818/1818 1852/1852/1852 1850/1850/1850
f 1819/1819/1819 1851/1851/1851 1853/1853/1853
f 1819/1819/1819 1853/1853/1853 1821/1821/1821
f 1820/1820/1820 1822/1822/1822 1854/1854/1854
f 1820/1820/1820 1854/1854/1854 1852/1852/1852
f 1821/1821/1821 1853/1853/1853 1855/1855/1855
f 1821/1821/1821 1855/1855/1855 1823/1823/1823
f 1822/1822/1822 1824/1824/1824 1856/1856/1856
f 1822/1822/1822 1856/1856/1856 1854/1854/1854
f 1825/1825/1825 1857/1857/1857 1859/1859/1859
f 1825/1825/1825 1859/1859/1859 1827/1827/1827
f 1826/1826/1826 1828/1828/1828 1860/1860/1860
f 1826/1826/1826 1860/1860/1860 1858/1858/1858
f 1827/1827/1827 1859/1859/1859 1861/1861/1861
f 1827/1827/1827 1861/1861/1861 1829/1829/1829
f 1828/1828/1828 1830/1830/1830 1862/1862/1862
f 1828/1828/1828 1862/1862/1862 1860/1860/1860
f 1829/1829/1829 1861/1861/1861 1863/1863/1863
f 1829/1829/1829 1863/1863/1863 1831/1831/1831
f 1830/1830/1830 1832/1832/1832 1864/1864/1864
f 1830/1830/1830 1864/1864/1864 1862/1862/1862
f 1831/1831/1831 1863/1863/1863 1865/1865/1865
f 1831/1831/1831 1865/1865/1865 1833/1833/1833
f 1832/1832/1832 1834/1834/1834 1866/1866/1866
f 1832/1832/1832 1866/1866/1866 1864/1864/1864
f 1833/1833/1833 1865/1865/1865 1867/1867/1867
f 1833/1833/1833 1867/1867/1867 1835/1835/1835
f 1834/1834/1834 1836/1836/1836 1868/1868/1868
f 1834/1834/1834 1868/1868/1868 1866/1866/1866
f 1835/1835/1835 1867/1867/1867 1869/1869/1869
f 1835/1835/1835 1869/1869/1869 1837/1837/1837
f 1836/1836/1836 1838/1838/1838 1870/1870/1870
f 1836/1836/1836 1870/1870/1870 1868/1868/1868
f 1837/1837/1837 1869/1869/1869 1871/1871/1871
f 1837/1837/1837 1871/1871/1871 1839/1839/1839
f 1838/1838/1838 1840/1840/1840 1872/1872/1872
f 1838/1838/1838 1872/1872/1872 1870/1870/1870
f 1839/1839/1839 1871/1871/1871 1873/1873/1873
f 1839/1839/1839 1873/1873/1873 1841/1841/1841
f 1840/1840/1840 1842/1842/1842 1874/1874/1874
f 1840/1840/1840 1874/1874/1874 1872/1872/1872
f 1841/1841/1841 1873/1873/1873 1875/1875/1875
f 1841/1841/1841 1875/1875/1875 1843/1843/1843
f 1842/1842/1842 1844/1844/1844 1876/1876/1876
f 1842/1842/1842 1876/1876/1876 1874/1874/1874
f 1843/1843/1843 1875/1875/1875 1877/1877/1877
f 1843/1843/1843 1877/1877/1877 1845/1845/1845
f 1844/1844/1844 1846/1846/1846 1878/1878/1878
f 1844/1844/1844 1878/1878/1878 1876/1876/1876
f 1845/1845/1845 1877/1877/1877 1879/1879/1879
f 1845/1845/1845 1879/1879/1879 1847/1847/1847
f 1846/1846/1846 1848/1848/1848 1880/1880/1880
f 1846/1846/1846 1880/1880/1880 1878/1878/1878
f 1847/1847/1847 1879/1879/1879 1881/1881/1881
f 1847/1847/1847 1881/1881/1881 1849/1849/1849
f 1848/1848/1848 1850/1850/1850 1882/1882/1882
f 1848/1848/1848 1882/1882/1882 1880/1880/1880
f 1849/1849/1849 1881/1881/1881 1883/1883/1883
f 1849/1849/1849 1883/1883/1883 1851/1851/1851
f 1850/1850/1850 1852/1852/1852 1884/1884/1884
f 1850/1850/1850 1884/1884/1884 1882/1882/1882
f 1851/1851/1851 1883/1883/1883 1885/1885/1885
f 1851/1851/1851 1885/1885/1885 1853/1853/1853
f 1852/1852/1852 1854/1854/1854 1886/1886/1886
f 1852/1852/1852 1886/1886/1886 1884/1884/1884
f 1853/1853/1853 1885/1885/1885 1887/1887/1887
f 1853/1853/1853 1887/1887/1887 1855/1855/1855
f 1854/1854/1854 1856/1856/1856 1888/1888/1888
f 1854/1854/1854 1888/1888/1888 1886/1886/1886
f 1857/1857/1857 1889/1889/1889 1891/1891/1891
f 1857/1857/1857 1891/1891/1891 1859/1859/1859
f 1858/1858/1858 1860/1860/1860 1892/1892/1892
f 1858/1858/1858 1892/1892/1892 1890/1890/1890
f 1859/1859/1859 1891/1891/1891 1893/1893/1893
f 1859/1859/1859 1893/1893/1893 1861/1861/1861
f 1860/1860/1860 1862/1862/1862 1894/1894/1894
f 1860/1860/1860 1894/1894/1894 1892/1892/1892
f 1861/1861/1861 1893/1893/1893 1895/1895/1895
f 1861/1861/1861 1895/1895/1895 1863/1863/1863
f 1862/1862/1862 1864/1864/1864 1896/1896/1896
f 1862/1862/1862 1896/1896/1896 1894/1894/1894
f 1863/1863/1863 1895/1895/1895 1897/1897/1897
f 1863/1863/1863 1897/1897/1897 1865/1865/1865
f 1864/1864/1864 1866/1866/1866 1898/1898/1898
f 1864/1864/1864 1898/1898/1898 1896/1896/1896
f 1865/1865/1865 1897/1897/1897 1899/1899/1899
f 1865/1865/1865 1899/1899/1899 1867/1867/1867
f 1866/1866/1866 1868/1868/1868 1900/1900/1900
f 1866/1866/1866 1900/1900/1900 1898/1898/1898
f 1867/1867/1867 1899/1899/1899 1901/1901/1901
f 1867/1867/1867 1901/1901/1901 1869/1869/1869
f 1868/1868/1868 1870/1870/1870 1902/1902/1902
f 1868/1868/1868 1902/1902/1902 1900/1900/1900
f 1869/1869/1869 1901/1901/1901 1903/1903/1903
f 1869/1869/1869 1903/1903/1903 1871/1871/1871
f 1870/1870/1870 1872/1872/1872 1904/1904/1904
f 1870/1870/1870 1904/1904/1904 1902/1902/1902
f 1871/1871/1871 1903/1903/1903 1905/1905/1905
f 1871/1871/1871 1905/1905/1905 1873/1873/1873
f 1872/1872/1872 1874/1874/1874 1906/1906/1906
f 1872/1872/1872 1906/1906/1906 1904/1904/1904
f 1873/1873/1873 1905/1905/1905 1907/1907/1907
f 1873/1873/1873 1907/1907/1907 1875/1875/1875
f 1874/1874/1874 1876/1876/1876 1908/1908/1908
f 1874/1874/1874 1908/1908/1908 1906/1906/1906
f 1875/1875/1875 1907/1907/1907 1909/1909/1909
f 1875/1875/1875 1909/1909/1909 1877/1877/1877
f 1876/1876/1876 1878/1878/1878 1910/1910/1910
f 1876/1876/1876 1910/1910/1910 1908/1908/1908
f 1877/1877/1877 1909/1909/1909 1911/1911/1911
f 1877/1877/1877 1911/1911/1911 1879/1879/1879
f 1878/1878/1878 1880/1880/1880 1912/1912/1912
f 1878/1878/1878 1912/1912/1912 1910/1910/1910
f 1879/1879/1879 1911/1911/1911 1913/1913/1913
f 1879/1879/1879 1913/1913/1913 1881/1881/1881
f 1880/1880/1880 1882/1882/1882 1914/1914/1914
f 1880/1880/1880 1914/1914/1914 1912/1912/1912
f 1881/1881/1881 1913/1913/1913 1915/1915/1915
f 1881/1881/1881 1915/1915/1915 1883/1883/1883
f 1882/1882/1882 1884/1884/1884 1916/1916/1916
f 1882/1882/1882 1916/1916/1916 1914/1914/1914
f 1883/1883/1883 1915/1915/1915 1917/1917/1917
f 1883/1883/1883 1917/1917/1917 1885/1885/1885
f 1884/1884/1884 1886/1886/1886 1918/1918/1918
f 1884/1884/1884 1918/1918/1918 1916/1916/1916
f 1885/1885/1885 1917/1917/1917 1919/1919/1919
f 1885/1885/1885 1919/1919/1919 1887/1887/1887
f 1886/1886/1886 1888/1888/1888 1920/1920/1920
f 1886/1886/1886 1920/1920/1920 1918/1918/1918
f 1889/1889/1889 1921/1921/1921 1923/1923/1923
f 1889/1889/1889 1923/1923/1923 1891/1891/1891
f 1890/1890/1890 1892/1892/1892 1924/1924/1924
f 1890/1890/1890 1924/1924/1924 1922/1922/1922
f 1891/1891/1891 1923/1923/1923 1925/1925/1925
f 1891/1891/1891 1925/1925/1925 1893/1893/1893
f 1892/1892/1892 1894/1894/1894 1926/1926/1926
f 1892/1892/1892 1926/1926/1926 1924/1924/1924
f 1893/1893/1893 1925/1925/1925 1927/1927/1927
f 1893/1893/1893 1927/1927/1927 1895/1895/1895
f 1894/1894/1894 1896/1896/1896 1928/1928/1928
f 1894/1894/1894 1928/1928/1928 1926/1926/1926
f 1895/1895/1895 1927/1927/1927 1929/1929/1929
f 1895/1895/1895 1929/1929/1929 1897/1897/1897
f 1896/1896/1896 1898/1898/1898 1930/1930/1930
f 1896/1896/1896 1930/1930/1930 1928/1928/1928
f 1897/1897/1897 1929/1929/1929 1931/1931/1931
f 1897/1897/1897 1931/1931/1931 1899/1899/1899
f 1898/1898/1898 1900/1900/1900 1932/1932/1932
f 1898/1898/1898 1932/1932/1932 1930/1930/1930
f 1899/1899/1899 1931/1931/1931 1933/1933/1933
f 1899/1899/1899 1933/1933/1933 1901/1901/1901
f 1900/1900/1900 1902/1902/1902 1934/1934/1934
f 1900/1900/1900 1934/1934/1934 1932/1932/1932
f 1901/1901/1901 1933/1933/1933 1935/1935/1935
f 1901/1901/1901 1935/1935/1935 1903/1903/1903
f 1902/1902/1902 1904/1904/1904 1936/1936/1936
f 1902/1902/1902 1936/1936/1936 1934/1934/1934
f 1903/1903/1903 1935/1935/1935 1937/1937/1937
f 1903/1903/1903 1937/1937/1937 1905/1905/1905
f 1904/1904/1904 1906/1906/1906 1938/1938/1938
f 1904/1904/1904 1938/1938/1938 1936/1936/1936
f 1905/1905/1905 1937/1937/1937 1939/1939/1939
f 1905/1905/1905 1939/1939/1939 1907/1907/1907
f 1906/1906/1906 1908/1908/1908 1940/1940/1940
f 1906/1906/1906 1940/1940/1940 1938/1938/1938
f 1907/1907/1907 1939/1939/1939 1941/1941/1941
f 1907/1907/1907 1941/1941/1941 1909/1909/1909
f 1908/1908/1908 1910/1910/1910 1942/1942/1942
f 1908/1908/1908 1942/1942/1942 1940/1940/1940
f 1909/1909/1909 1941/1941/1941 1943/1943/1943
f 1909/1909/1909 1943/1943/1943 1911/1911/1911
f 1910/1910/1910 1912/1912/1912 1944/1944/1944
f 1910/1910/1910 1944/1944/1944 1942/1942/1942
f 1911/1911/1911 1943/1943/1943 1945/1945/1945
f 1911/1911/1911 1945/1945/1945 1913/1913/1913
f 1912/1912/1912 1914/1914/1914 1946/1946/1946
f 1912/1912/1912 1946/1946/1946 1944/1944/1944
f 1913/1913/1913 1945/1945/1945 1947/1947/1947
f 1913/1913/1913 1947/1947/1947 1915/1915/1915
f 1914/1914/1914 1916/1916/1916 1948/1948/1948
f 1914/1914/1914 1948/1948/1948 1946/1946/1946
f 1915/1915/1915 1947/1947/1947 1949/1949/1949
f 1915/1915/1915 1949/1949/1949 1917/1917/1917
f 1916/1916/1916 1918/1918/1918 1950/1950/1950
f 1916/1916/1916 1950/1950/1950 1948/1948/1948
f 1917/1917/1917 1949/1949/1949 1951/1951/1951
f 1917/1917/1917 1951/1951/1951 1919/1919/1919
f 1918/1918/1918 1920/1920/1920 1952/1952/1952
f 1918/1918/1918 1952/1952/1952 1950/1950/1950
f 1665/1665/1665 1666/1666/1666 1698/1698/1698
f 1665/1665/1665 1698/1698/1698 1697/1697/1697
f 1695/1695/1695 1727/1727/1727 1728/1728/1728
f 1695/1695/1695 1728/1728/1728 1696/1696/1696
f 1697/1697/1697 1698/1698/1698 1730/1730/1730
f 1697/1697/1697 1730/1730/1730 1729/1729/1729
f 1727/1727/1727 1759/1759/1759 1760/1760/1760
f 1727/1727/1727 1760/1760/1760 1728/1728/1728
f 1729/1729/1729 1730/1730/1730 1762/1762/1762
f 1729/1729/1729 1762/1762/1762 1761/1761/1761
f 1759/1759/1759 1791/1791/1791 1792/1792/1792
f 1759/1759/1759 1792/1792/1792 1760/1760/1760
f 1761/1761/1761 1762/1762/1762 1794/1794/1794
f 1761/1761/1761 1794/1794/1794 1793/1793/1793
f 1791/1791/1791 1823/1823/1823 1824/1824/1824
f 1791/1791/1791 1824/1824/1824 1792/1792/1792
f 1793/1793/1793 1794/1794/1794 1826/1826/1826
f 1793/1793/1793 1826/1826/1826 1825/1825/1825
f 1823/1823/1823 1855/1855/1855 1856/1856/1856
f 1823/1823/1823 1856/1856/1856 1824/1824/1824
f 1825/1825/1825 1826/1826/1826 1858/1858/1858
f 1825/1825/1825 1858/1858/1858 1857/1857/1857
f 1855/1855/1855 1887/1887/1887 1888/1888/1888
f 1855/1855/1855 1888/1888/1888 1856/1856/1856
f 1857/1857/1857 1858/1858/1858 1890/1890/1890
f 1857/1857/1857 1890/1890/1890 1889/1889/1889
f 1887/1887/1887 1919/1919/1919 1920/1920/1920
f 1887/1887/1887 1920/1920/1920 1888/1888/1888
f 1889/1889/1889 1890/1890/1890 1922/1922/1922
f 1889/1889/1889 1922/1922/1922 1921/1921/1921
f 1919/1919/1919 1951/1951/1951 1952/1952/1952
f 1919/1919/1919 1952/1952/1952 1920/1920/1920
f 1665/1665/1665 1667/1667/1667 1668/1668/1668
f 1665/1665/1665 1668/1668/1668 1666/1666/1666
f 1921/1921/1921 1922/1922/1922 1924/1924/1924
f 1921/1921/1921 1924/1924/1924 1923/1923/1923
f 1667/1667/1667 1669/1669/1669 1670/1670/1670
f 1667/1667/1667 1670/1670/1670 1668/1668/1668
f 1923/1923/1923 1924/1924/1924 1926/1926/1926
f 1923/1923/1923 1926/1926/1926 1925/1925/1925
f 1669/1669/1669 1671/1671/1671 1672/1672/1672
f 1669/1669/1669 1672/1672/1672 1670/1670/1670
f 1925/1925/1925 1926/1926/1926 1928/1928/1928
f 1925/1925/1925 1928/1928/1928 1927/1927/1927
f 1671/1671/1671 1673/1673/1673 1674/1674/1674
f 1671/1671/1671 1674/1674/1674 1672/1672/1672
f 1927/1927/1927 1928/1928/1928 1930/1930/1930
f 1927/1927/1927 1930/1930/1930 1929/1929/1929
f 1673/1673/1673 1675/1675/1675 1676/1676/1676
f 1673/1673/1673 1676/1676/1676 1674/1674/1674
f 1929/1929/1929 1930/1930/1930 1932/1932/1932
f 1929/1929/1929 1932/1932/1932 1931/1931/1931
f 1675/1675/1675 1677/1677/1677 1678/1678/1678
f 1675/1675/1675 1678/1678/1678 1676/1676/1676
f 1931/1931/1931 1932/1932/1932 1934/1934/1934
f 1931/1931/1931 1934/1934/1934 1933/1933/1933
f 1677/1677/1677 1679/1679/1679 1680/1680/1680
f 1677/1677/1677 1680/1680/1680 1678/1678/1678
f 1933/1933/1933 1934/1934/1934 1936/1936/1936
f 1933/1933/1933 1936/1936/1936 1935/1935/1935
f 1679/1679/1679 1681/1681/1681 1682/1682/1682
f 1679/1679/1679 1682/1682/1682 1680/1680/1680
f 1935/1935/1935 1936/1936/1936 1938/1938/1938
f 1935/1935/1935 1938/1938/1938 1937/1937/1937
f 1681/1681/1681 1683/1683/1683 1684/1684/1684
f 1681/1681/1681 1684/1684/1684 1682/1682/1682
f 1937/1937/1937 1938/1938/1938 1940/1940/1940
f 1937/1937/1937 1940/1940/1940 1939/1939/1939
f 1683/1683/1683 1685/1685/1685 1686/1686/1686
f 1683/1683/1683 1686/1686/1686 1684/1684/1684
f 1939/1939/1939 1940/1940/1940 1942/1942/1942
f 1939/1939/1939 1942/1942/1942 1941/1941/1941
f 1685/1685/1685 1687/1687/1687 1688/1688/1688
f 1685/1685/1685 1688/1688/1688 1686/1686/1686
f 1941/1941/1941 1942/1942/1942 1944/1944/1944
f 1941/1941/1941 1944/1944/1944 1943/1943/1943
f 1687/1687/1687 1689/1689/1689 1690/1690/1690
f 1687/1687/1687 1690/1690/1690 1688/1688/1688
f 1943/1943/1943 1944/1944/1944 1946/1946/1946
f 1943/1943/1943 1946/1946/1946 1945/1945/1945
f 1689/1689/1689 1691/1691/1691 1692/1692/1692
f 1689/1689/1689 1692/1692/1692 1690/1690/1690
f 1945/1945/1945 1946/1946/1946 1948/1948/1948
f 1945/1945/1945 1948/1948/1948 1947/1947/1947
f 1691/1691/1691 1693/1693/1693 1694/1694/1694
f 1691/1691/1691 1694/1694/1694 1692/1692/1692
f 1947/1947/1947 1948/1948/1948 1950/1950/1950
f 1947/1947/1947 1950/1950/1950 1949/1949/1949
f 1693/1693/1693 1695/1695/1695 1696/1696/1696
f 1693/1693/1693 1696/1696/1696 1694/1694/1694
f 1949/1949/1949 1950/1950/1950 1952/1952/1952
f 1949/1949/1949 1952/1952/1952 1951/1951/1951
f 1953/1953/1953 1961/1961/1961 1962/1962/1962
f 1953/1953/1953 1962/1962/1962 1954/1954/1954
f 1954/1954/1954 1962/1962/1962 1963/1963/1963
f 1954/1954/1954 1963/1963/1963 1955/1955/1955
f 1955/1955/1955 1963/1963/1963 1964/1964/1964
f 1955/1955/1955 1964/1964/1964 1956/1956/1956
f 1956/1956/1956 1964/1964/1964 1965/1965/1965
f 1956/1956/1956 1965/1965/1965 1957/1957/1957
f 1957/1957/1957 1965/1965/1965 1966/1966/1966
f 1957/1957/1957 1966/1966/1966 1958/1958/1958
f 1958/1958/1958 1966/1966/1966 1967/1967/1967
f 1958/1958/1958 1967/1967/1967 1959/1959/1959
f 1959/1959/1959 1967/1967/1967 1968/1968/1968
f 1959/1959/1959 1968/1968/1968 1960/1960/1960
f 1960/1960/1960 1968/1968/1968 1961/1961/1961
f 1960/1960/1960 1961/1961/1961 1953/1953/1953
f 1961/1961/1961 1969/1969/1969 1970/1970/1970
f 1961/1961/1961 1970/1970/1970 1962/1962/1962
f 1962/1962/1962 1970/1970/1970 1971/1971/1971
f 1962/1962/1962 1971/1971/1971 1963/1963/1963
f 1963/1963/1963 1971/1971/1971 1972/1972/1972
f 1963/1963/1963 1972/1972/1972 1964/1964/1964
f 1964/1964/1964 1972/1972/1972 1973/1973/1973
f 1964/1964/1964 1973/1973/1973 1965/1965/1965
f 1965/1965/1965 1973/1973/1973 1974/1974/1974
f 1965/1965/1965 1974/1974/1974 1966/1966/1966
f 1966/1966/1966 1974/1974/1974 1975/1975/1975
f 1966/1966/1966 1975/1975/1975 1967/1967/1967
f 1967/1967/1967 1975/1975/1975 1976/1976/1976
f 1967/1967/1967 1976/1976/1976 1968/1968/1968
f 1968/1968/1968 1976/1976/1976 1969/1969/1969
f 1968/1968/1968 1969/1969/1969 1961/1961/1961
f 1969/1969/1969 1977/1977/1977 1978/1978/1978
f 1969/1969/1969 1978/1978/1978 1970/1970/1970
f 1970/1970/1970 1978/1978/1978 1979/1979/1979
f 1970/1970/1970 1979/1979/1979 1971/1971/1971
f 1971/1971/1971 1979/1979/1979 1980/1980/1980
f 1971/1971/1971 1980/1980/1980 1972/1972/1972
f 1972/1972/1972 1980/1980/1980 1981/1981/1981
f 1972/1972/1972 1981/1981/1981 1973/1973/1973
f 1973/1973/1973 1981/1981/1981 1982/1982/1982
f 1973/1973/1973 1982/1982/1982 1974/1974/1974
f 1974/1974/1974 1982/1982/1982 1983/1983/1983
f 1974/1974/1974 1983/1983/1983 1975/1975/1975
f 1975/1975/1975 1983/1983/1983 1984/1984/1984
f 1975/1975/1975 1984/1984/1984 1976/1976/1976
f 1976/1976/1976 1984/1984/1984 1977/1977/1977
f 1976/1976/1976 1977/1977/1977 1969/1969/1969
f 1977/1977/1977 1985/1985/1985 1986/1986/1986
f 1977/1977/1977 1986/1986/1986 1978/1978/1978
f 1978/1978/1978 1986/1986/1986 1987/1987/1987
f 1978/1978/1978 1987/1987/1987 1979/1979/1979
f 1979/1979/1979 1987/1987/1987 1988/1988/1988
f 1979/1979/1979 1988/1988/1988 1980/1980/1980
f 1980/1980/1980 1988/1988/1988 1989/1989/1989
f 1980/1980/1980 1989/1989/1989 1981/1981/1981
f 1981/1981/1981 1989/1989/1989 1990/1990/1990
f 1981/1981/1981 1990/1990/1990 1982/1982/1982
f 1982/1982/1982 1990/1990/1990 1991/1991/1991
f 1982/1982/1982 1991/1991/1991 1983/1983/1983
f 1983/1983/1983 1991/1991/1991 1992/1992/1992
f 1983/1983/1983 1992/1992/1992 1984/1984/1984
f 1984/1984/1984 1992/1992/1992 1985/1985/1985
f 1984/1984/1984 1985/1985/1985 1977/1977/1977
f 1993/1993/1993 2025/2025/2025 2027/2027/2027
f 1993/1993/1993 2027/2027/2027 1995/1995/1995
f 1994/1994/1994 1996/1996/1996 2028/2028/2028
f 1994/1994/1994 2028/2028/2028 2026/2026/2026
f 1995/1995/1995 2027/2027/2027 2029/2029/2029
f 1995/1995/1995 2029/2029/2029 1997/1997/1997
f 1996/1996/1996 1998/1998/1998 2030/2030/2030
f 1996/1996/1996 2030/2030/2030 2028/2028/2028
f 1997/1997/1997 2029/2029/2029 2031/2031/2031
f 1997/1997/1997 2031/2031/2031 1999/1999/1999
f 1998/1998/1998 2000/2000/2000 2032/2032/2032
f 1998/1998/1998 2032/2032/2032 2030/2030/2030
f 1999/1999/1999 2031/2031/2031 2033/2033/2033
f 1999/1999/1999 2033/2033/2033 2001/2001/2001
f 2000/2000/2000 2002/2002/2002 2034/2034/2034
f 2000/2000/2000 2034/2034/2034 2032/2032/2032
f 2001/2001/2001 2033/2033/2033 2035/2035/2035
f 2001/2001/2001 2035/2035/2035 2003/2003/2003
f 2002/2002/2002 2004/2004/2004 2036/2036/2036
f 2002/2002/2002 2036/2036/2036 2034/2034/2034
f 2003/2003/2003 2035/2035/2035 2037/2037/2037
f 2003/2003/2003 2037/2037/2037 2005/2005/2005
f 2004/2004/2004 2006/2006/2006 2038/2038/2038
f 2004/2004/2004 2038/2038/2038 2036/2036/2036
f 2005/2005/2005 2037/2037/2037 2039/2039/2039
f 2005/2005/2005 2039/2039/2039 2007/2007/2007
f 2006/2006/2006 2008/2008/2008 2040/2040/2040
f 2006/2006/2006 2040/2040/2040 2038/2038/2038
f 2007/2007/2007 2039/2039/2039 2041/2041/2041
f 2007/2007/2007 2041/2041/2041 2009/2009/2009
f 2008/2008/2008 2010/2010/2010 2042/2042/2042
f 2008/2008/2008 2042/2042/2042 2040/2040/2040
f 2009/2009/2009 2041/2041/2041 2043/2043/2043
f 2009/2009/2009 2043/2043/2043 2011/2011/2011
f 2010/2010/2010 2012/2012/2012 2044/2044/2044
f 2010/2010/2010 2044/2044/2044 2042/2042/2042
f 2011/2011/2011 2043/2043/2043 2045/2045/2045
f 2011/2011/2011 2045/2045/2045 2013/2013/2013
f 2012/2012/2012 2014/2014/2014 2046/2046/2046
f 2012/2012/2012 2046/2046/2046 2044/2044/2044
f 2013/2013/2013 2045/2045/2045 2047/2047/2047
f 2013/2013/2013 2047/2047/2047 2015/2015/2015
f 2014/2014/2014 2016/2016/2016 2048/2048/2048
f 2014/2014/2014 2048/2048/2048 2046/2046/2046
f 2015/2015/2015 2047/2047/2047 2049/2049/2049
f 2015/2015/2015 2049/2049/2049 2017/2017/2017
f 2016/2016/2016 2018/2018/2018 2050/2050/2050
f 2016/2016/2016 2050/2050/2050 2048/2048/2048
f 2017/2017/2017 2049/2049/2049 2051/2051/2051
f 2017/2017/2017 2051/2051/2051 2019/2019/2019
f 2018/2018/2018 2020/2020/2020 2052/2052/2052
f 2018/2018/2018 2052/2052/2052 2050/2050/2050
f 2019/2019/2019 2051/2051/2051 2053/2053/2053
f 2019/2019/2019 2053/2053/2053 2021/2021/2021
f 2020/2020/2020 2022/2022/2022 2054/2054/2054
f 2020/2020/2020 2054/2054/2054 2052/2052/2052
f 2021/2021/2021 2053/2053/2053 2055/2055/2055
f 2021/2021/2021 2055/2055/2055 2023/2023/2023
f 2022/2022/2022 2024/2024/2024 2056/2056/2056
f 2022/2022/2022 2056/2056/2056 2054/2054/2054
f 2025/2025/2025 2057/2057/2057 2059/2059/2059
f 2025/2025/2025 2059/2059/2059 2027/2027/2027
f 2026/2026/2026 2028/2028/2028 2060/2060/2060
f 2026/2026/2026 2060/2060/2060 2058/2058/2058
f 2027/2027/2027 2059/2059/2059 2061/2061/2061
f 2027/2027/2027 2061/2061/2061 2029/2029/2029
f 2028/2028/2028 2030/2030/2030 2062/2062/2062
f 2028/2028/2028 2062/2062/2062 2060/2060/2060
f 2029/2029/2029 2061/2061/2061 2063/2063/2063
f 2029/2029/2029 2063/2063/2063 2031/2031/2031
f 2030/2030/2030 2032/2032/2032 2064/2064/2064
f 2030/2030/2030 2064/2064/2064 2062/2062/2062
f 2031/2031/2031 2063/2063/2063 2065/2065/2065
f 2031/2031/2031 2065/2065/2065 2033/2033/2033
f 2032/2032/2032 2034/2034/2034 2066/2066/2066
f 2032/2032/2032 2066/2066/2066 2064/2064/2064
f 2033/2033/2033 2065/2065/2065 2067/2067/2067
f 2033/2033/2033 2067/2067/2067 2035/2035/2035
f 2034/2034/2034 2036/2036/2036 2068/2068/2068
f 2034/2034/2034 2068/2068/2068 2066/2066/2066
f 2035/2035/2035 2067/2067/2067 2069/2069/2069
f 2035/2035/2035 2069/2069/2069 2037/2037/2037
f 2036/2036/2036 2038/2038/2038 2070/2070/2070
f 2036/2036/2036 2070/2070/2070 2068/2068/2068
f 2037/2037/2037 2069/2069/2069 2071/2071/2071
f 2037/2037/2037 2071/2071/2071 2039/2039/2039
f 2038/2038/2038 2040/2040/2040 2072/2072/2072
f 2038/2038/2038 2072/2072/2072 2070/2070/2070
f 2039/2039/2039 2071/2071/2071 2073/2073/2073
f 2039/2039/2039 2073/2073/2073 2041/2041/2041
f 2040/2040/2040 2042/2042/2042 2074/2074/2074
f 2040/2040/2040 2074/2074/2074 2072/2072/2072
f 2041/2041/2041 2073/2073/2073 2075/2075/2075
f 2041/2041/2041 2075/2075/2075 2043/2043/2043
f 2042/2042/2042 2044/2044/2044 2076/2076/2076
f 2042/2042/2042 2076/2076/2076 2074/2074/2074
f 2043/2043/2043 2075/2075/2075 2077/2077/2077
f 2043/2043/2043 2077/2077/2077 2045/2045/2045
f 2044/2044/2044 2046/2046/2046 2078/2078/2078
f 2044/2044/2044 2078/2078/2078 2076/2076/2076
f 2045/2045/2045 2077/2077/2077 2079/2079/2079
f 2045/2045/2045 2079/2079/2079 2047/2047/2047
f 2046/2046/2046 2048/2048/2048 2080/2080/2080
f 2046/2046/2046 2080/2080/2080 2078/2078/2078
f 2047/2047/2047 2079/2079/2079 2081/2081/2081
f 2047/2047/2047 2081/2081/2081 2049/2049/2049
f 2048/2048/2048 2050/2050/2050 2082/2082/2082
f 2048/2048/2048 2082/2082/2082 2080/2080/2080
f 2049/2049/2049 2081/2081/2081 2083/2083/2083
f 2049/2049/2049 2083/2083/2083 2051/2051/2051
f 2050/2050/2050 2052/2052/2052 2084/2084/2084
f 2050/2050/2050 2084/2084/2084 2082/2082/2082
f 2051/2051/2051 2083/2083/2083 2085/2085/2085
f 2051/2051/2051 2085/2085/2085 2053/2053/2053
f 2052/2052/2052 2054/2054/2054 2086/2086/2086
f 2052/2052/2052 2086/2086/2086 2084/2084/2084
f 2053/2053/2053 2085/2085/2085 2087/2087/2087
f 2053/2053/2053 2087/2087/2087 2055/2055/2055
f 2054/2054/2054 2056/2056/2056 2088/2088/2088
f 2054/2054/2054 2088/2088/2088 2086/2086/2086
f 2057/2057/2057 2089/2089/2089 2091/2091/2091
f 2057/2057/2057 2091/2091/2091 2059/2059/2059
f 2058/2058/2058 2060/2060/2060 2092/2092/2092
f 2058/2058/2058 2092/2092/2092 2090/2090/2090
f 2059/2059/2059 2091/2091/2091 2093/2093/2093
f 2059/2059/2059 2093/2093/2093 2061/2061/2061
f 2060/2060/2060 2062/2062/2062 2094/2094/2094
f 2060/2060/2060 2094/2094/2094 2092/2092/2092
f 2061/2061/2061 2093/2093/2093 2095/2095/2095
f 2061/2061/2061 2095/2095/2095 2063/2063/2063
f 2062/2062/2062 2064/2064/2064 2096/2096/2096
f 2062/2062/2062 2096/2096/2096 2094/2094/2094
f 2063/2063/2063 2095/2095/2095 2097/2097/2097
f 2063/2063/2063 2097/2097/2097 2065/2065/2065
f 2064/2064/2064 2066/2066/2066 2098/2098/2098
f 2064/2064/2064 2098/2098/2098 2096/2096/2096
f 2065/2065/2065 2097/2097/2097 2099/2099/2099
f 2065/2065/2065 2099/2099/2099 2067/2067/2067
f 2066/2066/2066 2068/2068/2068 2100/2100/2100
f 2066/2066/2066 2100/2100/2100 2098/2098/2098
f 2067/2067/2067 2099/2099/2099 2101/2101/2101
f 2067/2067/2067 2101/2101/2101 2069/2069/2069
f 2068/2068/2068 2070/2070/2070 2102/2102/2102
f 2068/2068/2068 2102/2102/2102 2100/2100/2100
f 2069/2069/2069 2101/2101/2101 2103/2103/2103
f 2069/2069/2069 2103/2103/2103 2071/2071/2071
f 2070/2070/2070 2072/2072/2072 2104/2104/2104
f 2070/2070/2070 2104/2104/2104 2102/2102/2102
f 2071/2071/2071 2103/2103/2103 2105/2105/2105
f 2071/2071/2071 2105/2105/2105 2073/2073/2073
f 2072/2072/2072 2074/2074/2074 2106/2106/2106
f 2072/2072/2072 2106/2106/2106 2104/2104/2104
f 2073/2073/2073 2105/2105/2105 2107/2107/2107
f 2073/2073/2073 2107/2107/2107 2075/2075/2075
f 2074/2074/2074 2076/2076/2076 2108/2108/2108
f 2074/2074/2074 2108/2108/2108 2106/2106/2106
f 2075/2075/2075 2107/2107/2107 2109/2109/2109
f 2075/2075/2075 2109/2109/2109 2077/2077/2077
f 2076/2076/2076 2078/2078/2078 2110/2110/2110
f 2076/2076/2076 2110/2110/2110 2108/2108/2108
f 2077/2077/2077 2109/2109/2109 2111/2111/2111
f 2077/2077/2077 2111/2111/2111 2079/2079/2079
f 2078/2078/2078 2080/2080/2080 2112/2112/2112
f 2078/2078/2078 2112/2112/2112 2110/2110/2110
f 2079/2079/2079 2111/2111/2111 2113/2113/2113
f 2079/2079/2079 2113/2113/2113 2081/2081/2081
f 2080/2080/2080 2082/2082/2082 2114/2114/2114
f 2080/2080/2080 2114/2114/2114 2112/2112/2112
f 2081/2081/2081 2113/2113/2113 2115/2115/2115
f 2081/2081/2081 2115/2115/2115 2083/2083/2083
f 2082/2082/2082 2084/2084/2084 2116/2116/2116
f 2082/2082/2082 2116/2116/2116 2114/2114/2114
f 2083/2083/2083 2115/2115/2115 2117/2117/2117
f 2083/2083/2083 2117/2117/2117 2085/2085/2085
f 2084/2084/2084 2086/2086/2086 2118/2118/2118
f 2084/2084/2084 2118/2118/2118 2116/2116/2116
f 2085/2085/2085 2117/2117/2117 2119/2119/2119
f 2085/2085/2085 2119/2119/2119 2087/2087/2087
f 2086/2086/2086 2088/2088/2088 2120/2120/2120
f 2086/2086/2086 2120/2120/2120 2118/2118/2118
f 2089/2089/2089 2121/2121/2121 2123/2123/2123
f 2089/2089/2089 2123/2123/2123 2091/2091/2091
f 2090/2090/2090 2092/2092/2092 2124/2124/2124
f 2090/2090/2090 2124/2124/2124 2122/2122/2122
f 2091/2091/2091 2123/2123/2123 2125/2125/2125
f 2091/2091/2091 2125/2125/2125 2093/2093/2093
f 2092/2092/2092 2094/2094/2094 2126/2126/2126
f 2092/2092/2092 2126/2126/2126 2124/2124/2124
f 2093/2093/2093 2125/2125/2125 2127/2127/2127
f 2093/2093/2093 2127/2127/2127 2095/2095/2095
f 2094/2094/2094 2096/2096/2096 2128/2128/2128
f 2094/2094/2094 2128/2128/2128 2126/2126/2126
f 2095/2095/2095 2127/2127/2127 2129/2129/2129
f 2095/2095/2095 2129/2129/2129 2097/2097/2097
f 2096/2096/2096 2098/2098/2098 2130/2130/2130
f 2096/2096/2096 2130/2130/2130 2128/2128/2128
f 2097/2097/2097 2129/2129/2129 2131/2131/2131
f 2097/2097/2097 2131/2131/2131 2099/2099/2099
f 2098/2098/2098 2100/2100/2100 2132/2132/2132
f 2098/2098/2098 2132/2132/2132 2130/2130/2130
f 2099/2099/2099 2131/2131/2131 2133/2133/2133
f 2099/2099/2099 2133/2133/2133 2101/2101/2101
f 2100/2100/2100 2102/2102/2102 2134/2134/2134
f 2100/2100/2100 2134/2134/2134 2132/2132/2132
f 2101/2101/2101 2133/2133/2133 2135/2135/2135
f 2101/2101/2101 2135/2135/2135 2103/2103/2103
f 2102/2102/2102 2104/2104/2104 2136/2136/2136
f 2102/2102/2102 2136/2136/2136 2134/2134/2134
f 2103/2103/2103 2135/2135/2135 2137/2137/2137
f 2103/2103/2103 2137/2137/2137 2105/2105/2105
f 2104/2104/2104 2106/2106/2106 2138/2138/2138
f 2104/2104/2104 2138/2138/2138 2136/2136/2136
f 2105/2105/2105 2137/2137/2137 2139/2139/2139
f 2105/2105/2105 2139/2139/2139 2107/2107/2107
f 2106/2106/2106 2108/2108/2108 2140/2140/2140
f 2106/2106/2106 2140/2140/2140 2138/2138/2138
f 2107/2107/2107 2139/2139/2139 2141/2141/2141
f 2107/2107/2107 2141/2141/2141 2109/2109/2109
f 2108/2108/2108 2110/2110/2110 2142/2142/2142
f 2108/2108/2108 2142/2142/2142 2140/2140/2140
f 2109/2109/2109 2141/2141/2141 2143/2143/2143
f 2109/2109/2109 2143/2143/2143 2111/2111/2111
f 2110/2110/2110 2112/2112/2112 2144/2144/2144
f 2110/2110/2110 2144/2144/2144 2142/2142/2142
f 2111/2111/2111 2143/2143/2143 2145/2145/2145
f 2111/2111/2111 2145/2145/2145 2113/2113/2113
f 2112/2112/2112 2114/2114/2114 2146/2146/2146
f 2112/2112/2112 2146/2146/2146 2144/2144/2144
f 2113/2113/2113 2145/2145/2145 2147/2147/2147
f 2113/2113/2113 2147/2147/2147 2115/2115/2115
f 2114/2114/2114 2116/2116/2116 2148/2148/2148
f 2114/2114/2114 2148/2148/2148 2146/2146/2146
f 2115/2115/2115 2147/2147/2147 2149/2149/2149
f 2115/2115/2115 2149/2149/2149 2117/2117/2117
f 2116/2116/2116 2118/2118/2118 2150/2150/2150
f 2116/2116/2116 2150/2150/2150 2148/2148/2148
f 2117/2117/2117 2149/2149/2149 2151/2151/2151
f 2117/2117/2117 2151/2151/2151 2119/2119/2119
f 2118/2118/2118 2120/2120/2120 2152/2152/2152
f 2118/2118/2118 2152/2152/2152 2150/2150/2150
f 2121/2121/2121 2153/2153/2153 2155/2155/2155
f 2121/2121/2121 2155/2155/2155 2123/2123/2123
f 2122/2122/2122 2124/2124/2124 2156/2156/2156
f 2122/2122/2122 2156/2156/2156 2154/2154/2154
f 2123/2123/2123 2155/2155/2155 2157/2157/2157
f 2123/2123/2123 2157/2157/2157 2125/2125/2125
f 2124/2124/2124 2126/2126/2126 2158/2158/2158
f 2124/2124/2124 2158/2158/2158 2156/2156/2156
f 2125/2125/2125 2157/2157/2157 2159/2159/2159
f 2125/2125/2125 2159/2159/2159 2127/2127/2127
f 2126/2126/2126 2128/2128/2128 2160/2160/2160
f 2126/2126/2126 2160/2160/2160 2158/2158/2158
f 2127/2127/2127 2159/2159/2159 2161/2161/2161
f 2127/2127/2127 2161/2161/2161 2129/2129/2129
f 2128/2128/2128 2130/2130/2130 2162/2162/2162
f 2128/2128/2128 2162/2162/2162 2160/2160/2160
f 2129/2129/2129 2161/2161/2161 2163/2163/2163
f 2129/2129/2129 2163/2163/2163 2131/2131/2131
f 2130/2130/2130 2132/2132/2132 2164/2164/2164
f 2130/2130/2130 2164/2164/2164 2162/2162/2162
f 2131/2131/2131 2163/2163/2163 2165/2165/2165
f 2131/2131/2131 2165/2165/2165 2133/2133/2133
f 2132/2132/2132 2134/2134/2134 2166/2166/2166
f 2132/2132/2132 2166/2166/2166 2164/2164/2164
f 2133/2133/2133 2165/2165/2165 2167/2167/2167
f 2133/2133/2133 2167/2167/2167 2135/2135/2135
f 2134/2134/2134 2136/2136/2136 2168/2168/2168
f 2134/2134/2134 2168/2168/2168 2166/2166/2166
f 2135/2135/2135 2167/2167/2167 2169/2169/2169
f 2135/2135/2135 2169/2169/2169 2137/2137/2137
f 2136/2136/2136 2138/2138/2138 2170/2170/2170
f 2136/2136/2136 2170/2170/2170 2168/2168/2168
f 2137/2137/2137 2169/2169/2169 2171/2171/2171
f 2137/2137/2137 2171/2171/2171 2139/2139/2139
f 2138/2138/2138 2140/2140/2140 2172/2172/2172
f 2138/2138/2138 2172/2172/2172 2170/2170/2170
f 2139/2139/2139 2171/2171/2171 2173/2173/2173
f 2139/2139/2139 2173/2173/2173 2141/2141/2141
f 2140/2140/2140 2142/2142/2142 2174/2174/2174
f 2140/2140/2140 2174/2174/2174 2172/2172/2172
f 2141/2141/2141 2173/2173/2173 2175/2175/2175
f 2141/2141/2141 2175/2175/2175 2143/2143/2143
f 2142/2142/2142 2144/2144/2144 2176/2176/2176
f 2142/2142/2142 2176/2176/2176 2174/2174/2174
f 2143/2143/2143 2175/2175/2175 2177/2177/2177
f 2143/2143/2143 2177/2177/2177 2145/2145/2145
f 2144/2144/2144 2146/2146/2146 2178/2178/2178
f 2144/2144/2144 2178/2178/2178 2176/2176/2176
f 2145/2145/2145 2177/2177/2177 2179/2179/2179
f 2145/2145/2145 2179/2179/2179 2147/2147/2147
f 2146/2146/2146 2148/2148/2148 2180/2180/2180
f 2146/2146/2146 2180/2180/2180 2178/2178/2178
f 2147/2147/2147 2179/2179/2179 2181/2181/2181
f 2147/2147/2147 2181/2181/2181 2149/2149/2149
f 2148/2148/2148 2150/2150/2150 2182/2182/2182
f 2148/2148/2148 2182/2182/2182 2180/2180/2180
f 2149/2149/2149 2181/2181/2181 2183/2183/2183
f 2149/2149/2149 2183/2183/2183 2151/2151/2151
f 2150/2150/2150 2152/2152/2152 2184/2184/2184
f 2150/2150/2150 2184/2184/2184 2182/2182/2182
f 2153/2153/2153 2185/2185/2185 2187/2187/2187
f 2153/2153/2153 2187/2187/2187 2155/2155/2155
f 2154/2154/2154 2156/2156/2156 2188/2188/2188
f 2154/2154/2154 2188/2188/2188 2186/2186/2186
f 2155/2155/2155 2187/2187/2187 2189/2189/2189
f 2155/2155/2155 2189/2189/2189 2157/2157/2157
f 2156/2156/2156 2158/2158/2158 2190/2190/2190
f 2156/2156/2156 2190/2190/2190 2188/2188/2188
f 2157/2157/2157 2189/2189/2189 2191/2191/2191
f 2157/2157/2157 2191/2191/2191 2159/2159/2159
f 2158/2158/2158 2160/2160/2160 2192/2192/2192
f 2158/2158/2158 2192/2192/2192 2190/2190/2190
f 2159/2159/2159 2191/2191/2191 2193/2193/2193
f 2159/2159/2159 2193/2193/2193 2161/2161/2161
f 2160/2160/2160 2162/2162/2162 2194/2194/2194
f 2160/2160/2160 2194/2194/2194 2192/2192/2192
f 2161/2161/2161 2193/2193/2193 2195/2195/2195
f 2161/2161/2161 2195/2195/2195 2163/2163/2163
f 2162/2162/2162 2164/2164/2164 2196/2196/2196
f 2162/2162/2162 2196/2196/2196 2194/2194/2194
f 2163/2163/2163 2195/2195/2195 2197/2197/2197
f 2163/2163/2163 2197/2197/2197 2165/2165/2165
f 2164/2164/2164 2166/2166/2166 2198/2198/2198
f 2164/2164/2164 2198/2198/2198 2196/2196/2196
f 2165/2165/2165 2197/2197/2197 2199/2199/2199
f 2165/2165/2165 2199/2199/2199 2167/2167/2167
f 2166/2166/2166 2168/2168/2168 2200/2200/2200
f 2166/2166/2166 2200/2200/2200 2198/2198/2198
f 2167/2167/2167 2199/2199/2199 2201/2201/2201
f 2167/2167/2167 2201/2201/2201 2169/2169/2169
f 2168/2168/2168 2170/2170/2170 2202/2202/2202
f 2168/2168/2168 2202/2202/2202 2200/2200/2200
f 2169/2169/2169 2201/2201/2201 2203/2203/2203
f 2169/2169/2169 2203/2203/2203 2171/2171/2171
f 2170/2170/2170 2172/2172/2172 2204/2204/2204
f 2170/2170/2170 2204/2204/2204 2202/2202/2202
f 2171/2171/2171 2203/2203/2203 2205/2205/2205
f 2171/2171/2171 2205/2205/2205 2173/2173/2173
f 2172/2172/2172 2174/2174/2174 2206/2206/2206
f 2172/2172/2172 2206/2206/2206 2204/2204/2204
f 2173/2173/2173 2205/2205/2205 2207/2207/2207
f 2173/2173/2173 2207/2207/2207 2175/2175/2175
f 2174/2174/2174 2176/2176/2176 2208/2208/2208
f 2174/2174/2174 2208/2208/2208 2206/2206/2206
f 2175/2175/2175 2207/2207/2207 2209/2209/2209
f 2175/2175/2175 2209/2209/2209 2177/2177/2177
f 2176/2176/2176 2178/2178/2178 2210/2210/2210
f 2176/2176/2176 2210/2210/2210 2208/2208/2208
f 2177/2177/2177 2209/2209/2209 2211/2211/2211
f 2177/2177/2177 2211/2211/2211 2179/2179/2179
f 2178/2178/2178 2180/2180/2180 2212/2212/2212
f 2178/2178/2178 2212/2212/2212 2210/2210/2210
f 2179/2179/2179 2211/2211/2211 2213/2213/2213
f 2179/2179/2179 2213/2213/2213 2181/2181/2181
f 2180/2180/2180 2182/2182/2182 2214/2214/2214
f 2180/2180/2180 2214/2214/2214 2212/2212/2212
f 2181/2181/2181 2213/2213/2213 2215/2215/2215
f 2181/2181/2181 2215/2215/2215 2183/2183/2183
f 2182/2182/2182 2184/2184/2184 2216/2216/2216
f 2182/2182/2182 2216/2216/2216 2214/2214/2214
f 2185/2185/2185 2217/2217/2217 2219/2219/2219
f 2185/2185/2185 2219/2219/2219 2187/2187/2187
f 2186/2186/2186 2188/2188/2188 2220/2220/2220
f 2186/2186/2186 2220/2220/2220 2218/2218/2218
f 2187/2187/2187 2219/2219/2219 2221/2221/2221
f 2187/2187/2187 2221/2221/2221 2189/2189/2189
f 2188/2188/2188 2190/2190/2190 2222/2222/2222
f 2188/2188/2188 2222/2222/2222 2220/2220/2220
f 2189/2189/2189 2221/2221/2221 2223/2223/2223
f 2189/2189/2189 2223/2223/2223 2191/2191/2191
f 2190/2190/2190 2192/2192/2192 2224/2224/2224
f 2190/2190/2190 2224/2224/2224 2222/2222/2222
f 2191/2191/2191 2223/2223/2223 2225/2225/2225
f 2191/2191/2191 2225/2225/2225 2193/2193/2193
f 2192/2192/2192 2194/2194/2194 2226/2226/2226
f 2192/2192/2192 2226/2226/2226 2224/2224/2224
f 2193/2193/2193 2225/2225/2225 2227/2227/2227
f 2193/2193/2193 2227/2227/2227 2195/2195/2195
f 2194/2194/2194 2196/2196/2196 2228/2228/2228
f 2194/2194/2194 2228/2228/2228 2226/2226/2226
f 2195/2195/2195 2227/2227/2227 2229/2229/2229
f 2195/2195/2195 2229/2229/2229 2197/2197/2197
f 2196/2196/2196 2198/2198/2198 2230/2230/2230
f 2196/2196/2196 2230/2230/2230 2228/2228/2228
f 2197/2197/2197 2229/2229/2229 2231/2231/2231
f 2197/2197/2197 2231/2231/2231 2199/2199/2199
f 2198/2198/2198 2200/2200/2200 2232/2232/2232
f 2198/2198/2198 2232/2232/2232 2230/2230/2230
f 2199/2199/2199 2231/2231/2231 2233/2233/2233
f 2199/2199/2199 2233/2233/2233 2201/2201/2201
f 2200/2200/2200 2202/2202/2202 2234/2234/2234
f 2200/2200/2200 2234/2234/2234 2232/2232/2232
f 2201/2201/2201 2233/2233/2233 2235/2235/2235
f 2201/2201/2201 2235/2235/2235 2203/2203/2203
f 2202/2202/2202 2204/2204/2204 2236/2236/2236
f 2202/2202/2202 2236/2236/2236 2234/2234/2234
f 2203/2203/2203 2235/2235/2235 2237/2237/2237
f 2203/2203/2203 2237/2237/2237 2205/2205/2205
f 2204/2204/2204 2206/2206/2206 2238/2238/2238
f 2204/2204/2204 2238/2238/2238 2236/2236/2236
f 2205/2205/2205 2237/2237/2237 2239/2239/2239
f 2205/2205/2205 2239/2239/2239 2207/2207/2207
f 2206/2206/2206 2208/2208/2208 2240/2240/2240
f 2206/2206/2206 2240/2240/2240 2238/2238/2238
f 2207/2207/2207 2239/2239/2239 2241/2241/2241
f 2207/2207/2207 2241/2241/2241 2209/2209/2209
f 2208/2208/2208 2210/2210/2210 2242/2242/2242
f 2208/2208/2208 2242/2242/2242 2240/2240/2240
f 2209/2209/2209 2241/2241/2241 2243/2243/2243
f 2209/2209/2209 2243/2243/2243 2211/2211/2211
f 2210/2210/2210 2212/2212/2212 2244/2244/2244
f 2210/2210/2210 2244/2244/2244 2242/2242/2242
f 2211/2211/2211 2243/2243/2243 2245/2245/2245
f 2211/2211/2211 2245/2245/2245 2213/2213/2213
f 2212/2212/2212 2214/2214/2214 2246/2246/2246
f 2212/2212/2212 2246/2246/2246 2244/2244/2244
f 2213/2213/2213 2245/2245/2245 2247/2247/2247
f 2213/2213/2213 2247/2247/2247 2215/2215/2215
f 2214/2214/2214 2216/2216/2216 2248/2248/2248
f 2214/2214/2214 2248/2248/2248 2246/2246/2246
f 2217/2217/2217 2249/2249/2249 2251/2251/2251
f 2217/2217/2217 2251/2251/2251 2219/2219/2219
f 2218/2218/2218 2220/2220/2220 2252/2252/2252
f 2218/2218/2218 2252/2252/2252 2250/2250/2250
f 2219/2219/2219 2251/2251/2251 2253/2253/2253
f 2219/2219/2219 2253/2253/2253 2221/2221/2221
f 2220/2220/2220 2222/2222/2222 2254/2254/2254
f 2220/2220/2220 2254/2254/2254 2252/2252/2252
f 2221/2221/2221 2253/2253/2253 2255/2255/2255
f 2221/2221/2221 2255/2255/2255 2223/2223/2223
f 2222/2222/2222 2224/2224/2224 2256/2256/2256
f 2222/2222/2222 2256/2256/2256 2254/2254/2254
f 2223/2223/2223 2255/2255/2255 2257/2257/2257
f 2223/2223/2223 2257/2257/2257 2225/2225/2225
f 2224/2224/2224 2226/2226/2226 2258/2258/2258
f 2224/2224/2224 2258/2258/2258 2256/2256/2256
f 2225/2225/2225 2257/2257/2257 2259/2259/2259
f 2225/2225/2225 2259/2259/2259 2227/2227/2227
f 2226/2226/2226 2228/2228/2228 2260/2260/2260
f 2226/2226/2226 2260/2260/2260 2258/2258/2258
f 2227/2227/2227 2259/2259/2259 2261/2261/2261
f 2227/2227/2227 2261/2261/2261 2229/2229/2229
f 2228/2228/2228 2230/2230/2230 2262/2262/2262
f 2228/2228/2228 2262/2262/2262 2260/2260/2260
f 2229/2229/2229 2261/2261/2261 2263/2263/2263
f 2229/2229/2229 2263/2263/2263 2231/2231/2231
f 2230/2230/2230 2232/2232/2232 2264/2264/2264
f 2230/2230/2230 2264/2264/2264 2262/2262/2262
f 2231/2231/2231 2263/2263/2263 2265/2265/2265
f 2231/2231/2231 2265/2265/2265 2233/2233/2233
f 2232/2232/2232 2234/2234/2234 2266/2266/2266
f 2232/2232/2232 2266/2266/2266 2264/2264/2264
f 2233/2233/2233 2265/2265/2265 2267/2267/2267
f 2233/2233/2233 2267/2267/2267 2235/2235/2235
f 2234/2234/2234 2236/2236/2236 2268/2268/2268
f 2234/2234/2234 2268/2268/2268 2266/2266/2266
f 2235/2235/2235 2267/2267/2267 2269/2269/2269
f 2235/2235/2235 2269/2269/2269 2237/2237/2237
f 2236/2236/2236 2238/2238/2238 2270/2270/2270
f 2236/2236/2236 2270/2270/2270 2268/2268/2268
f 2237/2237/2237 2269/2269/2269 2271/2271/2271
f 2237/2237/2237 2271/2271/2271 2239/2239/2239
f 2238/2238/2238 2240/2240/2240 2272/2272/2272
f 2238/2238/2238 2272/2272/2272 2270/2270/2270
f 2239/2239/2239 2271/2271/2271 2273/2273/2273
f 2239/2239/2239 2273/2273/2273 2241/2241/2241
f 2240/2240/2240 2242/2242/2242 2274/2274/2274
f 2240/2240/2240 2274/2274/2274 2272/2272/2272
f 2241/2241/2241 2273/2273/2273 2275/2275/2275
f 2241/2241/2241 2275/2275/2275 2243/2243/2243
f 2242/2242/2242 2244/2244/2244 2276/2276/2276
f 2242/2242/2242 2276/2276/2276 2274/2274/2274
f 2243/2243/2243 2275/2275/2275 2277/2277/2277
f 2243/2243/2243 2277/2277/2277 2245/2245/2245
f 2244/2244/2244 2246/2246/2246 2278/2278/2278
f 2244/2244/2244 2278/2278/2278 2276/2276/2276
f 2245/2245/2245 2277/2277/2277 2279/2279/2279
f 2245/2245/2245 2279/2279/2279 2247/2247/2247
f 2246/2246/2246 2248/2248/2248 2280/2280/2280
f 2246/2246/2246 2280/2280/2280 2278/2278/2278
f 1993/1993/1993 1994/1994/1994 2026/2026/2026
f 1993/1993/1993 2026/2026/2026 2025/2025/2025
f 2023/2023/2023 2055/2055/2055 2056/2056/2056
f 2023/2023/2023 2056/2056/2056 2024/2024/2024
f 2025/2025/2025 2026/2026/2026 2058/2058/2058
f 2025/2025/2025 2058/2058/2058 2057/2057/2057
f 2055/2055/2055 2087/2087/2087 2088/2088/2088
f 2055/2055/2055 2088/2088/2088 2056/2056/2056
f 2057/2057/2057 2058/2058/2058 2090/2090/2090
f 2057/2057/2057 2090/2090/2090 2089/2089/2089
f 2087/2087/2087 2119/2119/2119 2120/2120/2120
f 2087/2087/2087 2120/2120/2120 2088/2088/2088
f 2089/2089/2089 2090/2090/2090 2122/2122/2122
f 2089/2089/2089 2122/2122/2122 2121/2121/2121
f 2119/2119/2119 2151/2151/2151 2152/2152/2152
f 2119/2119/2119 2152/2152/2152 2120/2120/2120
f 2121/2121/2121 2122/2122/2122 2154/2154/2154
f 2121/2121/2121 2154/2154/2154 2153/2153/2153
f 2151/2151/2151 2183/2183/2183 2184/2184/2184
f 2151/2151/2151 2184/2184/2184 2152/2152/2152
f 2153/2153/2153 2154/2154/2154 2186/2186/2186
f 2153/2153/2153 2186/2186/2186 2185/2185/2185
f 2183/2183/2183 2215/2215/2215 2216/2216/2216
f 2183/2183/2183 2216/2216/2216 2184/2184/2184
f 2185/2185/2185 2186/2186/2186 2218/2218/2218
f 2185/2185/2185 2218/2218/2218 2217/2217/2217
f 2215/2215/2215 2247/2247/2247 2248/2248/2248
f 2215/2215/2215 2248/2248/2248 2216/2216/2216
f 2217/2217/2217 2218/2218/2218 2250/2250/2250
f 2217/2217/2217 2250/2250/2250 2249/2249/2249
f 2247/2247/2247 2279/2279/2279 2280/2280/2280
f 2247/2247/2247 2280/2280/2280 2248/2248/2248
f 1993/1993/1993 1995/1995/1995 1996/1996/1996
f 1993/1993/1993 1996/1996/1996 1994/1994/1994
f 2249/2249/2249 2250/2250/2250 2252/2252/2252
f 2249/2249/2249 2252/2252/2252 2251/2251/2251
f 1995/1995/1995 1997/1997/1997 1998/1998/1998
f 1995/1995/1995 1998/1998/1998 1996/1996/1996
f 2251/2251/2251 2252/2252/2252 2254/2254/2254
f 2251/2251/2251 2254/2254/2254 2253/2253/2253
f 1997/1997/1997 1999/1999/1999 2000/2000/2000
f 1997/1997/1997 2000/2000/2000 1998/1998/1998
f 2253/2253/2253 2254/2254/2254 2256/2256/2256
f 2253/2253/2253 2256/2256/2256 2255/2255/2255
f 1999/1999/1999 2001/2001/2001 2002/2002/2002
f 1999/1999/1999 2002/2002/2002 2000/2000/2000
f 2255/2255/2255 2256/2256/2256 2258/2258/2258
f 2255/2255/2255 2258/2258/2258 2257/2257/2257
f 2001/2001/2001 2003/2003/2003 2004/2004/2004
f 2001/2001/2001 2004/2004/2004 2002/2002/2002
f 2257/2257/2257 2258/2258/2258 2260/2260/2260
f 2257/2257/2257 2260/2260/2260 2259/2259/2259
f 2003/2003/2003 2005/2005/2005 2006/2006/2006
f 2003/2003/2003 2006/2006/2006 2004/2004/2004
f 2259/2259/2259 2260/2260/2260 2262/2262/2262
f 2259/2259/2259 2262/2262/2262 2261/2261/2261
f 2005/2005/2005 2007/2007/2007 2008/2008/2008
f 2005/2005/2005 2008/2008/2008 2006/2006/2006
f 2261/2261/2261 2262/2262/2262 2264/2264/2264
f 2261/2261/2261 2264/2264/2264 2263/2263/2263
f 2007/2007/2007 2009/2009/2009 2010/2010/2010
f 2007/2007/2007 2010/2010/2010 2008/2008/2008
f 2263/2263/2263 2264/2264/2264 2266/2266/2266
f 2263/2263/2263 2266/2266/2266 2265/2265/2265
f 2009/2009/2009 2011/2011/2011 2012/2012/2012
f 2009/2009/2009 2012/2012/2012 2010/2010/2010
f 2265/2265/2265 2266/2266/2266 2268/2268/2268
f 2265/2265/2265 2268/2268/2268 2267/2267/2267
f 2011/2011/2011 2013/2013/2013 2014/2014/2014
f 2011/2011/2011 2014/2014/2014 2012/2012/2012
f 2267/2267/2267 2268/2268/2268 2270/2270/2270
f 2267/2267/2267 2270/2270/2270 2269/2269/2269
f 2013/2013/2013 2015/2015/2015 2016/2016/2016
f 2013/2013/2013 2016/2016/2016 2014/2014/2014
f 2269/2269/2269 2270/2270/2270 2272/2272/2272
f 2269/2269/2269 2272/2272/2272 2271/2271/2271
f 2015/2015/2015 2017/2017/2017 2018/2018/2018
f 2015/2015/2015 2018/2018/2018 2016/2016/2016
f 2271/2271/2271 2272/2272/2272 2274/2274/2274
f 2271/2271/2271 2274/2274/2274 2273/2273/2273
f 2017/2017/2017 2019/2019/2019 2020/2020/2020
f 2017/2017/2017 2020/2020/2020 2018/2018/2018
f 2273/2273/2273 2274/2274/2274 2276/2276/2276
f 2273/2273/2273 2276/2276/2276 2275/2275/2275
f 2019/2019/2019 2021/2021/2021 2022/2022/2022
f 2019/2019/2019 2022/2022/2022 2020/2020/2020
f 2275/2275/2275 2276/2276/2276 2278/2278/2278
f 2275/2275/2275 2278/2278/2278 2277/2277/2277
f 2021/2021/2021 2023/2023/2023 2024/2024/2024
f 2021/2021/2021 2024/2024/2024 2022/2022/2022
f 2277/2277/2277 2278/2278/2278 2280/2280/2280
f 2277/2277/2277 2280/2280/2280 2279/2279/2279
f 2281/2281/2281 2289/2289/2289 2290/2290/2290
f 2281/2281/2281 2290/2290/2290 2282/2282/2282
f 2282/2282/2282 2290/2290/2290 2291/2291/2291
f 2282/2282/2282 2291/2291/2291 2283/2283/2283
f 2283/2283/2283 2291/2291/2291 2292/2292/2292
f 2283/2283/2283 2292/2292/2292 2284/2284/2284
f 2284/2284/2284 2292/2292/2292 2293/2293/2293
f 2284/2284/2284 2293/2293/2293 2285/2285/2285
f 2285/2285/2285 2293/2293/2293 2294/2294/2294
f 2285/2285/2285 2294/2294/2294 2286/2286/2286
f 2286/2286/2286 2294/2294/2294 2295/2295/2295
f 2286/2286/2286 2295/2295/2295 2287/2287/2287
f 2287/2287/2287 2295/2295/2295 2296/2296/2296
f 2287/2287/2287 2296/2296/2296 2288/2288/2288
f 2288/2288/2288 2296/2296/2296 2289/2289/2289
f 2288/2288/2288 2289/2289/2289 2281/2281/2281
f 2289/2289/2289 2297/2297/2297 2298/2298/2298
f 2289/2289/2289 2298/2298/2298 2290/2290/2290
f 2290/2290/2290 2298/2298/2298 2299/2299/2299
f 2290/2290/2290 2299/2299/2299 2291/2291/2291
f 2291/2291/2291 2299/2299/2299 2300/2300/2300
f 2291/2291/2291 2300/2300/2300 2292/2292/2292
f 2292/2292/2292 2300/2300/2300 2301/2301/2301
f 2292/2292/2292 2301/2301/2301 2293/2293/2293
f 2293/2293/2293 2301/2301/2301 2302/2302/2302
f 2293/2293/2293 2302/2302/2302 2294/2294/2294
f 2294/2294/2294 2302/2302/2302 2303/2303/2303
f 2294/2294/2294 2303/2303/2303 2295/2295/2295
f 2295/2295/2295 2303/2303/2303 2304/2304/2304
f 2295/2295/2295 2304/2304/2304 2296/2296/2296
f 2296/2296/2296 2304/2304/2304 2297/2297/2297
f 2296/2296/2296 2297/2297/2297 2289/2289/2289
f 2297/2297/2297 2305/2305/2305 2306/2306/2306
f 2297/2297/2297 2306/2306/2306 2298/2298/2298
f 2298/2298/2298 2306/2306/2306 2307/2307/2307
f 2298/2298/2298 2307/2307/2307 2299/2299/2299
f 2299/2299/2299 2307/2307/2307 2308/2308/2308
f 2299/2299/2299 2308/2308/2308 2300/2300/2300
f 2300/2300/2300 2308/2308/2308 2309/2309/2309
f 2300/2300/2300 2309/2309/2309 2301/2301/2301
f 2301/2301/2301 2309/2309/2309 2310/2310/2310
f 2301/2301/2301 2310/2310/2310 2302/2302/2302
f 2302/2302/2302 2310/2310/2310 2311/2311/2311
f 2302/2302/2302 2311/2311/2311 2303/2303/2303
f 2303/2303/2303 2311/2311/2311 2312/2312/2312
f 2303/2303/2303 2312/2312/2312 2304/2304/2304
f 2304/2304/2304 2312/2312/2312 2305/2305/2305
f 2304/2304/2304 2305/2305/2305 2297/2297/2297
f 2305/2305/2305 2313/2313/2313 2314/2314/2314
f 2305/2305/2305 2314/2314/2314 2306/2306/2306
f 2306/2306/2306 2314/2314/2314 2315/2315/2315
f 2306/2306/2306 2315/2315/2315 2307/2307/2307
f 2307/2307/2307 2315/2315/2315 2316/2316/2316
f 2307/2307/2307 2316/2316/2316 2308/2308/2308
f 2308/2308/2308 2316/2316/2316 2317/2317/2317
f 2308/2308/2308 2317/2317/2317 2309/2309/2309
f 2309/2309/2309 2317/2317/2317 2318/2318/2318
f 2309/2309/2309 2318/2318/2318 2310/2310/2310
f 2310/2310/2310 2318/2318/2318 2319/2319/2319
f 2310/2310/2310 2319/2319/2319 2311/2311/2311
f 2311/2311/2311 2319/2319/2319 2320/2320/2320
f 2311/2311/2311 2320/2320/2320 2312/2312/2312
f 2312/2312/2312 2320/2320/2320 2313/2313/2313
f 2312/2312/2312 2313/2313/2313 2305/2305/2305
f 2321/2321/2321 2353/2353/2353 2355/2355/2355
f 2321/2321/2321 2355/2355/2355 2323/2323/2323
f 2322/2322/2322 2324/2324/2324 2356/2356/2356
f 2322/2322/2322 2356/2356/2356 2354/2354/2354
f 2323/2323/2323 2355/2355/2355 2357/2357/2357
f 2323/2323/2323 2357/2357/2357 2325/2325/2325
f 2324/2324/2324 2326/2326/2326 2358/2358/2358
f 2324/2324/2324 2358/2358/2358 2356/2356/2356
f 2325/2325/2325 2357/2357/2357 2359/2359/2359
f 2325/2325/2325 2359/2359/2359 2327/2327/2327
f 2326/2326/2326 2328/2328/2328 2360/2360/2360
f 2326/2326/2326 2360/2360/2360 2358/2358/2358
f 2327/2327/2327 2359/2359/2359 2361/2361/2361
f 2327/2327/2327 2361/2361/2361 2329/2329/2329
f 2328/2328/2328 2330/2330/2330 2362/2362/2362
f 2328/2328/2328 2362/2362/2362 2360/2360/2360
f 2329/2329/2329 2361/2361/2361 2363/2363/2363
f 2329/2329/2329 2363/2363/2363 2331/2331/2331
f 2330/2330/2330 2332/2332/2332 2364/2364/2364
f 2330/2330/2330 2364/2364/2364 2362/2362/2362
f 2331/2331/2331 2363/2363/2363 2365/2365/2365
f 2331/2331/2331 2365/2365/2365 2333/2333/2333
f 2332/2332/2332 2334/2334/2334 2366/2366/2366
f 2332/2332/2332 2366/2366/2366 2364/2364/2364
f 2333/2333/2333 2365/2365/2365 2367/2367/2367
f 2333/2333/2333 2367/2367/2367 2335/2335/2335
f 2334/2334/2334 2336/2336/2336 2368/2368/2368
f 2334/2334/2334 2368/2368/2368 2366/2366/2366
f 2335/2335/2335 2367/2367/2367 2369/2369/2369
f 2335/2335/2335 2369/2369/2369 2337/2337/2337
f 2336/2336/2336 2338/2338/2338 2370/2370/2370
f 2336/2336/2336 2370/2370/2370 2368/2368/2368
f 2337/2337/2337 2369/2369/2369 2371/2371/2371
f 2337/2337/2337 2371/2371/2371 2339/2339/2339
f 2338/2338/2338 2340/2340/2340 2372/2372/2372
f 2338/2338/2338 2372/2372/2372 2370/2370/2370
f 2339/2339/2339 2371/2371/2371 2373/2373/2373
f 2339/2339/2339 2373/2373/2373 2341/2341/2341
f 2340/2340/2340 2342/2342/2342 2374/2374/2374
f 2340/2340/2340 2374/2374/2374 2372/2372/2372
f 2341/2341/2341 2373/2373/2373 2375/2375/2375
f 2341/2341/2341 2375/2375/2375 2343/2343/2343
f 2342/2342/2342 2344/2344/2344 2376/2376/2376
f 2342/2342/2342 2376/2376/2376 2374/2374/2374
f 2343/2343/2343 2375/2375/2375 2377/2377/2377
f 2343/2343/2343 2377/2377/2377 2345/2345/2345
f 2344/2344/2344 2346/2346/2346 2378/2378/2378
f 2344/2344/2344 2378/2378/2378 2376/2376/2376
f 2345/2345/2345 2377/2377/2377 2379/2379/2379
f 2345/2345/2345 2379/2379/2379 2347/2347/2347
f 2346/2346/2346 2348/2348/2348 2380/2380/2380
f 2346/2346/2346 2380/2380/2380 2378/2378/2378
f 2347/2347/2347 2379/2379/2379 2381/2381/2381
f 2347/2347/2347 2381/2381/2381 2349/2349/2349
f 2348/2348/2348 2350/2350/2350 2382/2382/2382
f 2348/2348/2348 2382/2382/2382 2380/2380/2380
f 2349/2349/2349 2381/2381/2381 2383/2383/2383
f 2349/2349/2349 2383/2383/2383 2351/2351/2351
f 2350/2350/2350 2352/2352/2352 2384/2384/2384
f 2350/2350/2350 2384/2384/2384 2382/2382/2382
f 2353/2353/2353 2385/2385/2385 2387/2387/2387
f 2353/2353/2353 2387/2387/2387 2355/2355/2355
f 2354/2354/2354 2356/2356/2356 2388/2388/2388
f 2354/2354/2354 2388/2388/2388 2386/2386/2386
f 2355/2355/2355 2387/2387/2387 2389/2389/2389
f 2355/2355/2355 2389/2389/2389 2357/2357/2357
f 2356/2356/2356 2358/2358/2358 2390/2390/2390
f 2356/2356/2356 2390/2390/2390 2388/2388/2388
f 2357/2357/2357 2389/2389/2389 2391/2391/2391
f 2357/2357/2357 2391/2391/2391 2359/2359/2359
f 2358/2358/2358 2360/2360/2360 2392/2392/2392
f 2358/2358/2358 2392/2392/2392 2390/2390/2390
f 2359/2359/2359 2391/2391/2391 2393/2393/2393
f 2359/2359/2359 2393/2393/2393 2361/2361/2361
f 2360/2360/2360 2362/2362/2362 2394/2394/2394
f 2360/2360/2360 2394/2394/2394 2392/2392/2392
f 2361/2361/2361 2393/2393/2393 2395/2395/2395
f 2361/2361/2361 2395/2395/2395 2363/2363/2363
f 2362/2362/2362 2364/2364/2364 2396/2396/2396
f 2362/2362/2362 2396/2396/2396 2394/2394/2394
f 2363/2363/2363 2395/2395/2395 2397/2397/2397
f 2363/2363/2363 2397/2397/2397 2365/2365/2365
f 2364/2364/2364 2366/2366/2366 2398/2398/2398
f 2364/2364/2364 2398/2398/2398 2396/2396/2396
f 2365/2365/2365 2397/2397/2397 2399/2399/2399
f 2365/2365/2365 2399/2399/2399 2367/2367/2367
f 2366/2366/2366 2368/2368/2368 2400/2400/2400
f 2366/2366/2366 2400/2400/2400 2398/2398/2398
f 2367/2367/2367 2399/2399/2399 2401/2401/2401
f 2367/2367/2367 2401/2401/2401 2369/2369/2369
f 2368/2368/2368 2370/2370/2370 2402/2402/2402
f 2368/2368/2368 2402/2402/2402 2400/2400/2400
f 2369/2369/2369 2401/2401/2401 2403/2403/2403
f 2369/2369/2369 2403/2403/2403 2371/2371/2371
f 2370/2370/2370 2372/2372/2372 2404/2404/2404
f 2370/2370/2370 2404/2404/2404 2402/2402/2402
f 2371/2371/2371 2403/2403/2403 2405/2405/2405
f 2371/2371/2371 2405/2405/2405 2373/2373/2373
f 2372/2372/2372 2374/2374/2374 2406/2406/2406
f 2372/2372/2372 2406/2406/2406 2404/2404/2404
f 2373/2373/2373 2405/2405/2405 2407/2407/2407
f 2373/2373/2373 2407/2407/2407 2375/2375/2375
f 2374/2374/2374 2376/2376/2376 2408/2408/2408
f 2374/2374/2374 2408/2408/2408 2406/2406/2406
f 2375/2375/2375 2407/2407/2407 2409/2409/2409
f 2375/2375/2375 2409/2409/2409 2377/2377/2377
f 2376/2376/2376 2378/2378/2378 2410/2410/2410
f 2376/2376/2376 2410/2410/2410 2408/2408/2408
f 2377/2377/2377 2409/2409/2409 2411/2411/2411
f 2377/2377/2377 2411/2411/2411 2379/2379/2379
f 2378/2378/2378 2380/2380/2380 2412/2412/2412
f 2378/2378/2378 2412/2412/2412 2410/2410/2410
f 2379/2379/2379 2411/2411/2411 2413/2413/2413
f 2379/2379/2379 2413/2413/2413 2381/2381/2381
f 2380/2380/2380 2382/2382/2382 2414/2414/2414
f 2380/2380/2380 2414/2414/2414 2412/2412/2412
f 2381/2381/2381 2413/2413/2413 2415/2415/2415
f 2381/2381/2381 2415/2415/2415 2383/2383/2383
f 2382/2382/2382 2384/2384/2384 2416/2416/2416
f 2382/2382/2382 2416/2416/2416 2414/2414/2414
f 2385/2385/2385 2417/2417/2417 2419/2419/2419
f 2385/2385/2385 2419/2419/2419 2387/2387/2387
f 2386/2386/2386 2388/2388/2388 2420/2420/2420
f 2386/2386/2386 2420/2420/2420 2418/2418/2418
f 2387/2387/2387 2419/2419/2419 2421/2421/2421
f 2387/2387/2387 2421/2421/2421 2389/2389/2389
f 2388/2388/2388 2390/2390/2390 2422/2422/2422
f 2388/2388/2388 2422/2422/2422 2420/2420/2420
f 2389/2389/2389 2421/2421/2421 2423/2423/2423
f 2389/2389/2389 2423/2423/2423 2391/2391/2391
f 2390/2390/2390 2392/2392/2392 2424/2424/2424
f 2390/2390/2390 2424/2424/2424 2422/2422/2422
f 2391/2391/2391 2423/2423/2423 2425/2425/2425
f 2391/2391/2391 2425/2425/2425 2393/2393/2393
f 2392/2392/2392 2394/2394/2394 2426/2426/2426
f 2392/2392/2392 2426/2426/2426 2424/2424/2424
f 2393/2393/2393 2425/2425/2425 2427/2427/2427
f 2393/2393/2393 2427/2427/2427 2395/2395/2395
f 2394/2394/2394 2396/2396/2396 2428/2428/2428
f 2394/2394/2394 2428/2428/2428 2426/2426/2426
f 2395/2395/2395 2427/2427/2427 2429/2429/2429
f 2395/2395/2395 2429/2429/2429 2397/2397/2397
f 2396/2396/2396 2398/2398/2398 2430/2430/2430
f 2396/2396/2396 2430/2430/2430 2428/2428/2428
f 2397/2397/2397 2429/2429/2429 2431/2431/2431
f 2397/2397/2397 2431/2431/2431 2399/2399/2399
f 2398/2398/2398 2400/2400/2400 2432/2432/2432
f 2398/2398/2398 2432/2432/2432 2430/2430/2430
f 2399/2399/2399 2431/2431/2431 2433/2433/2433
f 2399/2399/2399 2433/2433/2433 2401/2401/2401
f 2400/2400/2400 2402/2402/2402 2434/2434/2434
f 2400/2400/2400 2434/2434/2434 2432/2432/2432
f 2401/2401/2401 2433/2433/2433 2435/2435/2435
f 2401/2401/2401 2435/2435/2435 2403/2403/2403
f 2402/2402/2402 2404/2404/2404 2436/2436/2436
f 2402/2402/2402 2436/2436/2436 2434/2434/2434
f 2403/2403/2403 2435/2435/2435 2437/2437/2437
f 2403/2403/2403 2437/2437/2437 2405/2405/2405
f 2404/2404/2404 2406/2406/2406 2438/2438/2438
f 2404/2404/2404 2438/2438/2438 2436/2436/2436
f 2405/2405/2405 2437/2437/2437 2439/2439/2439
f 2405/2405/2405 2439/2439/2439 2407/2407/2407
f 2406/2406/2406 2408/2408/2408 2440/2440/2440
f 2406/2406/2406 2440/2440/2440 2438/2438/2438
f 2407/2407/2407 2439/2439/2439 2441/2441/2441
f 2407/2407/2407 2441/2441/2441 2409/2409/2409
f 2408/2408/2408 2410/2410/2410 2442/2442/2442
f 2408/2408/2408 2442/2442/2442 2440/2440/2440
f 2409/2409/2409 2441/2441/2441 2443/2443/2443
f 2409/2409/2409 2443/2443/2443 2411/2411/2411
f 2410/2410/2410 2412/2412/2412 2444/2444/2444
f 2410/2410/2410 2444/2444/2444 2442/2442/2442
f 2411/2411/2411 2443/2443/2443 2445/2445/2445
f 2411/2411/2411 2445/2445/2445 2413/2413/2413
f 2412/2412/2412 2414/2414/2414 2446/2446/2446
f 2412/2412/2412 2446/2446/2446 2444/2444/2444
f 2413/2413/2413 2445/2445/2445 2447/2447/2447
f 2413/2413/2413 2447/2447/2447 2415/2415/2415
f 2414/2414/2414 2416/2416/2416 2448/2448/2448
f 2414/2414/2414 2448/2448/2448 2446/2446/2446
f 2417/2417/2417 2449/2449/2449 2451/2451/2451
f 2417/2417/2417 2451/2451/2451 2419/2419/2419
f 2418/2418/2418 2420/2420/2420 2452/2452/2452
f 2418/2418/2418 2452/2452/2452 2450/2450/2450
f 2419/2419/2419 2451/2451/2451 2453/2453/2453
f 2419/2419/2419 2453/2453/2453 2421/2421/2421
f 2420/2420/2420 2422/2422/2422 2454/2454/2454
f 2420/2420/2420 2454/2454/2454 2452/2452/2452
f 2421/2421/2421 2453/2453/2453 2455/2455/2455
f 2421/2421/2421 2455/2455/2455 2423/2423/2423
f 2422/2422/2422 2424/2424/2424 2456/2456/2456
f 2422/2422/2422 2456/2456/2456 2454/2454/2454
f 2423/2423/2423 2455/2455/2455 2457/2457/2457
f 2423/2423/2423 2457/2457/2457 2425/2425/2425
f 2424/2424/2424 2426/2426/2426 2458/2458/2458
f 2424/2424/2424 2458/2458/2458 2456/2456/2456
f 2425/2425/2425 2457/2457/2457 2459/2459/2459
f 2425/2425/2425 2459/2459/2459 2427/2427/2427
f 2426/2426/2426 2428/2428/2428 2460/2460/2460
f 2426/2426/2426 2460/2460/2460 2458/2458/2458
f 2427/2427/2427 2459/2459/2459 2461/2461/2461
f 2427/2427/2427 2461/2461/2461 2429/2429/2429
f 2428/2428/2428 2430/2430/2430 2462/2462/2462
f 2428/2428/2428 2462/2462/2462 2460/2460/2460
f 2429/2429/2429 2461/2461/2461 2463/2463/2463
f 2429/2429/2429 2463/2463/2463 2431/2431/2431
f 2430/2430/2430 2432/2432/2432 2464/2464/2464
f 2430/2430/2430 2464/2464/2464 2462/2462/2462
f 2431/2431/2431 2463/2463/2463 2465/2465/2465
f 2431/2431/2431 2465/2465/2465 2433/2433/2433
f 2432/2432/2432 2434/2434/2434 2466/2466/2466
f 2432/2432/2432 2466/2466/2466 2464/2464/2464
f 2433/2433/2433 2465/2465/2465 2467/2467/2467
f 2433/2433/2433 2467/2467/2467 2435/2435/2435
f 2434/2434/2434 2436/2436/2436 2468/2468/2468
f 2434/2434/2434 2468/2468/2468 2466/2466/2466
f 2435/2435/2435 2467/2467/2467 2469/2469/2469
f 2435/2435/2435 2469/2469/2469 2437/2437/2437
f 2436/2436/2436 2438/2438/2438 2470/2470/2470
f 2436/2436/2436 2470/2470/2470 2468/2468/2468
f 2437/2437/2437 2469/2469/2469 2471/2471/2471
f 2437/2437/2437 2471/2471/2471 2439/2439/2439
f 2438/2438/2438 2440/2440/2440 2472/2472/2472
f 2438/2438/2438 2472/2472/2472 2470/2470/2470
f 2439/2439/2439 2471/2471/2471 2473/2473/2473
f 2439/2439/2439 2473/2473/2473 2441/2441/2441
f 2440/2440/2440 2442/2442/2442 2474/2474/2474
f 2440/2440/2440 2474/2474/2474 2472/2472/2472
f 2441/2441/2441 2473/2473/2473 2475/2475/2475
f 2441/2441/2441 2475/2475/2475 2443/2443/2443
f 2442/2442/2442 2444/2444/2444 2476/2476/2476
f 2442/2442/2442 2476/2476/2476 2474/2474/2474
f 2443/2443/2443 2475/2475/2475 2477/2477/2477
f 2443/2443/2443 2477/2477/2477 2445/2445/2445
f 2444/2444/2444 2446/2446/2446 2478/2478/2478
f 2444/2444/2444 2478/2478/2478 2476/2476/2476
f 2445/2445/2445 2477/2477/2477 2479/2479/2479
f 2445/2445/2445 2479/2479/2479 2447/2447/2447
f 2446/2446/2446 2448/2448/2448 2480/2480/2480
f 2446/2446/2446 2480/2480/2480 2478/2478/2478
f 2449/2449/2449 2481/2481/2481 2483/2483/2483
f 2449/2449/2449 2483/2483/2483 2451/2451/2451
f 2450/2450/2450 2452/2452/2452 2484/2484/2484
f 2450/2450/2450 2484/2484/2484 2482/2482/2482
f 2451/2451/2451 2483/2483/2483 2485/2485/2485
f 2451/2451/2451 2485/2485/2485 2453/2453/2453
f 2452/2452/2452 2454/2454/2454 2486/2486/2486
f 2452/2452/2452 2486/2486/2486 2484/2484/2484
f 2453/2453/2453 2485/2485/2485 2487/2487/2487
f 2453/2453/2453 2487/2487/2487 2455/2455/2455
f 2454/2454/2454 2456/2456/2456 2488/2488/2488
f 2454/2454/2454 2488/2488/2488 2486/2486/2486
f 2455/2455/2455 2487/2487/2487 2489/2489/2489
f 2455/2455/2455 2489/2489/2489 2457/2457/2457
f 2456/2456/2456 2458/2458/2458 2490/2490/2490
f 2456/2456/2456 2490/2490/2490 2488/2488/2488
f 2457/2457/2457 2489/2489/2489 2491/2491/2491
f 2457/2457/2457 2491/2491/2491 2459/2459/2459
f 2458/2458/2458 2460/2460/2460 2492/2492/2492
f 2458/2458/2458 2492/2492/2492 2490/2490/2490
f 2459/2459/2459 2491/2491/2491 2493/2493/2493
f 2459/2459/2459 2493/2493/2493 2461/2461/2461
f 2460/2460/2460 2462/2462/2462 2494/2494/2494
f 2460/2460/2460 2494/2494/2494 2492/2492/2492
f 2461/2461/2461 2493/2493/2493 2495/2495/2495
f 2461/2461/2461 2495/2495/2495 2463/2463/2463
f 2462/2462/2462 2464/2464/2464 2496/2496/2496
f 2462/2462/2462 2496/2496/2496 2494/2494/2494
f 2463/2463/2463 2495/2495/2495 2497/2497/2497
f 2463/2463/2463 2497/2497/2497 2465/2465/2465
f 2464/2464/2464 2466/2466/2466 2498/2498/2498
f 2464/2464/2464 2498/2498/2498 2496/2496/2496
f 2465/2465/2465 2497/2497/2497 2499/2499/2499
f 2465/2465/2465 2499/2499/2499 2467/2467/2467
f 2466/2466/2466 2468/2468/2468 2500/2500/2500
f 2466/2466/2466 2500/2500/2500 2498/2498/2498
f 2467/2467/2467 2499/2499/2499 2501/2501/2501
f 2467/2467/2467 2501/2501/2501 2469/2469/2469
f 2468/2468/2468 2470/2470/2470 2502/2502/2502
f 2468/2468/2468 2502/2502/2502 2500/2500/2500
f 2469/2469/2469 2501/2501/2501 2503/2503/2503
f 2469/2469/2469 2503/2503/2503 2471/2471/2471
f 2470/2470/2470 2472/2472/2472 2504/2504/2504
f 2470/2470/2470 2504/2504/2504 2502/2502/2502
f 2471/2471/2471 2503/2503/2503 2505/2505/2505
f 2471/2471/2471 2505/2505/2505 2473/2473/2473
f 2472/2472/2472 2474/2474/2474 2506/2506/2506
f 2472/2472/2472 2506/2506/2506 2504/2504/2504
f 2473/2473/2473 2505/2505/2505 2507/2507/2507
f 2473/2473/2473 2507/2507/2507 2475/2475/2475
f 2474/2474/2474 2476/2476/2476 2508/2508/2508
f 2474/2474/2474 2508/2508/2508 2506/2506/2506
f 2475/2475/2475 2507/2507/2507 2509/2509/2509
f 2475/2475/2475 2509/2509/2509 2477/2477/2477
f 2476/2476/2476 2478/2478/2478 2510/2510/2510
f 2476/2476/2476 2510/2510/2510 2508/2508/2508
f 2477/2477/2477 2509/2509/2509 2511/2511/2511
f 2477/2477/2477 2511/2511/2511 2479/2479/2479
f 2478/2478/2478 2480/2480/2480 2512/2512/2512
f 2478/2478/2478 2512/2512/2512 2510/2510/2510
f 2481/2481/2481 2513/2513/2513 2515/2515/2515
f 2481/2481/2481 2515/2515/2515 2483/2483/2483
f 2482/2482/2482 2484/2484/2484 2516/2516/2516
f 2482/2482/2482 2516/2516/2516 2514/2514/2514
f 2483/2483/2483 2515/2515/2515 2517/2517/2517
f 2483/2483/2483 2517/2517/2517 2485/2485/2485
f 2484/2484/2484 2486/2486/2486 2518/2518/2518
f 2484/2484/2484 2518/2518/2518 2516/2516/2516
f 2485/2485/2485 2517/2517/2517 2519/2519/2519
f 2485/2485/2485 2519/2519/2519 2487/2487/2487
f 2486/2486/2486 2488/2488/2488 2520/2520/2520
f 2486/2486/2486 2520/2520/2520 2518/2518/2518
f 2487/2487/2487 2519/2519/2519 2521/2521/2521
f 2487/2487/2487 2521/2521/2521 2489/2489/2489
f 2488/2488/2488 2490/2490/2490 2522/2522/2522
f 2488/2488/2488 2522/2522/2522 2520/2520/2520
f 2489/2489/2489 2521/2521/2521 2523/2523/2523
f 2489/2489/2489 2523/2523/2523 2491/2491/2491
f 2490/2490/2490 2492/2492/2492 2524/2524/2524
f 2490/2490/2490 2524/2524/2524 2522/2522/2522
f 2491/2491/2491 2523/2523/2523 2525/2525/2525
f 2491/2491/2491 2525/2525/2525 2493/2493/2493
f 2492/2492/2492 2494/2494/2494 2526/2526/2526
f 2492/2492/2492 2526/2526/2526 2524/2524/2524
f 2493/2493/2493 2525/2525/2525 2527/2527/2527
f 2493/2493/2493 2527/2527/2527 2495/2495/2495
f 2494/2494/2494 2496/2496/2496 2528/2528/2528
f 2494/2494/2494 2528/2528/2528 2526/2526/2526
f 2495/2495/2495 2527/2527/2527 2529/2529/2529
f 2495/2495/2495 2529/2529/2529 2497/2497/2497
f 2496/2496/2496 2498/2498/2498 2530/2530/2530
f 2496/2496/2496 2530/2530/2530 2528/2528/2528
f 2497/2497/2497 2529/2529/2529 2531/2531/2531
f 2497/2497/2497 2531/2531/2531 2499/2499/2499
f 2498/2498/2498 2500/2500/2500 2532/2532/2532
f 2498/2498/2498 2532/2532/2532 2530/2530/2530
f 2499/2499/2499 2531/2531/2531 2533/2533/2533
f 2499/2499/2499 2533/2533/2533 2501/2501/2501
f 2500/2500/2500 2502/2502/2502 2534/2534/2534
f 2500/2500/2500 2534/2534/2534 2532/2532/2532
f 2501/2501/2501 2533/2533/2533 2535/2535/2535
f 2501/2501/2501 2535/2535/2535 2503/2503/2503
f 2502/2502/2502 2504/2504/2504 2536/2536/2536
f 2502/2502/2502 2536/2536/2536 2534/2534/2534
f 2503/2503/2503 2535/2535/2535 2537/2537/2537
f 2503/2503/2503 2537/2537/2537 2505/2505/2505
f 2504/2504/2504 2506/2506/2506 2538/2538/2538
f 2504/2504/2504 2538/2538/2538 2536/2536/2536
f 2505/2505/2505 2537/2537/2537 2539/2539/2539
f 2505/2505/2505 2539/2539/2539 2507/2507/2507
f 2506/2506/2506 2508/2508/2508 2540/2540/2540
f 2506/2506/2506 2540/2540/2540 2538/2538/2538
f 2507/2507/2507 2539/2539/2539 2541/2541/2541
f 2507/2507/2507 2541/2541/2541 2509/2509/2509
f 2508/2508/2508 2510/2510/2510 2542/2542/2542
f 2508/2508/2508 2542/2542/2542 2540/2540/2540
f 2509/2509/2509 2541/2541/2541 2543/2543/2543
f 2509/2509/2509 2543/2543/2543 2511/2511/2511
f 2510/2510/2510 2512/2512/2512 2544/2544/2544
f 2510/2510/2510 2544/2544/2544 2542/2542/2542
f 2513/2513/2513 2545/2545/2545 2547/2547/2547
f 2513/2513/2513 2547/2547/2547 2515/2515/2515
f 2514/2514/2514 2516/2516/2516 2548/2548/2548
f 2514/2514/2514 2548/2548/2548 2546/2546/2546
f 2515/2515/2515 2547/2547/2547 2549/2549/2549
f 2515/2515/2515 2549/2549/2549 2517/2517/2517
f 2516/2516/2516 2518/2518/2518 2550/2550/2550
f 2516/2516/2516 2550/2550/2550 2548/2548/2548
f 2517/2517/2517 2549/2549/2549 2551/2551/2551
f 2517/2517/2517 2551/2551/2551 2519/2519/2519
f 2518/2518/2518 2520/2520/2520 2552/2552/2552
f 2518/2518/2518 2552/2552/2552 2550/2550/2550
f 2519/2519/2519 2551/2551/2551 2553/2553/2553
f 2519/2519/2519 2553/2553/2553 2521/2521/2521
f 2520/2520/2520 2522/2522/2522 2554/2554/2554
f 2520/2520/2520 2554/2554/2554 2552/2552/2552
f 2521/2521/2521 2553/2553/2553 2555/2555/2555
f 2521/2521/2521 2555/2555/2555 2523/2523/2523
f 2522/2522/2522 2524/2524/2524 2556/2556/2556
f 2522/2522/2522 2556/2556/2556 2554/2554/2554
f 2523/2523/2523 2555/2555/2555 2557/2557/2557
f 2523/2523/2523 2557/2557/2557 2525/2525/2525
f 2524/2524/2524 2526/2526/2526 2558/2558/2558
f 2524/2524/2524 2558/2558/2558 2556/2556/2556
f 2525/2525/2525 2557/2557/2557 2559/2559/2559
f 2525/2525/2525 2559/2559/2559 2527/2527/2527
f 2526/2526/2526 2528/2528/2528 2560/2560/2560
f 2526/2526/2526 2560/2560/2560 2558/2558/2558
f 2527/2527/2527 2559/2559/2559 2561/2561/2561
f 2527/2527/2527 2561/2561/2561 2529/2529/2529
f 2528/2528/2528 2530/2530/2530 2562/2562/2562
f 2528/2528/2528 2562/2562/2562 2560/2560/2560
f 2529/2529/2529 2561/2561/2561 2563/2563/2563
f 2529/2529/2529 2563/2563/2563 2531/2531/2531
f 2530/2530/2530 2532/2532/2532 2564/2564/2564
f 2530/2530/2530 2564/2564/2564 2562/2562/2562
f 2531/2531/2531 2563/2563/2563 2565/2565/2565
f 2531/2531/2531 2565/2565/2565 2533/2533/2533
f 2532/2532/2532 2534/2534/2534 2566/2566/2566
f 2532/2532/2532 2566/2566/2566 2564/2564/2564
f 2533/2533/2533 2565/2565/2565 2567/2567/2567
f 2533/2533/2533 2567/2567/2567 2535/2535/2535
f 2534/2534/2534 2536/2536/2536 2568/2568/2568
f 2534/2534/2534 2568/2568/2568 2566/2566/2566
f 2535/2535/2535 2567/2567/2567 2569/2569/2569
f 2535/2535/2535 2569/2569/2569 2537/2537/2537
f 2536/2536/2536 2538/2538/2538 2570/2570/2570
f 2536/2536/2536 2570/2570/2570 2568/2568/2568
f 2537/2537/2537 2569/2569/2569 2571/2571/2571
f 2537/2537/2537 2571/2571/2571 2539/2539/2539
f 2538/2538/2538 2540/2540/2540 2572/2572/2572
f 2538/2538/2538 2572/2572/2572 2570/2570/2570
f 2539/2539/2539 2571/2571/2571 2573/2573/2573
f 2539/2539/2539 2573/2573/2573 2541/2541/2541
f 2540/2540/2540 2542/2542/2542 2574/2574/2574
f 2540/2540/2540 2574/2574/2574 2572/2572/2572
f 2541/2541/2541 2573/2573/2573 2575/2575/2575
f 2541/2541/2541 2575/2575/2575 2543/2543/2543
f 2542/2542/2542 2544/2544/2544 2576/2576/2576
f 2542/2542/2542 2576/2576/2576 2574/2574/2574
f 2545/2545/2545 2577/2577/2577 2579/2579/2579
f 2545/2545/2545 2579/2579/2579 2547/2547/2547
f 2546/2546/2546 2548/2548/2548 2580/2580/2580
f 2546/2546/2546 2580/2580/2580 2578/2578/2578
f 2547/2547/2547 2579/2579/2579 2581/2581/2581
f 2547/2547/2547 2581/2581/2581 2549/2549/2549
f 2548/2548/2548 2550/2550/2550 2582/2582/2582
f 2548/2548/2548 2582/2582/2582 2580/2580/2580
f 2549/2549/2549 2581/2581/2581 2583/2583/2583
f 2549/2549/2549 2583/2583/2583 2551/2551/2551
f 2550/2550/2550 2552/2552/2552 2584/2584/2584
f 2550/2550/2550 2584/2584/2584 2582/2582/2582
f 2551/2551/2551 2583/2583/2583 2585/2585/2585
f 2551/2551/2551 2585/2585/2585 2553/2553/2553
f 2552/2552/2552 2554/2554/2554 2586/2586/2586
f 2552/2552/2552 2586/2586/2586 2584/2584/2584
f 2553/2553/2553 2585/2585/2585 2587/2587/2587
f 2553/2553/2553 2587/2587/2587 2555/2555/2555
f 2554/2554/2554 2556/2556/2556 2588/2588/2588
f 2554/2554/2554 2588/2588/2588 2586/2586/2586
f 2555/2555/2555 2587/2587/2587 2589/2589/2589
f 2555/2555/2555 2589/2589/2589 2557/2557/2557
f 2556/2556/2556 2558/2558/2558 2590/2590/2590
f 2556/2556/2556 2590/2590/2590 2588/2588/2588
f 2557/2557/2557 2589/2589/2589 2591/2591/2591
f 2557/2557/2557 2591/2591/2591 2559/2559/2559
f 2558/2558/2558 2560/2560/2560 2592/2592/2592
f 2558/2558/2558 2592/2592/2592 2590/2590/2590
f 2559/2559/2559 2591/2591/2591 2593/2593/2593
f 2559/2559/2559 2593/2593/2593 2561/2561/2561
f 2560/2560/2560 2562/2562/2562 2594/2594/2594
f 2560/2560/2560 2594/2594/2594 2592/2592/2592
f 2561/2561/2561 2593/2593/2593 2595/2595/2595
f 2561/2561/2561 2595/2595/2595 2563/2563/2563
f 2562/2562/2562 2564/2564/2564 2596/2596/2596
f 2562/2562/2562 2596/2596/2596 2594/2594/2594
f 2563/2563/2563 2595/2595/2595 2597/2597/2597
f 2563/2563/2563 2597/2597/2597 2565/2565/2565
f 2564/2564/2564 2566/2566/2566 2598/2598/2598
f 2564/2564/2564 2598/2598/2598 2596/2596/2596
f 2565/2565/2565 2597/2597/2597 2599/2599/2599
f 2565/2565/2565 2599/2599/2599 2567/2567/2567
f 2566/2566/2566 2568/2568/2568 2600/2600/2600
f 2566/2566/2566 2600/2600/2600 2598/2598/2598
f 2567/2567/2567 2599/2599/2599 2601/2601/2601
f 2567/2567/2567 2601/2601/2601 2569/2569/2569
f 2568/2568/2568 2570/2570/2570 2602/2602/2602
f 2568/2568/2568 2602/2602/2602 2600/2600/2600
f 2569/2569/2569 2601/2601/2601 2603/2603/2603
f 2569/2569/2569 2603/2603/2603 2571/2571/2571
f 2570/2570/2570 2572/2572/2572 2604/2604/2604
f 2570/2570/2570 2604/2604/2604 2602/2602/2602
f 2571/2571/2571 2603/2603/2603 2605/2605/2605
f 2571/2571/2571 2605/2605/2605 2573/2573/2573
f 2572/2572/2572 2574/2574/2574 2606/2606/2606
f 2572/2572/2572 2606/2606/2606 2604/2604/2604
f 2573/2573/2573 2605/2605/2605 2607/2607/2607
f 2573/2573/2573 2607/2607/2607 2575/2575/2575
f 2574/2574/2574 2576/2576/2576 2608/2608/2608
f 2574/2574/2574 2608/2608/2608 2606/2606/2606
f 2321/2321/2321 2322/2322/2322 2354/2354/2354
f 2321/2321/2321 2354/2354/2354 2353/2353/2353
f 2351/2351/2351 2383/2383/2383 2384/2384/2384
f 2351/2351/2351 2384/2384/2384 2352/2352/2352
f 2353/2353/2353 2354/2354/2354 2386/2386/2386
f 2353/2353/2353 2386/2386/2386 2385/2385/2385
f 2383/2383/2383 2415/2415/2415 2416/2416/2416
f 2383/2383/2383 2416/2416/2416 2384/2384/2384
f 2385/2385/2385 2386/2386/2386 2418/2418/2418
f 2385/2385/2385 2418/2418/2418 2417/2417/2417
f 2415/2415/2415 2447/2447/2447 2448/2448/2448
f 2415/2415/2415 2448/2448/2448 2416/2416/2416
f 2417/2417/2417 2418/2418/2418 2450/2450/2450
f 2417/2417/2417 2450/2450/2450 2449/2449/2449
f 2447/2447/2447 2479/2479/2479 2480/2480/2480
f 2447/2447/2447 2480/2480/2480 2448/2448/2448
f 2449/2449/2449 2450/2450/2450 2482/2482/2482
f 2449/2449/2449 2482/2482/2482 2481/2481/2481
f 2479/2479/2479 2511/2511/2511 2512/2512/2512
f 2479/2479/2479 2512/2512/2512 2480/2480/2480
f 2481/2481/2481 2482/2482/2482 2514/2514/2514
f 2481/2481/2481 2514/2514/2514 2513/2513/2513
f 2511/2511/2511 2543/2543/2543 2544/2544/2544
f 2511/2511/2511 2544/2544/2544 2512/2512/2512
f 2513/2513/2513 2514/2514/2514 2546/2546/2546
f 2513/2513/2513 2546/2546/2546 2545/2545/2545
f 2543/2543/2543 2575/2575/2575 2576/2576/2576
f 2543/2543/2543 2576/2576/2576 2544/2544/2544
f 2545/2545/2545 2546/2546/2546 2578/2578/2578
f 2545/2545/2545 2578/2578/2578 2577/2577/2577
f 2575/2575/2575 2607/2607/2607 2608/2608/2608
f 2575/2575/2575 2608/2608/2608 2576/2576/2576
f 2321/2321/2321 2323/2323/2323 2324/2324/2324
f 2321/2321/2321 2324/2324/2324 2322/2322/2322
f 2577/2577/2577 2578/2578/2578 2580/2580/2580
f 2577/2577/2577 2580/2580/2580 2579/2579/2579
f 2323/2323/2323 2325/2325/2325 2326/2326/2326
f 2323/2323/2323 2326/2326/2326 2324/2324/2324
f 2579/2579/2579 2580/2580/2580 2582/2582/2582
f 2579/2579/2579 2582/2582/2582 2581/2581/2581
f 2325/2325/2325 2327/2327/2327 2328/2328/2328
f 2325/2325/2325 2328/2328/2328 2326/2326/2326
f 2581/2581/2581 2582/2582/2582 2584/2584/2584
f 2581/2581/2581 2584/2584/2584 2583/2583/2583
f 2327/2327/2327 2329/2329/2329 2330/2330/2330
f 2327/2327/2327 2330/2330/2330 2328/2328/2328
f 2583/2583/2583 2584/2584/2584 2586/2586/2586
f 2583/2583/2583 2586/2586/2586 2585/2585/2585
f 2329/2329/2329 2331/2331/2331 2332/2332/2332
f 2329/2329/2329 2332/2332/2332 2330/2330/2330
f 2585/2585/2585 2586/2586/2586 2588/2588/2588
f 2585/2585/2585 2588/2588/2588 2587/2587/2587
f 2331/2331/2331 2333/2333/2333 2334/2334/2334
f 2331/2331/2331 2334/2334/2334 2332/2332/2332
f 2587/2587/2587 2588/2588/2588 2590/2590/2590
f 2587/2587/2587 2590/2590/2590 2589/2589/2589
f 2333/2333/2333 2335/2335/2335 2336/2336/2336
f 2333/2333/2333 2336/2336/2336 2334/2334/2334
f 2589/2589/2589 2590/2590/2590 2592/2592/2592
f 2589/2589/2589 2592/2592/2592 2591/2591/2591
f 2335/2335/2335 2337/2337/2337 2338/2338/2338
f 2335/2335/2335 2338/2338/2338 2336/2336/2336
f 2591/2591/2591 2592/2592/2592 2594/2594/2594
f 2591/2591/2591 2594/2594/2594 2593/2593/2593
f 2337/2337/2337 2339/2339/2339 2340/2340/2340
f 2337/2337/2337 2340/2340/2340 2338/2338/2338
f 2593/2593/2593 2594/2594/2594 2596/2596/2596
f 2593/2593/2593 2596/2596/2596 2595/2595/2595
f 2339/2339/2339 2341/2341/2341 2342/2342/2342
f 2339/2339/2339 2342/2342/2342 2340/2340/2340
f 2595/2595/2595 2596/2596/2596 2598/2598/2598
f 2595/2595/2595 2598/2598/2598 2597/2597/2597
f 2341/2341/2341 2343/2343/2343 2344/2344/2344
f 2341/2341/2341 2344/2344/2344 2342/2342/2342
f 2597/2597/2597 2598/2598/2598 2600/2600/2600
f 2597/2597/2597 2600/2600/2600 2599/2599/2599
f 2343/2343/2343 2345/2345/2345 2346/2346/2346
f 2343/2343/2343 2346/2346/2346 2344/2344/2344
f 2599/2599/2599 2600/2600/2600 2602/2602/2602
f 2599/2599/2599 2602/2602/2602 2601/2601/2601
f 2345/2345/2345 2347/2347/2347 2348/2348/2348
f 2345/2345/2345 2348/2348/2348 2346/2346/2346
f 2601/2601/2601 2602/2602/2602 2604/2604/2604
f 2601/2601/2601 2604/2604/2604 2603/2603/2603
f 2347/2347/2347 2349/2349/2349 2350/2350/2350
f 2347/2347/2347 2350/2350/2350 2348/2348/2348
f 2603/2603/2603 2604/2604/2604 2606/2606/2606
f 2603/2603/2603 2606/2606/2606 2605/2605/2605
f 2349/2349/2349 2351/2351/2351 2352/2352/2352
f 2349/2349/2349 2352/2352/2352 2350/2350/2350
f 2605/2605/2605 2606/2606/2606 2608/2608/2608
f 2605/2605/2605 2608/2608/2608 2607/2607/2607
f 2609/2609/2609 2617/2617/2617 2618/2618/2618
f 2609/2609/2609 2618/2618/2618 2610/2610/2610
f 2610/2610/2610 2618/2618/2618 2619/2619/2619
f 2610/2610/2610 2619/2619/2619 2611/2611/2611
f 2611/2611/2611 2619/2619/2619 2620/2620/2620
f 2611/2611/2611 2620/2620/2620 2612/2612/2612
f 2612/2612/2612 2620/2620/2620 2621/2621/2621
f 2612/2612/2612 2621/2621/2621 2613/2613/2613
f 2613/2613/2613 2621/2621/2621 2622/2622/2622
f 2613/2613/2613 2622/2622/2622 2614/2614/2614
f 2614/2614/2614 2622/2622/2622 2623/2623/2623
f 2614/2614/2614 2623/2623/2623 2615/2615/2615
f 2615/2615/2615 2623/2623/2623 2624/2624/2624
f 2615/2615/2615 2624/2624/2624 2616/2616/2616
f 2616/2616/2616 2624/2624/2624 2617/2617/2617
f 2616/2616/2616 2617/2617/2617 2609/2609/2609
f 2617/2617/2617 2625/2625/2625 2626/2626/2626
f 2617/2617/2617 2626/2626/2626 2618/2618/2618
f 2618/2618/2618 2626/2626/2626 2627/2627/2627
f 2618/2618/2618 2627/2627/2627 2619/2619/2619
f 2619/2619/2619 2627/2627/2627 2628/2628/2628
f 2619/2619/2619 2628/2628/2628 2620/2620/2620
f 2620/2620/2620 2628/2628/2628 2629/2629/2629
f 2620/2620/2620 2629/2629/2629 2621/2621/2621
f 2621/2621/2621 2629/2629/2629 2630/2630/2630
f 2621/2621/2621 2630/2630/2630 2622/2622/2622
f 2622/2622/2622 2630/2630/2630 2631/2631/2631
f 2622/2622/2622 2631/2631/2631 2623/2623/2623
f 2623/2623/2623 2631/2631/2631 2632/2632/2632
f 2623/2623/2623 2632/2632/2632 2624/2624/2624
f 2624/2624/2624 2632/2632/2632 2625/2625/2625
f 2624/2624/2624 2625/2625/2625 2617/2617/2617
f 2625/2625/2625 2633/2633/2633 2634/2634/2634
f 2625/2625/2625 2634/2634/2634 2626/2626/2626
f 2626/2626/2626 2634/2634/2634 2635/2635/2635
f 2626/2626/2626 2635/2635/2635 2627/2627/2627
f 2627/2627/2627 2635/2635/2635 2636/2636/2636
f 2627/2627/2627 2636/2636/2636 2628/2628/2628
f 2628/2628/2628 2636/2636/2636 2637/2637/2637
f 2628/2628/2628 2637/2637/2637 2629/2629/2629
f 2629/2629/2629 2637/2637/2637 2638/2638/2638
f 2629/2629/2629 2638/2638/2638 2630/2630/2630
f 2630/2630/2630 2638/2638/2638 2639/2639/2639
f 2630/2630/2630 2639/2639/2639 2631/2631/2631
f 2631/2631/2631 2639/2639/2639 2640/2640/2640
f 2631/2631/2631 2640/2640/2640 2632/2632/2632
f 2632/2632/2632 2640/2640/2640 2633/2633/2633
f 2632/2632/2632 2633/2633/2633 2625/2625/2625
f 2633/2633/2633 2641/2641/2641 2642/2642/2642
f 2633/2633/2633 2642/2642/2642 2634/2634/2634
f 2634/2634/2634 2642/2642/2642 2643/2643/2643
f 2634/2634/2634 2643/2643/2643 2635/2635/2635
f 2635/2635/2635 2643/2643/2643 2644/2644/2644
f 2635/2635/2635 2644/2644/2644 2636/2636/2636
f 2636/2636/2636 2644/2644/2644 2645/2645/2645
f 2636/2636/2636 2645/2645/2645 2637/2637/2637
f 2637/2637/2637 2645/2645/2645 2646/2646/2646
f 2637/2637/2637 2646/2646/2646 2638/2638/2638
f 2638/2638/2638 2646/2646/2646 2647/2647/2647
f 2638/2638/2638 2647/2647/2647 2639/2639/2639
f 2639/2639/2639 2647/2647/2647 2648/2648/2648
f 2639/2639/2639 2648/2648/2648 2640/2640/2640
f 2640/2640/2640 2648/2648/2648 2641/2641/2641
f 2640/2640/2640 2641/2641/2641 2633/2633/2633
f 2649/2649/2649 2681/2681/2681 2683/2683/2683
f 2649/2649/2649 2683/2683/2683 2651/2651/2651
f 2650/2650/2650 2652/2652/2652 2684/2684/2684
f 2650/2650/2650 2684/2684/2684 2682/2682/2682
f 2651/2651/2651 2683/2683/2683 2685/2685/2685
f 2651/2651/2651 2685/2685/2685 2653/2653/2653
f 2652/2652/2652 2654/2654/2654 2686/2686/2686
f 2652/2652/2652 2686/2686/2686 2684/2684/2684
f 2653/2653/2653 2685/2685/2685 2687/2687/2687
f 2653/2653/2653 2687/2687/2687 2655/2655/2655
f 2654/2654/2654 2656/2656/2656 2688/2688/2688
f 2654/2654/2654 2688/2688/2688 2686/2686/2686
f 2655/2655/2655 2687/2687/2687 2689/2689/2689
f 2655/2655/2655 2689/2689/2689 2657/2657/2657
f 2656/2656/2656 2658/2658/2658 2690/2690/2690
f 2656/2656/2656 2690/2690/2690 2688/2688/2688
f 2657/2657/2657 2689/2689/2689 2691/2691/2691
f 2657/2657/2657 2691/2691/2691 2659/2659/2659
f 2658/2658/2658 2660/2660/2660 2692/2692/2692
f 2658/2658/2658 2692/2692/2692 2690/2690/2690
f 2659/2659/2659 2691/2691/2691 2693/2693/2693
f 2659/2659/2659 2693/2693/2693 2661/2661/2661
f 2660/2660/2660 2662/2662/2662 2694/2694/2694
f 2660/2660/2660 2694/2694/2694 2692/2692/2692
f 2661/2661/2661 2693/2693/2693 2695/2695/2695
f 2661/2661/2661 2695/2695/2695 2663/2663/2663
f 2662/2662/2662 2664/2664/2664 2696/2696/2696
f 2662/2662/2662 2696/2696/2696 2694/2694/2694
f 2663/2663/2663 2695/2695/2695 2697/2697/2697
f 2663/2663/2663 2697/2697/2697 2665/2665/2665
f 2664/2664/2664 2666/2666/2666 2698/2698/2698
f 2664/2664/2664 2698/2698/2698 2696/2696/2696
f 2665/2665/2665 2697/2697/2697 2699/2699/2699
f 2665/2665/2665 2699/2699/2699 2667/2667/2667
f 2666/2666/2666 2668/2668/2668 2700/2700/2700
f 2666/2666/2666 2700/2700/2700 2698/2698/2698
f 2667/2667/2667 2699/2699/2699 2701/2701/2701
f 2667/2667/2667 2701/2701/2701 2669/2669/2669
f 2668/2668/2668 2670/2670/2670 2702/2702/2702
f 2668/2668/2668 2702/2702/2702 2700/2700/2700
f 2669/2669/2669 2701/2701/2701 2703/2703/2703
f 2669/2669/2669 2703/2703/2703 2671/2671/2671
f 2670/2670/2670 2672/2672/2672 2704/2704/2704
f 2670/2670/2670 2704/2704/2704 2702/2702/2702
f 2671/2671/2671 2703/2703/2703 2705/2705/2705
f 2671/2671/2671 2705/2705/2705 2673/2673/2673
f 2672/2672/2672 2674/2674/2674 2706/2706/2706
f 2672/2672/2672 2706/2706/2706 2704/2704/2704
f 2673/2673/2673 2705/2705/2705 2707/2707/2707
f 2673/2673/2673 2707/2707/2707 2675/2675/2675
f 2674/2674/2674 2676/2676/2676 2708/2708/2708
f 2674/2674/2674 2708/2708/2708 2706/2706/2706
f 2675/2675/2675 2707/2707/2707 2709/2709/2709
f 2675/2675/2675 2709/2709/2709 2677/2677/2677
f 2676/2676/2676 2678/2678/2678 2710/2710/2710
f 2676/2676/2676 2710/2710/2710 2708/2708/2708
f 2677/2677/2677 2709/2709/2709 2711/2711/2711
f 2677/2677/2677 2711/2711/2711 2679/2679/2679
f 2678/2678/2678 2680/2680/2680 2712/2712/2712
f 2678/2678/2678 2712/2712/2712 2710/2710/2710
f 2681/2681/2681 2713/2713/2713 2715/2715/2715
f 2681/2681/2681 2715/2715/2715 2683/2683/2683
f 2682/2682/2682 2684/2684/2684 2716/2716/2716
f 2682/2682/2682 2716/2716/2716 2714/2714/2714
f 2683/2683/2683 2715/2715/2715 2717/2717/2717
f 2683/2683/2683 2717/2717/2717 2685/2685/2685
f 2684/2684/2684 2686/2686/2686 2718/2718/2718
f 2684/2684/2684 2718/2718/2718 2716/2716/2716
f 2685/2685/2685 2717/2717/2717 2719/2719/2719
f 2685/2685/2685 2719/2719/2719 2687/2687/2687
f 2686/2686/2686 2688/2688/2688 2720/2720/2720
f 2686/2686/2686 2720/2720/2720 2718/2718/2718
f 2687/2687/2687 2719/2719/2719 2721/2721/2721
f 2687/2687/2687 2721/2721/2721 2689/2689/2689
f 2688/2688/2688 2690/2690/2690 2722/2722/2722
f 2688/2688/2688 2722/2722/2722 2720/2720/2720
f 2689/2689/2689 2721/2721/2721 2723/2723/2723
f 2689/2689/2689 2723/2723/2723 2691/2691/2691
f 2690/2690/2690 2692/2692/2692 2724/2724/2724
f 2690/2690/2690 2724/2724/2724 2722/2722/2722
f 2691/2691/2691 2723/2723/2723 2725/2725/2725
f 2691/2691/2691 2725/2725/2725 2693/2693/2693
f 2692/2692/2692 2694/2694/2694 2726/2726/2726
f 2692/2692/2692 2726/2726/2726 2724/2724/2724
f 2693/2693/2693 2725/2725/2725 2727/2727/2727
f 2693/2693/2693 2727/2727/2727 2695/2695/2695
f 2694/2694/2694 2696/2696/2696 2728/2728/2728
f 2694/2694/2694 2728/2728/2728 2726/2726/2726
f 2695/2695/2695 2727/2727/2727 2729/2729/2729
f 2695/2695/2695 2729/2729/2729 2697/2697/2697
f 2696/2696/2696 2698/2698/2698 2730/2730/2730
f 2696/2696/2696 2730/2730/2730 2728/2728/2728
f 2697/2697/2697 2729/2729/2729 2731/2731/2731
f 2697/2697/2697 2731/2731/2731 2699/2699/2699
f 2698/2698/2698 2700/2700/2700 2732/2732/2732
f 2698/2698/2698 2732/2732/2732 2730/2730/2730
f 2699/2699/2699 2731/2731/2731 2733/2733/2733
f 2699/2699/2699 2733/2733/2733 2701/2701/2701
f 2700/2700/2700 2702/2702/2702 2734/2734/2734
f 2700/2700/2700 2734/2734/2734 2732/2732/2732
f 2701/2701/2701 2733/2733/2733 2735/2735/2735
f 2701/2701/2701 2735/2735/2735 2703/2703/2703
f 2702/2702/2702 2704/2704/2704 2736/2736/2736
f 2702/2702/2702 2736/2736/2736 2734/2734/2734
f 2703/2703/2703 2735/2735/2735 2737/2737/2737
f 2703/2703/2703 2737/2737/2737 2705/2705/2705
f 2704/2704/2704 2706/2706/2706 2738/2738/2738
f 2704/2704/2704 2738/2738/2738 2736/2736/2736
f 2705/2705/2705 2737/2737/2737 2739/2739/2739
f 2705/2705/2705 2739/2739/2739 2707/2707/2707
f 2706/2706/2706 2708/2708/2708 2740/2740/2740
f 2706/2706/2706 2740/2740/2740 2738/2738/2738
f 2707/2707/2707 2739/2739/2739 2741/2741/2741
f 2707/2707/2707 2741/2741/2741 2709/2709/2709
f 2708/2708/2708 2710/2710/2710 2742/2742/2742
f 2708/2708/2708 2742/2742/2742 2740/2740/2740
f 2709/2709/2709 2741/2741/2741 2743/2743/2743
f 2709/2709/2709 2743/2743/2743 2711/2711/2711
f 2710/2710/2710 2712/2712/2712 2744/2744/2744
f 2710/2710/2710 2744/2744/2744 2742/2742/2742
f 2713/2713/2713 2745/2745/2745 2747/2747/2747
f 2713/2713/2713 2747/2747/2747 2715/2715/2715
f 2714/2714/2714 2716/2716/2716 2748/2748/2748
f 2714/2714/2714 2748/2748/2748 2746/2746/2746
f 2715/2715/2715 2747/2747/2747 2749/2749/2749
f 2715/2715/2715 2749/2749/2749 2717/2717/2717
f 2716/2716/2716 2718/2718/2718 2750/2750/2750
f 2716/2716/2716 2750/2750/2750 2748/2748/2748
f 2717/2717/2717 2749/2749/2749 2751/2751/2751
f 2717/2717/2717 2751/2751/2751 2719/2719/2719
f 2718/2718/2718 2720/2720/2720 2752/2752/2752
f 2718/2718/2718 2752/2752/2752 2750/2750/2750
f 2719/2719/2719 2751/2751/2751 2753/2753/2753
f 2719/2719/2719 2753/2753/2753 2721/2721/2721
f 2720/2720/2720 2722/2722/2722 2754/2754/2754
f 2720/2720/2720 2754/2754/2754 2752/2752/2752
f 2721/2721/2721 2753/2753/2753 2755/2755/2755
f 2721/2721/2721 2755/2755/2755 2723/2723/2723
f 2722/2722/2722 2724/2724/2724 2756/2756/2756
f 2722/2722/2722 2756/2756/2756 2754/2754/2754
f 2723/2723/2723 2755/2755/2755 2757/2757/2757
f 2723/2723/2723 2757/2757/2757 2725/2725/2725
f 2724/2724/2724 2726/2726/2726 2758/2758/2758
f 2724/2724/2724 2758/2758/2758 2756/2756/2756
f 2725/2725/2725 2757/2757/2757 2759/2759/2759
f 2725/2725/2725 2759/2759/2759 2727/2727/2727
f 2726/2726/2726 2728/2728/2728 2760/2760/2760
f 2726/2726/2726 2760/2760/2760 2758/2758/2758
f 2727/2727/2727 2759/2759/2759 2761/2761/2761
f 2727/2727/2727 2761/2761/2761 2729/2729/2729
f 2728/2728/2728 2730/2730/2730 2762/2762/2762
f 2728/2728/2728 2762/2762/2762 2760/2760/2760
f 2729/2729/2729 2761/2761/2761 2763/2763/2763
f 2729/2729/2729 2763/2763/2763 2731/2731/2731
f 2730/2730/2730 2732/2732/2732 2764/2764/2764
f 2730/2730/2730 2764/2764/2764 2762/2762/2762
f 2731/2731/2731 2763/2763/2763 2765/2765/2765
f 2731/2731/2731 2765/2765/2765 2733/2733/2733
f 2732/2732/2732 2734/2734/2734 2766/2766/2766
f 2732/2732/2732 2766/2766/2766 2764/2764/2764
f 2733/2733/2733 2765/2765/2765 2767/2767/2767
f 2733/2733/2733 2767/2767/2767 2735/2735/2735
f 2734/2734/2734 2736/2736/2736 2768/2768/2768
f 2734/2734/2734 2768/2768/2768 2766/2766/2766
f 2735/2735/2735 2767/2767/2767 2769/2769/2769
f 2735/2735/2735 2769/2769/2769 2737/2737/2737
f 2736/2736/2736 2738/2738/2738 2770/2770/2770
f 2736/2736/2736 2770/2770/2770 2768/2768/2768
f 2737/2737/2737 2769/2769/2769 2771/2771/2771
f 2737/2737/2737 2771/2771/2771 2739/2739/2739
f 2738/2738/2738 2740/2740/2740 2772/2772/2772
f 2738/2738/2738 2772/2772/2772 2770/2770/2770
f 2739/2739/2739 2771/2771/2771 2773/2773/2773
f 2739/2739/2739 2773/2773/2773 2741/2741/2741
f 2740/2740/2740 2742/2742/2742 2774/2774/2774
f 2740/2740/2740 2774/2774/2774 2772/2772/2772
f 2741/2741/2741 2773/2773/2773 2775/2775/2775
f 2741/2741/2741 2775/2775/2775 2743/2743/2743
f 2742/2742/2742 2744/2744/2744 2776/2776/2776
f 2742/2742/2742 2776/2776/2776 2774/2774/2774
f 2745/2745/2745 2777/2777/2777 2779/2779/2779
f 2745/2745/2745 2779/2779/2779 2747/2747/2747
f 2746/2746/2746 2748/2748/2748 2780/2780/2780
f 2746/2746/2746 2780/2780/2780 2778/2778/2778
f 2747/2747/2747 2779/2779/2779 2781/2781/2781
f 2747/2747/2747 2781/2781/2781 2749/2749/2749
f 2748/2748/2748 2750/2750/2750 2782/2782/2782
f 2748/2748/2748 2782/2782/2782 2780/2780/2780
f 2749/2749/2749 2781/2781/2781 2783/2783/2783
f 2749/2749/2749 2783/2783/2783 2751/2751/2751
f 2750/2750/2750 2752/2752/2752 2784/2784/2784
f 2750/2750/2750 2784/2784/2784 2782/2782/2782
f 2751/2751/2751 2783/2783/2783 2785/2785/2785
f 2751/2751/2751 2785/2785/2785 2753/2753/2753
f 2752/2752/2752 2754/2754/2754 2786/2786/2786
f 2752/2752/2752 2786/2786/2786 2784/2784/2784
f 2753/2753/2753 2785/2785/2785 2787/2787/2787
f 2753/2753/2753 2787/2787/2787 2755/2755/2755
f 2754/2754/2754 2756/2756/2756 2788/2788/2788
f 2754/2754/2754 2788/2788/2788 2786/2786/2786
f 2755/2755/2755 2787/2787/2787 2789/2789/2789
f 2755/2755/2755 2789/2789/2789 2757/2757/2757
f 2756/2756/2756 2758/2758/2758 2790/2790/2790
f 2756/2756/2756 2790/2790/2790 2788/2788/2788
f 2757/2757/2757 2789/2789/2789 2791/2791/2791
f 2757/2757/2757 2791/2791/2791 2759/2759/2759
f 2758/2758/2758 2760/2760/2760 2792/2792/2792
f 2758/2758/2758 2792/2792/2792 2790/2790/2790
f 2759/2759/2759 2791/2791/2791 2793/2793/2793
f 2759/2759/2759 2793/2793/2793 2761/2761/2761
f 2760/2760/2760 2762/2762/2762 2794/2794/2794
f 2760/2760/2760 2794/2794/2794 2792/2792/2792
f 2761/2761/2761 2793/2793/2793 2795/2795/2795
f 2761/2761/2761 2795/2795/2795 2763/2763/2763
f 2762/2762/2762 2764/2764/2764 2796/2796/2796
f 2762/2762/2762 2796/2796/2796 2794/2794/2794
f 2763/2763/2763 2795/2795/2795 2797/2797/2797
f 2763/2763/2763 2797/2797/2797 2765/2765/2765
f 2764/2764/2764 2766/2766/2766 2798/2798/2798
f 2764/2764/2764 2798/2798/2798 2796/2796/2796
f 2765/2765/2765 2797/2797/2797 2799/2799/2799
f 2765/2765/2765 2799/2799/2799 2767/2767/2767
f 2766/2766/2766 2768/2768/2768 2800/2800/2800
f 2766/2766/2766 2800/2800/2800 2798/2798/2798
f 2767/2767/2767 2799/2799/2799 2801/2801/2801
f 2767/2767/2767 2801/2801/2801 2769/2769/2769
f 2768/2768/2768 2770/2770/2770 2802/2802/2802
f 2768/2768/2768 2802/2802/2802 2800/2800/2800
f 2769/2769/2769 2801/2801/2801 2803/2803/2803
f 2769/2769/2769 2803/2803/2803 2771/2771/2771
f 2770/2770/2770 2772/2772/2772 2804/2804/2804
f 2770/2770/2770 2804/2804/2804 2802/2802/2802
f 2771/2771/2771 2803/2803/2803 2805/2805/2805
f 2771/2771/2771 2805/2805/2805 2773/2773/2773
f 2772/2772/2772 2774/2774/2774 2806/2806/2806
f 2772/2772/2772 2806/2806/2806 2804/2804/2804
f 2773/2773/2773 2805/2805/2805 2807/2807/2807
f 2773/2773/2773 2807/2807/2807 2775/2775/2775
f 2774/2774/2774 2776/2776/2776 2808/2808/2808
f 2774/2774/2774 2808/2808/2808 2806/2806/2806
f 2777/2777/2777 2809/2809/2809 2811/2811/2811
f 2777/2777/2777 2811/2811/2811 2779/2779/2779
f 2778/2778/2778 2780/2780/2780 2812/2812/2812
f 2778/2778/2778 2812/2812/2812 2810/2810/2810
f 2779/2779/2779 2811/2811/2811 2813/2813/2813
f 2779/2779/2779 2813/2813/2813 2781/2781/2781
f 2780/2780/2780 2782/2782/2782 2814/2814/2814
f 2780/2780/2780 2814/2814/2814 2812/2812/2812
f 2781/2781/2781 2813/2813/2813 2815/2815/2815
f 2781/2781/2781 2815/2815/2815 2783/2783/2783
f 2782/2782/2782 2784/2784/2784 2816/2816/2816
f 2782/2782/2782 2816/2816/2816 2814/2814/2814
f 2783/2783/2783 2815/2815/2815 2817/2817/2817
f 2783/2783/2783 2817/2817/2817 2785/2785/2785
f 2784/2784/2784 2786/2786/2786 2818/2818/2818
f 2784/2784/2784 2818/2818/2818 2816/2816/2816
f 2785/2785/2785 2817/2817/2817 2819/2819/2819
f 2785/2785/2785 2819/2819/2819 2787/2787/2787
f 2786/2786/2786 2788/2788/2788 2820/2820/2820
f 2786/2786/2786 2820/2820/2820 2818/2818/2818
f 2787/2787/2787 2819/2819/2819 2821/2821/2821
f 2787/2787/2787 2821/2821/2821 2789/2789/2789
f 2788/2788/2788 2790/2790/2790 2822/2822/2822
f 2788/2788/2788 2822/2822/2822 2820/2820/2820
f 2789/2789/2789 2821/2821/2821 2823/2823/2823
f 2789/2789/2789 2823/2823/2823 2791/2791/2791
f 2790/2790/2790 2792/2792/2792 2824/2824/2824
f 2790/2790/2790 2824/2824/2824 2822/2822/2822
f 2791/2791/2791 2823/2823/2823 2825/2825/2825
f 2791/2791/2791 2825/2825/2825 2793/2793/2793
f 2792/2792/2792 2794/2794/2794 2826/2826/2826
f 2792/2792/2792 2826/2826/2826 2824/2824/2824
f 2793/2793/2793 2825/2825/2825 2827/2827/2827
f 2793/2793/2793 2827/2827/2827 2795/2795/2795
f 2794/2794/2794 2796/2796/2796 2828/2828/2828
f 2794/2794/2794 2828/2828/2828 2826/2826/2826
f 2795/2795/2795 2827/2827/2827 2829/2829/2829
f 2795/2795/2795 2829/2829/2829 2797/2797/2797
f 2796/2796/2796 2798/2798/2798 2830/2830/2830
f 2796/2796/2796 2830/2830/2830 2828/2828/2828
f 2797/2797/2797 2829/2829/2829 2831/2831/2831
f 2797/2797/2797 2831/2831/2831 2799/2799/2799
f 2798/2798/2798 2800/2800/2800 2832/2832/2832
f 2798/2798/2798 2832/2832/2832 2830/2830/2830
f 2799/2799/2799 2831/2831/2831 2833/2833/2833
f 2799/2799/2799 2833/2833/2833 2801/2801/2801
f 2800/2800/2800 2802/2802/2802 2834/2834/2834
f 2800/2800/2800 2834/2834/2834 2832/2832/2832
f 2801/2801/2801 2833/2833/2833 2835/2835/2835
f 2801/2801/2801 2835/2835/2835 2803/2803/2803
f 2802/2802/2802 2804/2804/2804 2836/2836/2836
f 2802/2802/2802 2836/2836/2836 2834/2834/2834
f 2803/2803/2803 2835/2835/2835 2837/2837/2837
f 2803/2803/2803 2837/2837/2837 2805/2805/2805
f 2804/2804/2804 2806/2806/2806 2838/2838/2838
f 2804/2804/2804 2838/2838/2838 2836/2836/2836
f 2805/2805/2805 2837/2837/2837 2839/2839/2839
f 2805/2805/2805 2839/2839/2839 2807/2807/2807
f 2806/2806/2806 2808/2808/2808 2840/2840/2840
f 2806/2806/2806 2840/2840/2840 2838/2838/2838
f 2809/2809/2809 2841/2841/2841 2843/2843/2843
f 2809/2809/2809 2843/2843/2843 2811/2811/2811
f 2810/2810/2810 2812/2812/2812 2844/2844/2844
f 2810/2810/2810 2844/2844/2844 2842/2842/2842
f 2811/2811/2811 2843/2843/2843 2845/2845/2845
f 2811/2811/2811 2845/2845/2845 2813/2813/2813
f 2812/2812/2812 2814/2814/2814 2846/2846/2846
f 2812/2812/2812 2846/2846/2846 2844/2844/2844
f 2813/2813/2813 2845/2845/2845 2847/2847/2847
f 2813/2813/2813 2847/2847/2847 2815/2815/2815
f 2814/2814/2814 2816/2816/2816 2848/2848/2848
f 2814/2814/2814 2848/2848/2848 2846/2846/2846
f 2815/2815/2815 2847/2847/2847 2849/2849/2849
f 2815/2815/2815 2849/2849/2849 2817/2817/2817
f 2816/2816/2816 2818/2818/2818 2850/2850/2850
f 2816/2816/2816 2850/2850/2850 2848/2848/2848
f 2817/2817/2817 2849/2849/2849 2851/2851/2851
f 2817/2817/2817 2851/2851/2851 2819/2819/2819
f 2818/2818/2818 2820/2820/2820 2852/2852/2852
f 2818/2818/2818 2852/2852/2852 2850/2850/2850
f 2819/2819/2819 2851/2851/2851 2853/2853/2853
f 2819/2819/2819 2853/2853/2853 2821/2821/2821
f 2820/2820/2820 2822/2822/2822 2854/2854/2854
f 2820/2820/2820 2854/2854/2854 2852/2852/2852
f 2821/2821/2821 2853/2853/2853 2855/2855/2855
f 2821/2821/2821 2855/2855/2855 2823/2823/2823
f 2822/2822/2822 2824/2824/2824 2856/2856/2856
f 2822/2822/2822 2856/2856/2856 2854/2854/2854
f 2823/2823/2823 2855/2855/2855 2857/2857/2857
f 2823/2823/2823 2857/2857/2857 2825/2825/2825
f 2824/2824/2824 2826/2826/2826 2858/2858/2858
f 2824/2824/2824 2858/2858/2858 2856/2856/2856
f 2825/2825/2825 2857/2857/2857 2859/2859/2859
f 2825/2825/2825 2859/2859/2859 2827/2827/2827
f 2826/2826/2826 2828/2828/2828 2860/2860/2860
f 2826/2826/2826 2860/2860/2860 2858/2858/2858
f 2827/2827/2827 2859/2859/2859 2861/2861/2861
f 2827/2827/2827 2861/2861/2861 2829/2829/2829
f 2828/2828/2828 2830/2830/2830 2862/2862/2862
f 2828/2828/2828 2862/2862/2862 2860/2860/2860
f 2829/2829/2829 2861/2861/2861 2863/2863/2863
f 2829/2829/2829 2863/2863/2863 2831/2831/2831
f 2830/2830/2830 2832/2832/2832 2864/2864/2864
f 2830/2830/2830 2864/2864/2864 2862/2862/2862
f 2831/2831/2831 2863/2863/2863 2865/2865/2865
f 2831/2831/2831 2865/2865/2865 2833/2833/2833
f 2832/2832/2832 2834/2834/2834 2866/2866/2866
f 2832/2832/2832 2866/2866/2866 2864/2864/2864
f 2833/2833/2833 2865/2865/2865 2867/2867/2867
f 2833/2833/2833 2867/2867/2867 2835/2835/2835
f 2834/2834/2834 2836/2836/2836 2868/2868/2868
f 2834/2834/2834 2868/2868/2868 2866/2866/2866
f 2835/2835/2835 2867/2867/2867 2869/2869/2869
f 2835/2835/2835 2869/2869/2869 2837/2837/2837
f 2836/2836/2836 2838/2838/2838 2870/2870/2870
f 2836/2836/2836 2870/2870/2870 2868/2868/2868
f 2837/2837/2837 2869/2869/2869 2871/2871/2871
f 2837/2837/2837 2871/2871/2871 2839/2839/2839
f 2838/2838/2838 2840/2840/2840 2872/2872/2872
f 2838/2838/2838 2872/2872/2872 2870/2870/2870
f 2841/2841/2841 2873/2873/2873 2875/2875/2875
f 2841/2841/2841 2875/2875/2875 2843/2843/2843
f 2842/2842/2842 2844/2844/2844 2876/2876/2876
f 2842/2842/2842 2876/2876/2876 2874/2874/2874
f 2843/2843/2843 2875/2875/2875 2877/2877/2877
f 2843/2843/2843 2877/2877/2877 2845/2845/2845
f 2844/2844/2844 2846/2846/2846 2878/2878/2878
f 2844/2844/2844 2878/2878/2878 2876/2876/2876
f 2845/2845/2845 2877/2877/2877 2879/2879/2879
f 2845/2845/2845 2879/2879/2879 2847/2847/2847
f 2846/2846/2846 2848/2848/2848 2880/2880/2880
f 2846/2846/2846 2880/2880/2880 2878/2878/2878
f 2847/2847/2847 2879/2879/2879 2881/2881/2881
f 2847/2847/2847 2881/2881/2881 2849/2849/2849
f 2848/2848/2848 2850/2850/2850 2882/2882/2882
f 2848/2848/2848 2882/2882/2882 2880/2880/2880
f 2849/2849/2849 2881/2881/2881 2883/2883/2883
f 2849/2849/2849 2883/2883/2883 2851/2851/2851
f 2850/2850/2850 2852/2852/2852 2884/2884/2884
f 2850/2850/2850 2884/2884/2884 2882/2882/2882
f 2851/2851/2851 2883/2883/2883 2885/2885/2885
f 2851/2851/2851 2885/2885/2885 2853/2853/2853
f 2852/2852/2852 2854/2854/2854 2886/2886/2886
f 2852/2852/2852 2886/2886/2886 2884/2884/2884
f 2853/2853/2853 2885/2885/2885 2887/2887/2887
f 2853/2853/2853 2887/2887/2887 2855/2855/2855
f 2854/2854/2854 2856/2856/2856 2888/2888/2888
f 2854/2854/2854 2888/2888/2888 2886/2886/2886
f 2855/2855/2855 2887/2887/2887 2889/2889/2889
f 2855/2855/2855 2889/2889/2889 2857/2857/2857
f 2856/2856/2856 2858/2858/2858 2890/2890/2890
f 2856/2856/2856 2890/2890/2890 2888/2888/2888
f 2857/2857/2857 2889/2889/2889 2891/2891/2891
f 2857/2857/2857 2891/2891/2891 2859/2859/2859
f 2858/2858/2858 2860/2860/2860 2892/2892/2892
f 2858/2858/2858 2892/2892/2892 2890/2890/2890
f 2859/2859/2859 2891/2891/2891 2893/2893/2893
f 2859/2859/2859 2893/2893/2893 2861/2861/2861
f 2860/2860/2860 2862/2862/2862 2894/2894/2894
f 2860/2860/2860 2894/2894/2894 2892/2892/2892
f 2861/2861/2861 2893/2893/2893 2895/2895/2895
f 2861/2861/2861 2895/2895/2895 2863/2863/2863
f 2862/2862/2862 2864/2864/2864 2896/2896/2896
f 2862/2862/2862 2896/2896/2896 2894/2894/2894
f 2863/2863/2863 2895/2895/2895 2897/2897/2897
f 2863/2863/2863 2897/2897/2897 2865/2865/2865
f 2864/2864/2864 2866/2866/2866 2898/2898/2898
f 2864/2864/2864 2898/2898/2898 2896/2896/2896
f 2865/2865/2865 2897/2897/2897 2899/2899/2899
f 2865/2865/2865 2899/2899/2899 2867/2867/2867
f 2866/2866/2866 2868/2868/2868 2900/2900/2900
f 2866/2866/2866 2900/2900/2900 2898/2898/2898
f 2867/2867/2867 2899/2899/2899 2901/2901/2901
f 2867/2867/2867 2901/2901/2901 2869/2869/2869
f 2868/2868/2868 2870/2870/2870 2902/2902/2902
f 2868/2868/2868 2902/2902/2902 2900/2900/2900
f 2869/2869/2869 2901/2901/2901 2903/2903/2903
f 2869/2869/2869 2903/2903/2903 2871/2871/2871
f 2870/2870/2870 2872/2872/2872 2904/2904/2904
f 2870/2870/2870 2904/2904/2904 2902/2902/2902
f 2873/2873/2873 2905/2905/2905 2907/2907/2907
f 2873/2873/2873 2907/2907/2907 2875/2875/2875
f 2874/2874/2874 2876/2876/2876 2908/2908/2908
f 2874/2874/2874 2908/2908/2908 2906/2906/2906
f 2875/2875/2875 2907/2907/2907 2909/2909/2909
f 2875/2875/2875 2909/2909/2909 2877/2877/2877
f 2876/2876/2876 2878/2878/2878 2910/2910/2910
f 2876/2876/2876 2910/2910/2910 2908/2908/2908
f 2877/2877/2877 2909/2909/2909 2911/2911/2911
f 2877/2877/2877 2911/2911/2911 2879/2879/2879
f 2878/2878/2878 2880/2880/2880 2912/2912/2912
f 2878/2878/2878 2912/2912/2912 2910/2910/2910
f 2879/2879/2879 2911/2911/2911 2913/2913/2913
f 2879/2879/2879 2913/2913/2913 2881/2881/2881
f 2880/2880/2880 2882/2882/2882 2914/2914/2914
f 2880/2880/2880 2914/2914/2914 2912/2912/2912
f 2881/2881/2881 2913/2913/2913 2915/2915/2915
f 2881/2881/2881 2915/2915/2915 2883/2883/2883
f 2882/2882/2882 2884/2884/2884 2916/2916/2916
f 2882/2882/2882 2916/2916/2916 2914/2914/2914
f 2883/2883/2883 2915/2915/2915 2917/2917/2917
f 2883/2883/2883 2917/2917/2917 2885/2885/2885
f 2884/2884/2884 2886/2886/2886 2918/2918/2918
f 2884/2884/2884 2918/2918/2918 2916/2916/2916
f 2885/2885/2885 2917/2917/2917 2919/2919/2919
f 2885/2885/2885 2919/2919/2919 2887/2887/2887
f 2886/2886/2886 2888/2888/2888 2920/2920/2920
f 2886/2886/2886 2920/2920/2920 2918/2918/2918
f 2887/2887/2887 2919/2919/2919 2921/2921/2921
f 2887/2887/2887 2921/2921/2921 2889/2889/2889
f 2888/2888/2888 2890/2890/2890 2922/2922/2922
f 2888/2888/2888 2922/2922/2922 2920/2920/2920
f 2889/2889/2889 2921/2921/2921 2923/2923/2923
f 2889/2889/2889 2923/2923/2923 2891/2891/2891
f 2890/2890/2890 2892/2892/2892 2924/2924/2924
f 2890/2890/2890 2924/2924/2924 2922/2922/2922
f 2891/2891/2891 2923/2923/2923 2925/2925/2925
f 2891/2891/2891 2925/2925/2925 2893/2893/2893
f 2892/2892/2892 2894/2894/2894 2926/2926/2926
f 2892/2892/2892 2926/2926/2926 2924/2924/2924
f 2893/2893/2893 2925/2925/2925 2927/2927/2927
f 2893/2893/2893 2927/2927/2927 2895/2895/2895
f 2894/2894/2894 2896/2896/2896 2928/2928/2928
f 2894/2894/2894 2928/2928/2928 2926/2926/2926
f 2895/2895/2895 2927/2927/2927 2929/2929/2929
f 2895/2895/2895 2929/2929/2929 2897/2897/2897
f 2896/2896/2896 2898/2898/2898 2930/2930/2930
f 2896/2896/2896 2930/2930/2930 2928/2928/2928
f 2897/2897/2897 2929/2929/2929 2931/2931/2931
f 2897/2897/2897 2931/2931/2931 2899/2899/2899
f 2898/2898/2898 2900/2900/2900 2932/2932/2932
f 2898/2898/2898 2932/2932/2932 2930/2930/2930
f 2899/2899/2899 2931/2931/2931 2933/2933/2933
f 2899/2899/2899 2933/2933/2933 2901/2901/2901
f 2900/2900/2900 2902/2902/2902 2934/2934/2934
f 2900/2900/2900 2934/2934/2934 2932/2932/2932
f 2901/2901/2901 2933/2933/2933 2935/2935/2935
f 2901/2901/2901 2935/2935/2935 2903/2903/2903
f 2902/2902/2902 2904/2904/2904 2936/2936/2936
f 2902/2902/2902 2936/2936/2936 2934/2934/2934
f 2649/2649/2649 2650/2650/2650 2682/2682/2682
f 2649/2649/2649 2682/2682/2682 2681/2681/2681
f 2679/2679/2679 2711/2711/2711 2712/2712/2712
f 2679/2679/2679 2712/2712/2712 2680/2680/2680
f 2681/2681/2681 2682/2682/2682 2714/2714/2714
f 2681/2681/2681 2714/2714/2714 2713/2713/2713
f 2711/2711/2711 2743/2743/2743 2744/2744/2744
f 2711/2711/2711 2744/2744/2744 2712/2712/2712
f 2713/2713/2713 2714/2714/2714 2746/2746/2746
f 2713/2713/2713 2746/2746/2746 2745/2745/2745
f 2743/2743/2743 2775/2775/2775 2776/2776/2776
f 2743/2743/2743 2776/2776/2776 2744/2744/2744
f 2745/2745/2745 2746/2746/2746 2778/2778/2778
f 2745/2745/2745 2778/2778/2778 2777/2777/2777
f 2775/2775/2775 2807/2807/2807 2808/2808/2808
f 2775/2775/2775 2808/2808/2808 2776/2776/2776
f 2777/2777/2777 2778/2778/2778 2810/2810/2810
f 2777/2777/2777 2810/2810/2810 2809/2809/2809
f 2807/2807/2807 2839/2839/2839 2840/2840/2840
f 2807/2807/2807 2840/2840/2840 2808/2808/2808
f 2809/2809/2809 2810/2810/2810 2842/2842/2842
f 2809/2809/2809 2842/2842/2842 2841/2841/2841
f 2839/2839/2839 2871/2871/2871 2872/2872/2872
f 2839/2839/2839 2872/2872/2872 2840/2840/2840
f 2841/2841/2841 2842/2842/2842 2874/2874/2874
f 2841/2841/2841 2874/2874/2874 2873/2873/2873
f 2871/2871/2871 2903/2903/2903 2904/2904/2904
f 2871/2871/2871 2904/2904/2904 2872/2872/2872
f 2873/2873/2873 2874/2874/2874 2906/2906/2906
f 2873/2873/2873 2906/2906/2906 2905/2905/2905
f 2903/2903/2903 2935/2935/2935 2936/2936/2936
f 2903/2903/2903 2936/2936/2936 2904/2904/2904
f 2649/2649/2649 2651/2651/2651 2652/2652/2652
f 2649/2649/2649 2652/2652/2652 2650/2650/2650
f 2905/2905/2905 2906/2906/2906 2908/2908/2908
f 2905/2905/2905 2908/2908/2908 2907/2907/2907
f 2651/2651/2651 2653/2653/2653 2654/2654/2654
f 2651/2651/2651 2654/2654/2654 2652/2652/2652
f 2907/2907/2907 2908/2908/2908 2910/2910/2910
f 2907/2907/2907 2910/2910/2910 2909/2909/2909
f 2653/2653/2653 2655/2655/2655 2656/2656/2656
f 2653/2653/2653 2656/2656/2656 2654/2654/2654
f 2909/2909/2909 2910/2910/2910 2912/2912/2912
f 2909/2909/2909 2912/2912/2912 2911/2911/2911
f 2655/2655/2655 2657/2657/2657 2658/2658/2658
f 2655/2655/2655 2658/2658/2658 2656/2656/2656
f 2911/2911/2911 2912/2912/2912 2914/2914/2914
f 2911/2911/2911 2914/2914/2914 2913/2913/2913
f 2657/2657/2657 2659/2659/2659 2660/2660/2660
f 2657/2657/2657 2660/2660/2660 2658/2658/2658
f 2913/2913/2913 2914/2914/2914 2916/2916/2916
f 2913/2913/2913 2916/2916/2916 2915/2915/2915
f 2659/2659/2659 2661/2661/2661 2662/2662/2662
f 2659/2659/2659 2662/2662/2662 2660/2660/2660
f 2915/2915/2915 2916/2916/2916 2918/2918/2918
f 2915/2915/2915 2918/2918/2918 2917/2917/2917
f 2661/2661/2661 2663/2663/2663 2664/2664/2664
f 2661/2661/2661 2664/2664/2664 2662/2662/2662
f 2917/2917/2917 2918/2918/2918 2920/2920/2920
f 2917/2917/2917 2920/2920/2920 2919/2919/2919
f 2663/2663/2663 2665/2665/2665 2666/2666/2666
f 2663/2663/2663 2666/2666/2666 2664/2664/2664
f 2919/2919/2919 2920/2920/2920 2922/2922/2922
f 2919/2919/2919 2922/2922/2922 2921/2921/2921
f 2665/2665/2665 2667/2667/2667 2668/2668/2668
f 2665/2665/2665 2668/2668/2668 2666/2666/2666
f 2921/2921/2921 2922/2922/2922 2924/2924/2924
f 2921/2921/2921 2924/2924/2924 2923/2923/2923
f 2667/2667/2667 2669/2669/2669 2670/2670/2670
f 2667/2667/2667 2670/2670/2670 2668/2668/2668
f 2923/2923/2923 2924/2924/2924 2926/2926/2926
f 2923/2923/2923 2926/2926/2926 2925/2925/2925
f 2669/2669/2669 2671/2671/2671 2672/2672/2672
f 2669/2669/2669 2672/2672/2672 2670/2670/2670
f 2925/2925/2925 2926/2926/2926 2928/2928/2928
f 2925/2925/2925 2928/2928/2928 2927/2927/2927
f 2671/2671/2671 2673/2673/2673 2674/2674/2674
f 2671/2671/2671 2674/2674/2674 2672/2672/2672
f 2927/2927/2927 2928/2928/2928 2930/2930/2930
f 2927/2927/2927 2930/2930/2930 2929/2929/2929
f 2673/2673/2673 2675/2675/2675 2676/2676/2676
f 2673/2673/2673 2676/2676/2676 2674/2674/2674
f 2929/2929/2929 2930/2930/2930 2932/2932/2932
f 2929/2929/2929 2932/2932/2932 2931/2931/2931
f 2675/2675/2675 2677/2677/2677 2678/2678/2678
f 2675/2675/2675 2678/2678/2678 2676/2676/2676
f 2931/2931/2931 2932/2932/2932 2934/2934/2934
f 2931/2931/2931 2934/2934/2934 2933/2933/2933
f 2677/2677/2677 2679/2679/2679 2680/2680/2680
f 2677/2677/2677 2680/2680/2680 2678/2678/2678
f 2933/2933/2933 2934/2934/2934 2936/2936/2936
f 2933/2933/2933 2936/2936/2936 2935/2935/2935
f 2937/2937/2937 2945/2945/2945 2946/2946/2946
f 2937/2937/2937 2946/2946/2946 2938/2938/2938
f 2938/2938/2938 2946/2946/2946 2947/2947/2947
f 2938/2938/2938 2947/2947/2947 2939/2939/2939
f 2939/2939/2939 2947/2947/2947 2948/2948/2948
f 2939/2939/2939 2948/2948/2948 2940/2940/2940
f 2940/2940/2940 2948/2948/2948 2949/2949/2949
f 2940/2940/2940 2949/2949/2949 2941/2941/2941
f 2941/2941/2941 2949/2949/2949 2950/2950/2950
f 2941/2941/2941 2950/2950/2950 2942/2942/2942
f 2942/2942/2942 2950/2950/2950 2951/2951/2951
f 2942/2942/2942 2951/2951/2951 2943/2943/2943
f 2943/2943/2943 2951/2951/2951 2952/2952/2952
f 2943/2943/2943 2952/2952/2952 2944/2944/2944
f 2944/2944/2944 2952/2952/2952 2945/2945/2945
f 2944/2944/2944 2945/2945/2945 2937/2937/2937
f 2945/2945/2945 2953/2953/2953 2954/2954/2954
f 2945/2945/2945 2954/2954/2954 2946/2946/2946
f 2946/2946/2946 2954/2954/2954 2955/2955/2955
f 2946/2946/2946 2955/2955/2955 2947/2947/2947
f 2947/2947/2947 2955/2955/2955 2956/2956/2956
f 2947/2947/2947 2956/2956/2956 2948/2948/2948
f 2948/2948/2948 2956/2956/2956 2957/2957/2957
f 2948/2948/2948 2957/2957/2957 2949/2949/2949
f 2949/2949/2949 2957/2957/2957 2958/2958/2958
f 2949/2949/2949 2958/2958/2958 2950/2950/2950
f 2950/2950/2950 2958/2958/2958 2959/2959/2959
f 2950/2950/2950 2959/2959/2959 2951/2951/2951
f 2951/2951/2951 2959/2959/2959 2960/2960/2960
f 2951/2951/2951 2960/2960/2960 2952/2952/2952
f 2952/2952/2952 2960/2960/2960 2953/2953/2953
f 2952/2952/2952 2953/2953/2953 2945/2945/2945
f 2953/2953/2953 2961/2961/2961 2962/2962/2962
f 2953/2953/2953 2962/2962/2962 2954/2954/2954
f 2954/2954/2954 2962/2962/2962 2963/2963/2963
f 2954/2954/2954 2963/2963/2963 2955/2955/2955
f 2955/2955/2955 2963/2963/2963 2964/2964/2964
f 2955/2955/2955 2964/2964/2964 2956/2956/2956
f 2956/2956/2956 2964/2964/2964 2965/2965/2965
f 2956/2956/2956 2965/2965/2965 2957/2957/2957
f 2957/2957/2957 2965/2965/2965 2966/2966/2966
f 2957/2957/2957 2966/2966/2966 2958/2958/2958
f 2958/2958/2958 2966/2966/2966 2967/2967/2967
f 2958/2958/2958 2967/2967/2967 2959/2959/2959
f 2959/2959/2959 2967/2967/2967 2968/2968/2968
f 2959/2959/2959 2968/2968/2968 2960/2960/2960
f 2960/2960/2960 2968/2968/2968 2961/2961/2961
f 2960/2960/2960 2961/2961/2961 2953/2953/2953
f 2961/2961/2961 2969/2969/2969 2970/2970/2970
f 2961/2961/2961 2970/2970/2970 2962/2962/2962
f 2962/2962/2962 2970/2970/2970 2971/2971/2971
f 2962/2962/2962 2971/2971/2971 2963/2963/2963
f 2963/2963/2963 2971/2971/2971 2972/2972/2972
f 2963/2963/2963 2972/2972/2972 2964/2964/2964
f 2964/2964/2964 2972/2972/2972 2973/2973/2973
f 2964/2964/2964 2973/2973/2973 2965/2965/2965
f 2965/2965/2965 2973/2973/2973 2974/2974/2974
f 2965/2965/2965 2974/2974/2974 2966/2966/2966
f 2966/2966/2966 2974/2974/2974 2975/2975/2975
f 2966/2966/2966 2975/2975/2975 2967/2967/2967
f 2967/2967/2967 2975/2975/2975 2976/2976/2976
f 2967/2967/2967 2976/2976/2976 2968/2968/2968
f 2968/2968/2968 2976/2976/2976 2969/2969/2969
f 2968/2968/2968 2969/2969/2969 2961/2961/2961
f 2977/2977/2977 3009/3009/3009 3011/3011/3011
f 2977/2977/2977 3011/3011/3011 2979/2979/2979
f 2978/2978/2978 2980/2980/2980 3012/3012/3012
f 2978/2978/2978 3012/3012/3012 3010/3010/3010
f 2979/2979/2979 3011/3011/3011 3013/3013/3013
f 2979/2979/2979 3013/3013/3013 2981/2981/2981
f 2980/2980/2980 2982/2982/2982 3014/3014/3014
f 2980/2980/2980 3014/3014/3014 3012/3012/3012
f 2981/2981/2981 3013/3013/3013 3015/3015/3015
f 2981/2981/2981 3015/3015/3015 2983/2983/2983
f 2982/2982/2982 2984/2984/2984 3016/3016/3016
f 2982/2982/2982 3016/3016/3016 3014/3014/3014
f 2983/2983/2983 3015/3015/3015 3017/3017/3017
f 2983/2983/2983 3017/3017/3017 2985/2985/2985
f 2984/2984/2984 2986/2986/2986 3018/3018/3018
f 2984/2984/2984 3018/3018/3018 3016/3016/3016
f 2985/2985/2985 3017/3017/3017 3019/3019/3019
f 2985/2985/2985 3019/3019/3019 2987/2987/2987
f 2986/2986/2986 2988/2988/2988 3020/3020/3020
f 2986/2986/2986 3020/3020/3020 3018/3018/3018
f 2987/2987/2987 3019/3019/3019 3021/3021/3021
f 2987/2987/2987 3021/3021/3021 2989/2989/2989
f 2988/2988/2988 2990/2990/2990 3022/3022/3022
f 2988/2988/2988 3022/3022/3022 3020/3020/3020
f 2989/2989/2989 3021/3021/3021 3023/3023/3023
f 2989/2989/2989 3023/3023/3023 2991/2991/2991
f 2990/2990/2990 2992/2992/2992 3024/3024/3024
f 2990/2990/2990 3024/3024/3024 3022/3022/3022
f 2991/2991/2991 3023/3023/3023 3025/3025/3025
f 2991/2991/2991 3025/3025/3025 2993/2993/2993
f 2992/2992/2992 2994/2994/2994 3026/3026/3026
f 2992/2992/2992 3026/3026/3026 3024/3024/3024
f 2993/2993/2993 3025/3025/3025 3027/3027/3027
f 2993/2993/2993 3027/3027/3027 2995/2995/2995
f 2994/2994/2994 2996/2996/2996 3028/3028/3028
f 2994/2994/2994 3028/3028/3028 3026/3026/3026
f 2995/2995/2995 3027/3027/3027 3029/3029/3029
f 2995/2995/2995 3029/3029/3029 2997/2997/2997
f 2996/2996/2996 2998/2998/2998 3030/3030/3030
f 2996/2996/2996 3030/3030/3030 3028/3028/3028
f 2997/2997/2997 3029/3029/3029 3031/3031/3031
f 2997/2997/2997 3031/3031/3031 2999/2999/2999
f 2998/2998/2998 3000/3000/3000 3032/3032/3032
f 2998/2998/2998 3032/3032/3032 3030/3030/3030
f 2999/2999/2999 3031/3031/3031 3033/3033/3033
f 2999/2999/2999 3033/3033/3033 3001/3001/3001
f 3000/3000/3000 3002/3002/3002 3034/3034/3034
f 3000/3000/3000 3034/3034/3034 3032/3032/3032
f 3001/3001/3001 3033/3033/3033 3035/3035/3035
f 3001/3001/3001 3035/3035/3035 3003/3003/3003
f 3002/3002/3002 3004/3004/3004 3036/3036/3036
f 3002/3002/3002 3036/3036/3036 3034/3034/3034
f 3003/3003/3003 3035/3035/3035 3037/3037/3037
f 3003/3003/3003 3037/3037/3037 3005/3005/3005
f 3004/3004/3004 3006/3006/3006 3038/3038/3038
f 3004/3004/3004 3038/3038/3038 3036/3036/3036
f 3005/3005/3005 3037/3037/3037 3039/3039/3039
f 3005/3005/3005 3039/3039/3039 3007/3007/3007
f 3006/3006/3006 3008/3008/3008 3040/3040/3040
f 3006/3006/3006 3040/3040/3040 3038/3038/3038
f 3009/3009/3009 3041/3041/3041 3043/3043/3043
f 3009/3009/3009 3043/3043/3043 3011/3011/3011
f 3010/3010/3010 3012/3012/3012 3044/3044/3044
f 3010/3010/3010 3044/3044/3044 3042/3042/3042
f 3011/3011/3011 3043/3043/3043 3045/3045/3045
f 3011/3011/3011 3045/3045/3045 3013/3013/3013
f 3012/3012/3012 3014/3014/3014 3046/3046/3046
f 3012/3012/3012 3046/3046/3046 3044/3044/3044
f 3013/3013/3013 3045/3045/3045 3047/3047/3047
f 3013/3013/3013 3047/3047/3047 3015/3015/3015
f 3014/3014/3014 3016/3016/3016 3048/3048/3048
f 3014/3014/3014 3048/3048/3048 3046/3046/3046
f 3015/3015/3015 3047/3047/3047 3049/3049/3049
f 3015/3015/3015 3049/3049/3049 3017/3017/3017
f 3016/3016/3016 3018/3018/3018 3050/3050/3050
f 3016/3016/3016 3050/3050/3050 3048/3048/3048
f 3017/3017/3017 3049/3049/3049 3051/3051/3051
f 3017/3017/3017 3051/3051/3051 3019/3019/3019
f 3018/3018/3018 3020/3020/3020 3052/3052/3052
f 3018/3018/3018 3052/3052/3052 3050/3050/3050
f 3019/3019/3019 3051/3051/3051 3053/3053/3053
f 3019/3019/3019 3053/3053/3053 3021/3021/3021
f 3020/3020/3020 3022/3022/3022 3054/3054/3054
f 3020/3020/3020 3054/3054/3054 3052/3052/3052
f 3021/3021/3021 3053/3053/3053 3055/3055/3055
f 3021/3021/3021 3055/3055/3055 3023/3023/3023
f 3022/3022/3022 3024/3024/3024 3056/3056/3056
f 3022/3022/3022 3056/3056/3056 3054/3054/3054
f 3023/3023/3023 3055/3055/3055 3057/3057/3057
f 3023/3023/3023 3057/3057/3057 3025/3025/3025
f 3024/3024/3024 3026/3026/3026 3058/3058/3058
f 3024/3024/3024 3058/3058/3058 3056/3056/3056
f 3025/3025/3025 3057/3057/3057 3059/3059/3059
f 3025/3025/3025 3059/3059/3059 3027/3027/3027
f 3026/3026/3026 3028/3028/3028 3060/3060/3060
f 3026/3026/3026 3060/3060/3060 3058/3058/3058
f 3027/3027/3027 3059/3059/3059 3061/3061/3061
f 3027/3027/3027 3061/3061/3061 3029/3029/3029
f 3028/3028/3028 3030/3030/3030 3062/3062/3062
f 3028/3028/3028 3062/3062/3062 3060/3060/3060
f 3029/3029/3029 3061/3061/3061 3063/3063/3063
f 3029/3029/3029 3063/3063/3063 3031/3031/3031
f 3030/3030/3030 3032/3032/3032 3064/3064/3064
f 3030/3030/3030 3064/3064/3064 3062/3062/3062
f 3031/3031/3031 3063/3063/3063 3065/3065/3065
f 3031/3031/3031 3065/3065/3065 3033/3033/3033
f 3032/3032/3032 3034/3034/3034 3066/3066/3066
f 3032/3032/3032 3066/3066/3066 3064/3064/3064
f 3033/3033/3033 3065/3065/3065 3067/3067/3067
f 3033/3033/3033 3067/3067/3067 3035/3035/3035
f 3034/3034/3034 3036/3036/3036 3068/3068/3068
f 3034/3034/3034 3068/3068/3068 3066/3066/3066
f 3035/3035/3035 3067/3067/3067 3069/3069/3069
f 3035/3035/3035 3069/3069/3069 3037/3037/3037
f 3036/3036/3036 3038/3038/3038 3070/3070/3070
f 3036/3036/3036 3070/3070/3070 3068/3068/3068
f 3037/3037/3037 3069/3069/3069 3071/3071/3071
f 3037/3037/3037 3071/3071/3071 3039/3039/3039
f 3038/3038/3038 3040/3040/3040 3072/3072/3072
f 3038/3038/3038 3072/3072/3072 3070/3070/3070
f 3041/3041/3041 3073/3073/3073 3075/3075/3075
f 3041/3041/3041 3075/3075/3075 3043/3043/3043
f 3042/3042/3042 3044/3044/3044 3076/3076/3076
f 3042/3042/3042 3076/3076/3076 3074/3074/3074
f 3043/3043/3043 3075/3075/3075 3077/3077/3077
f 3043/3043/3043 3077/3077/3077 3045/3045/3045
f 3044/3044/3044 3046/3046/3046 3078/3078/3078
f 3044/3044/3044 3078/3078/3078 3076/3076/3076
f 3045/3045/3045 3077/3077/3077 3079/3079/3079
f 3045/3045/3045 3079/3079/3079 3047/3047/3047
f 3046/3046/3046 3048/3048/3048 3080/3080/3080
f 3046/3046/3046 3080/3080/3080 3078/3078/3078
f 3047/3047/3047 3079/3079/3079 3081/3081/3081
f 3047/3047/3047 3081/3081/3081 3049/3049/3049
f 3048/3048/3048 3050/3050/3050 3082/3082/3082
f 3048/3048/3048 3082/3082/3082 3080/3080/3080
f 3049/3049/3049 3081/3081/3081 3083/3083/3083
f 3049/3049/3049 3083/3083/3083 3051/3051/3051
f 3050/3050/3050 3052/3052/3052 3084/3084/3084
f 3050/3050/3050 3084/3084/3084 3082/3082/3082
f 3051/3051/3051 3083/3083/3083 3085/3085/3085
f 3051/3051/3051 3085/3085/3085 3053/3053/3053
f 3052/3052/3052 3054/3054/3054 3086/3086/3086
f 3052/3052/3052 3086/3086/3086 3084/3084/3084
f 3053/3053/3053 3085/3085/3085 3087/3087/3087
f 3053/3053/3053 3087/3087/3087 3055/3055/3055
f 3054/3054/3054 3056/3056/3056 3088/3088/3088
f 3054/3054/3054 3088/3088/3088 3086/3086/3086
f 3055/3055/3055 3087/3087/3087 3089/3089/3089
f 3055/3055/3055 3089/3089/3089 3057/3057/3057
f 3056/3056/3056 3058/3058/3058 3090/3090/3090
f 3056/3056/3056 3090/3090/3090 3088/3088/3088
f 3057/3057/3057 3089/3089/3089 3091/3091/3091
f 3057/3057/3057 3091/3091/3091 3059/3059/3059
f 3058/3058/3058 3060/3060/3060 3092/3092/3092
f 3058/3058/3058 3092/3092/3092 3090/3090/3090
f 3059/3059/3059 3091/3091/3091 3093/3093/3093
f 3059/3059/3059 3093/3093/3093 3061/3061/3061
f 3060/3060/3060 3062/3062/3062 3094/3094/3094
f 3060/3060/3060 3094/3094/3094 3092/3092/3092
f 3061/3061/3061 3093/3093/3093 3095/3095/3095
f 3061/3061/3061 3095/3095/3095 3063/3063/3063
f 3062/3062/3062 3064/3064/3064 3096/3096/3096
f 3062/3062/3062 3096/3096/3096 3094/3094/3094
f 3063/3063/3063 3095/3095/3095 3097/3097/3097
f 3063/3063/3063 3097/3097/3097 3065/3065/3065
f 3064/3064/3064 3066/3066/3066 3098/3098/3098
f 3064/3064/3064 3098/3098/3098 3096/3096/3096
f 3065/3065/3065 3097/3097/3097 3099/3099/3099
f 3065/3065/3065 3099/3099/3099 3067/3067/3067
f 3066/3066/3066 3068/3068/3068 3100/3100/3100
f 3066/3066/3066 3100/3100/3100 3098/3098/3098
f 3067/3067/3067 3099/3099/3099 3101/3101/3101
f 3067/3067/3067 3101/3101/3101 3069/3069/3069
f 3068/3068/3068 3070/3070/3070 3102/3102/3102
f 3068/3068/3068 3102/3102/3102 3100/3100/3100
f 3069/3069/3069 3101/3101/3101 3103/3103/3103
f 3069/3069/3069 3103/3103/3103 3071/3071/3071
f 3070/3070/3070 3072/3072/3072 3104/3104/3104
f 3070/3070/3070 3104/3104/3104 3102/3102/3102
f 3073/3073/3073 3105/3105/3105 3107/3107/3107
f 3073/3073/3073 3107/3107/3107 3075/3075/3075
f 3074/3074/3074 3076/3076/3076 3108/3108/3108
f 3074/3074/3074 3108/3108/3108 3106/3106/3106
f 3075/3075/3075 3107/3107/3107 3109/3109/3109
f 3075/3075/3075 3109/3109/3109 3077/3077/3077
f 3076/3076/3076 3078/3078/3078 3110/3110/3110
f 3076/3076/3076 3110/3110/3110 3108/3108/3108
f 3077/3077/3077 3109/3109/3109 3111/3111/3111
f 3077/3077/3077 3111/3111/3111 3079/3079/3079
f 3078/3078/3078 3080/3080/3080 3112/3112/3112
f 3078/3078/3078 3112/3112/3112 3110/3110/3110
f 3079/3079/3079 3111/3111/3111 3113/3113/3113
f 3079/3079/3079 3113/3113/3113 3081/3081/3081
f 3080/3080/3080 3082/3082/3082 3114/3114/3114
f 3080/3080/3080 3114/3114/3114 3112/3112/3112
f 3081/3081/3081 3113/3113/3113 3115/3115/3115
f 3081/3081/3081 3115/3115/3115 3083/3083/3083
f 3082/3082/3082 3084/3084/3084 3116/3116/3116
f 3082/3082/3082 3116/3116/3116 3114/3114/3114
f 3083/3083/3083 3115/3115/3115 3117/3117/3117
f 3083/3083/3083 3117/3117/3117 3085/3085/3085
f 3084/3084/3084 3086/3086/3086 3118/3118/3118
f 3084/3084/3084 3118/3118/3118 3116/3116/3116
f 3085/3085/3085 3117/3117/3117 3119/3119/3119
f 3085/3085/3085 3119/3119/3119 3087/3087/3087
f 3086/3086/3086 3088/3088/3088 3120/3120/3120
f 3086/3086/3086 3120/3120/3120 3118/3118/3118
f 3087/3087/3087 3119/3119/3119 3121/3121/3121
f 3087/3087/3087 3121/3121/3121 3089/3089/3089
f 3088/3088/3088 3090/3090/3090 3122/3122/3122
f 3088/3088/3088 3122/3122/3122 3120/3120/3120
f 3089/3089/3089 3121/3121/3121 3123/3123/3123
f 3089/3089/3089 3123/3123/3123 3091/3091/3091
f 3090/3090/3090 3092/3092/3092 3124/3124/3124
f 3090/3090/3090 3124/3124/3124 3122/3122/3122
f 3091/3091/3091 3123/3123/3123 3125/3125/3125
f 3091/3091/3091 3125/3125/3125 3093/3093/3093
f 3092/3092/3092 3094/3094/3094 3126/3126/3126
f 3092/3092/3092 3126/3126/3126 3124/3124/3124
f 3093/3093/3093 3125/3125/3125 3127/3127/3127
f 3093/3093/3093 3127/3127/3127 3095/3095/3095
f 3094/3094/3094 3096/3096/3096 3128/3128/3128
f 3094/3094/3094 3128/3128/3128 3126/3126/3126
f 3095/3095/3095 3127/3127/3127 3129/3129/3129
f 3095/3095/3095 3129/3129/3129 3097/3097/3097
f 3096/3096/3096 3098/3098/3098 3130/3130/3130
f 3096/3096/3096 3130/3130/3130 3128/3128/3128
f 3097/3097/3097 3129/3129/3129 3131/3131/3131
f 3097/3097/3097 3131/3131/3131 3099/3099/3099
f 3098/3098/3098 3100/3100/3100 3132/3132/3132
f 3098/3098/3098 3132/3132/3132 3130/3130/3130
f 3099/3099/3099 3131/3131/3131 3133/3133/3133
f 3099/3099/3099 3133/3133/3133 3101/3101/3101
f 3100/3100/3100 3102/3102/3102 3134/3134/3134
f 3100/3100/3100 3134/3134/3134 3132/3132/3132
f 3101/3101/3101 3133/3133/3133 3135/3135/3135
f 3101/3101/3101 3135/3135/3135 3103/3103/3103
f 3102/3102/3102 3104/3104/3104 3136/3136/3136
f 3102/3102/3102 3136/3136/3136 3134/3134/3134
f 3105/3105/3105 3137/3137/3137 3139/3139/3139
f 3105/3105/3105 3139/3139/3139 3107/3107/3107
f 3106/3106/3106 3108/3108/3108 3140/3140/3140
f 3106/3106/3106 3140/3140/3140 3138/3138/3138
f 3107/3107/3107 3139/3139/3139 3141/3141/3141
f 3107/3107/3107 3141/3141/3141 3109/3109/3109
f 3108/3108/3108 3110/3110/3110 3142/3142/3142
f 3108/3108/3108 3142/3142/3142 3140/3140/3140
f 3109/3109/3109 3141/3141/3141 3143/3143/3143
f 3109/3109/3109 3143/3143/3143 3111/3111/3111
f 3110/3110/3110 3112/3112/3112 3144/3144/3144
f 3110/3110/3110 3144/3144/3144 3142/3142/3142
f 3111/3111/3111 3143/3143/3143 3145/3145/3145
f 3111/3111/3111 3145/3145/3145 3113/3113/3113
f 3112/3112/3112 3114/3114/3114 3146/3146/3146
f 3112/3112/3112 3146/3146/3146 3144/3144/3144
f 3113/3113/3113 3145/3145/3145 3147/3147/3147
f 3113/3113/3113 3147/3147/3147 3115/3115/3115
f 3114/3114/3114 3116/3116/3116 3148/3148/3148
f 3114/3114/3114 3148/3148/3148 3146/3146/3146
f 3115/3115/3115 3147/3147/3147 3149/3149/3149
f 3115/3115/3115 3149/3149/3149 3117/3117/3117
f 3116/3116/3116 3118/3118/3118 3150/3150/3150
f 3116/3116/3116 3150/3150/3150 3148/3148/3148
f 3117/3117/3117 3149/3149/3149 3151/3151/3151
f 3117/3117/3117 3151/3151/3151 3119/3119/3119
f 3118/3118/3118 3120/3120/3120 3152/3152/3152
f 3118/3118/3118 3152/3152/3152 3150/3150/3150
f 3119/3119/3119 3151/3151/3151 3153/3153/3153
f 3119/3119/3119 3153/3153/3153 3121/3121/3121
f 3120/3120/3120 3122/3122/3122 3154/3154/3154
f 3120/3120/3120 3154/3154/3154 3152/3152/3152
f 3121/3121/3121 3153/3153/3153 3155/3155/3155
f 3121/3121/3121 3155/3155/3155 3123/3123/3123
f 3122/3122/3122 3124/3124/3124 3156/3156/3156
f 3122/3122/3122 3156/3156/3156 3154/3154/3154
f 3123/3123/3123 3155/3155/3155 3157/3157/3157
f 3123/3123/3123 3157/3157/3157 3125/3125/3125
f 3124/3124/3124 3126/3126/3126 3158/3158/3158
f 3124/3124/3124 3158/3158/3158 3156/3156/3156
f 3125/3125/3125 3157/3157/3157 3159/3159/3159
f 3125/3125/3125 3159/3159/3159 3127/3127/3127
f 3126/3126/3126 3128/3128/3128 3160/3160/3160
f 3126/3126/3126 3160/3160/3160 3158/3158/3158
f 3127/3127/3127 3159/3159/3159 3161/3161/3161
f 3127/3127/3127 3161/3161/3161 3129/3129/3129
f 3128/3128/3128 3130/3130/3130 3162/3162/3162
f 3128/3128/3128 3162/3162/3162 3160/3160/3160
f 3129/3129/3129 3161/3161/3161 3163/3163/3163
f 3129/3129/3129 3163/3163/3163 3131/3131/3131
f 3130/3130/3130 3132/3132/3132 3164/3164/3164
f 3130/3130/3130 3164/3164/3164 3162/3162/3162
f 3131/3131/3131 3163/3163/3163 3165/3165/3165
f 3131/3131/3131 3165/3165/3165 3133/3133/3133
f 3132/3132/3132 3134/3134/3134 3166/3166/3166
f 3132/3132/3132 3166/3166/3166 3164/3164/3164
f 3133/3133/3133 3165/3165/3165 3167/3167/3167
f 3133/3133/3133 3167/3167/3167 3135/3135/3135
f 3134/3134/3134 3136/3136/3136 3168/3168/3168
f 3134/3134/3134 3168/3168/3168 3166/3166/3166
f 3137/3137/3137 3169/3169/3169 3171/3171/3171
f 3137/3137/3137 3171/3171/3171 3139/3139/3139
f 3138/3138/3138 3140/3140/3140 3172/3172/3172
f 3138/3138/3138 3172/3172/3172 3170/3170/3170
f 3139/3139/3139 3171/3171/3171 3173/3173/3173
f 3139/3139/3139 3173/3173/3173 3141/3141/3141
f 3140/3140/3140 3142/3142/3142 3174/3174/3174
f 3140/3140/3140 3174/3174/3174 3172/3172/3172
f 3141/3141/3141 3173/3173/3173 3175/3175/3175
f 3141/3141/3141 3175/3175/3175 3143/3143/3143
f 3142/3142/3142 3144/3144/3144 3176/3176/3176
f 3142/3142/3142 3176/3176/3176 3174/3174/3174
f 3143/3143/3143 3175/3175/3175 3177/3177/3177
f 3143/3143/3143 3177/3177/3177 3145/3145/3145
f 3144/3144/3144 3146/3146/3146 3178/3178/3178
f 3144/3144/3144 3178/3178/3178 3176/3176/3176
f 3145/3145/3145 3177/3177/3177 3179/3179/3179
f 3145/3145/3145 3179/3179/3179 3147/3147/3147
f 3146/3146/3146 3148/3148/3148 3180/3180/3180
f 3146/3146/3146 3180/3180/3180 3178/3178/3178
f 3147/3147/3147 3179/3179/3179 3181/3181/3181
f 3147/3147/3147 3181/3181/3181 3149/3149/3149
f 3148/3148/3148 3150/3150/3150 3182/3182/3182
f 3148/3148/3148 3182/3182/3182 3180/3180/3180
f 3149/3149/3149 3181/3181/3181 3183/3183/3183
f 3149/3149/3149 3183/3183/3183 3151/3151/3151
f 3150/3150/3150 3152/3152/3152 3184/3184/3184
f 3150/3150/3150 3184/3184/3184 3182/3182/3182
f 3151/3151/3151 3183/3183/3183 3185/3185/3185
f 3151/3151/3151 3185/3185/3185 3153/3153/3153
f 3152/3152/3152 3154/3154/3154 3186/3186/3186
f 3152/3152/3152 3186/3186/3186 3184/3184/3184
f 3153/3153/3153 3185/3185/3185 3187/3187/3187
f 3153/3153/3153 3187/3187/3187 3155/3155/3155
f 3154/3154/3154 3156/3156/3156 3188/3188/3188
f 3154/3154/3154 3188/3188/3188 3186/3186/3186
f 3155/3155/3155 3187/3187/3187 3189/3189/3189
f 3155/3155/3155 3189/3189/3189 3157/3157/3157
f 3156/3156/3156 3158/3158/3158 3190/3190/3190
f 3156/3156/3156 3190/3190/3190 3188/3188/3188
f 3157/3157/3157 3189/3189/3189 3191/3191/3191
f 3157/3157/3157 3191/3191/3191 3159/3159/3159
f 3158/3158/3158 3160/3160/3160 3192/3192/3192
f 3158/3158/3158 3192/3192/3192 3190/3190/3190
f 3159/3159/3159 3191/3191/3191 3193/3193/3193
f 3159/3159/3159 3193/3193/3193 3161/3161/3161
f 3160/3160/3160 3162/3162/3162 3194/3194/3194
f 3160/3160/3160 3194/3194/3194 3192/3192/3192
f 3161/3161/3161 3193/3193/3193 3195/3195/3195
f 3161/3161/3161 3195/3195/3195 3163/3163/3163
f 3162/3162/3162 3164/3164/3164 3196/3196/3196
f 3162/3162/3162 3196/3196/3196 3194/3194/3194
f 3163/3163/3163 3195/3195/3195 3197/3197/3197
f 3163/3163/3163 3197/3197/3197 3165/3165/3165
f 3164/3164/3164 3166/3166/3166 3198/3198/3198
f 3164/3164/3164 3198/3198/3198 3196/3196/3196
f 3165/3165/3165 3197/3197/3197 3199/3199/3199
f 3165/3165/3165 3199/3199/3199 3167/3167/3167
f 3166/3166/3166 3168/3168/3168 3200/3200/3200
f 3166/3166/3166 3200/3200/3200 3198/3198/3198
f 3169/3169/3169 3201/3201/3201 3203/3203/3203
f 3169/3169/3169 3203/3203/3203 3171/3171/3171
f 3170/3170/3170 3172/3172/3172 3204/3204/3204
f 3170/3170/3170 3204/3204/3204 3202/3202/3202
f 3171/3171/3171 3203/3203/3203 3205/3205/3205
f 3171/3171/3171 3205/3205/3205 3173/3173/3173
f 3172/3172/3172 3174/3174/3174 3206/3206/3206
f 3172/3172/3172 3206/3206/3206 3204/3204/3204
f 3173/3173/3173 3205/3205/3205 3207/3207/3207
f 3173/3173/3173 3207/3207/3207 3175/3175/3175
f 3174/3174/3174 3176/3176/3176 3208/3208/3208
f 3174/3174/3174 3208/3208/3208 3206/3206/3206
f 3175/3175/3175 3207/3207/3207 3209/3209/3209
f 3175/3175/3175 3209/3209/3209 3177/3177/3177
f 3176/3176/3176 3178/3178/3178 3210/3210/3210
f 3176/3176/3176 3210/3210/3210 3208/3208/3208
f 3177/3177/3177 3209/3209/3209 3211/3211/3211
f 3177/3177/3177 3211/3211/3211 3179/3179/3179
f 3178/3178/3178 3180/3180/3180 3212/3212/3212
f 3178/3178/3178 3212/3212/3212 3210/3210/3210
f 3179/3179/3179 3211/3211/3211 3213/3213/3213
f 3179/3179/3179 3213/3213/3213 3181/3181/3181
f 3180/3180/3180 3182/3182/3182 3214/3214/3214
f 3180/3180/3180 3214/3214/3214 3212/3212/3212
f 3181/3181/3181 3213/3213/3213 3215/3215/3215
f 3181/3181/3181 3215/3215/3215 3183/3183/3183
f 3182/3182/3182 3184/3184/3184 3216/3216/3216
f 3182/3182/3182 3216/3216/3216 3214/3214/3214
f 3183/3183/3183 3215/3215/3215 3217/3217/3217
f 3183/3183/3183 3217/3217/3217 3185/3185/3185
f 3184/3184/3184 3186/3186/3186 3218/3218/3218
f 3184/3184/3184 3218/3218/3218 3216/3216/3216
f 3185/3185/3185 3217/3217/3217 3219/3219/3219
f 3185/3185/3185 3219/3219/3219 3187/3187/3187
f 3186/3186/3186 3188/3188/3188 3220/3220/3220
f 3186/3186/3186 3220/3220/3220 3218/3218/3218
f 3187/3187/3187 3219/3219/3219 3221/3221/3221
f 3187/3187/3187 3221/3221/3221 3189/3189/3189
f 3188/3188/3188 3190/3190/3190 3222/3222/3222
f 3188/3188/3188 3222/3222/3222 3220/3220/3220
f 3189/3189/3189 3221/3221/3221 3223/3223/3223
f 3189/3189/3189 3223/3223/3223 3191/3191/3191
f 3190/3190/3190 3192/3192/3192 3224/3224/3224
f 3190/3190/3190 3224/3224/3224 3222/3222/3222
f 3191/3191/3191 3223/3223/3223 3225/3225/3225
f 3191/3191/3191 3225/3225/3225 3193/3193/3193
f 3192/3192/3192 3194/3194/3194 3226/3226/3226
f 3192/3192/3192 3226/3226/3226 3224/3224/3224
f 3193/3193/3193 3225/3225/3225 3227/3227/3227
f 3193/3193/3193 3227/3227/3227 3195/3195/3195
f 3194/3194/3194 3196/3196/3196 3228/3228/3228
f 3194/3194/3194 3228/3228/3228 3226/3226/3226
f 3195/3195/3195 3227/3227/3227 3229/3229/3229
f 3195/3195/3195 3229/3229/3229 3197/3197/3197
f 3196/3196/3196 3198/3198/3198 3230/3230/3230
f 3196/3196/3196 3230/3230/3230 3228/3228/3228
f 3197/3197/3197 3229/3229/3229 3231/3231/3231
f 3197/3197/3197 3231/3231/3231 3199/3199/3199
f 3198/3198/3198 3200/3200/3200 3232/3232/3232
f 3198/3198/3198 3232/3232/3232 3230/3230/3230
f 3201/3201/3201 3233/3233/3233 3235/3235/3235
f 3201/3201/3201 3235/3235/3235 3203/3203/3203
f 3202/3202/3202 3204/3204/3204 3236/3236/3236
f 3202/3202/3202 3236/3236/3236 3234/3234/3234
f 3203/3203/3203 3235/3235/3235 3237/3237/3237
f 3203/3203/3203 3237/3237/3237 3205/3205/3205
f 3204/3204/3204 3206/3206/3206 3238/3238/3238
f 3204/3204/3204 3238/3238/3238 3236/3236/3236
f 3205/3205/3205 3237/3237/3237 3239/3239/3239
f 3205/3205/3205 3239/3239/3239 3207/3207/3207
f 3206/3206/3206 3208/3208/3208 3240/3240/3240
f 3206/3206/3206 3240/3240/3240 3238/3238/3238
f 3207/3207/3207 3239/3239/3239 3241/3241/3241
f 3207/3207/3207 3241/3241/3241 3209/3209/3209
f 3208/3208/3208 3210/3210/3210 3242/3242/3242
f 3208/3208/3208 3242/3242/3242 3240/3240/3240
f 3209/3209/3209 3241/3241/3241 3243/3243/3243
f 3209/3209/3209 3243/3243/3243 3211/3211/3211
f 3210/3210/3210 3212/3212/3212 3244/3244/3244
f 3210/3210/3210 3244/3244/3244 3242/3242/3242
f 3211/3211/3211 3243/3243/3243 3245/3245/3245
f 3211/3211/3211 3245/3245/3245 3213/3213/3213
f 3212/3212/3212 3214/3214/3214 3246/3246/3246
f 3212/3212/3212 3246/3246/3246 3244/3244/3244
f 3213/3213/3213 3245/3245/3245 3247/3247/3247
f 3213/3213/3213 3247/3247/3247 3215/3215/3215
f 3214/3214/3214 3216/3216/3216 3248/3248/3248
f 3214/3214/3214 3248/3248/3248 3246/3246/3246
f 3215/3215/3215 3247/3247/3247 3249/3249/3249
f 3215/3215/3215 3249/3249/3249 3217/3217/3217
f 3216/3216/3216 3218/3218/3218 3250/3250/3250
f 3216/3216/3216 3250/3250/3250 3248/3248/3248
f 3217/3217/3217 3249/3249/3249 3251/3251/3251
f 3217/3217/3217 3251/3251/3251 3219/3219/3219
f 3218/3218/3218 3220/3220/3220 3252/3252/3252
f 3218/3218/3218 3252/3252/3252 3250/3250/3250
f 3219/3219/3219 3251/3251/3251 3253/3253/3253
f 3219/3219/3219 3253/3253/3253 3221/3221/3221
f 3220/3220/3220 3222/3222/3222 3254/3254/3254
f 3220/3220/3220 3254/3254/3254 3252/3252/3252
f 3221/3221/3221 3253/3253/3253 3255/3255/3255
f 3221/3221/3221 3255/3255/3255 3223/3223/3223
f 3222/3222/3222 3224/3224/3224 3256/3256/3256
f 3222/3222/3222 3256/3256/3256 3254/3254/3254
f 3223/3223/3223 3255/3255/3255 3257/3257/3257
f 3223/3223/3223 3257/3257/3257 3225/3225/3225
f 3224/3224/3224 3226/3226/3226 3258/3258/3258
f 3224/3224/3224 3258/3258/3258 3256/3256/3256
f 3225/3225/3225 3257/3257/3257 3259/3259/3259
f 3225/3225/3225 3259/3259/3259 3227/3227/3227
f 3226/3226/3226 3228/3228/3228 3260/3260/3260
f 3226/3226/3226 3260/3260/3260 3258/3258/3258
f 3227/3227/3227 3259/3259/3259 3261/3261/3261
f 3227/3227/3227 3261/3261/3261 3229/3229/3229
f 3228/3228/3228 3230/3230/3230 3262/3262/3262
f 3228/3228/3228 3262/3262/3262 3260/3260/3260
f 3229/3229/3229 3261/3261/3261 3263/3263/3263
f 3229/3229/3229 3263/3263/3263 3231/3231/3231
f 3230/3230/3230 3232/3232/3232 3264/3264/3264
f 3230/3230/3230 3264/3264/3264 3262/3262/3262
f 2977/2977/2977 2978/2978/2978 3010/3010/3010
f 2977/2977/2977 3010/3010/3010 3009/3009/3009
f 3007/3007/3007 3039/3039/3039 3040/3040/3040
f 3007/3007/3007 3040/3040/3040 3008/3008/3008
f 3009/3009/3009 3010/3010/3010 3042/3042/3042
f 3009/3009/3009 3042/3042/3042 3041/3041/3041
f 3039/3039/3039 3071/3071/3071 3072/3072/3072
f 3039/3039/3039 3072/3072/3072 3040/3040/3040
f 3041/3041/3041 3042/3042/3042 3074/3074/3074
f 3041/3041/3041 3074/3074/3074 3073/3073/3073
f 3071/3071/3071 3103/3103/3103 3104/3104/3104
f 3071/3071/3071 3104/3104/3104 3072/3072/3072
f 3073/3073/3073 3074/3074/3074 3106/3106/3106
f 3073/3073/3073 3106/3106/3106 3105/3105/3105
f 3103/3103/3103 3135/3135/3135 3136/3136/3136
f 3103/3103/3103 3136/3136/3136 3104/3104/3104
f 3105/3105/3105 3106/3106/3106 3138/3138/3138
f 3105/3105/3105 3138/3138/3138 3137/3137/3137
f 3135/3135/3135 3167/3167/3167 3168/3168/3168
f 3135/3135/3135 3168/3168/3168 3136/3136/3136
f 3137/3137/3137 3138/3138/3138 3170/3170/3170
f 3137/3137/3137 3170/3170/3170 3169/3169/3169
f 3167/3167/3167 3199/3199/3199 3200/3200/3200
f 3167/3167/3167 3200/3200/3200 3168/3168/3168
f 3169/3169/3169 3170/3170/3170 3202/3202/3202
f 3169/3169/3169 3202/3202/3202 3201/3201/3201
f 3199/3199/3199 3231/3231/3231 3232/3232/3232
f 3199/3199/3199 3232/3232/3232 3200/3200/3200
f 3201/3201/3201 3202/3202/3202 3234/3234/3234
f 3201/3201/3201 3234/3234/3234 3233/3233/3233
f 3231/3231/3231 3263/3263/3263 3264/3264/3264
f 3231/3231/3231 3264/3264/3264 3232/3232/3232
f 2977/2977/2977 2979/2979/2979 2980/2980/2980
f 2977/2977/2977 2980/2980/2980 2978/2978/2978
f 3233/3233/3233 3234/3234/3234 3236/3236/3236
f 3233/3233/3233 3236/3236/3236 3235/3235/3235
f 2979/2979/2979 2981/2981/2981 2982/2982/2982
f 2979/2979/2979 2982/2982/2982 2980/2980/2980
f 3235/3235/3235 3236/3236/3236 3238/3238/3238
f 3235/3235/3235 3238/3238/3238 3237/3237/3237
f 2981/2981/2981 2983/2983/2983 2984/2984/2984
f 2981/2981/2981 2984/2984/2984 2982/2982/2982
f 3237/3237/3237 3238/3238/3238 3240/3240/3240
f 3237/3237/3237 3240/3240/3240 3239/3239/3239
f 2983/2983/2983 2985/2985/2985 2986/2986/2986
f 2983/2983/2983 2986/2986/2986 2984/2984/2984
f 3239/3239/3239 3240/3240/3240 3242/3242/3242
f 3239/3239/3239 3242/3242/3242 3241/3241/3241
f 2985/2985/2985 2987/2987/2987 2988/2988/2988
f 2985/2985/2985 2988/2988/2988 2986/2986/2986
f 3241/3241/3241 3242/3242/3242 3244/3244/3244
f 3241/3241/3241 3244/3244/3244 3243/3243/3243
f 2987/2987/2987 2989/2989/2989 2990/2990/2990
f 2987/2987/2987 2990/2990/2990 2988/2988/2988
f 3243/3243/3243 3244/3244/3244 3246/3246/3246
f 3243/3243/3243 3246/3246/3246 3245/3245/3245
f 2989/2989/2989 2991/2991/2991 2992/2992/2992
f 2989/2989/2989 2992/2992/2992 2990/2990/2990
f 3245/3245/3245 3246/3246/3246 3248/3248/3248
f 3245/3245/3245 3248/3248/3248 3247/3247/3247
f 2991/2991/2991 2993/2993/2993 2994/2994/2994
f 2991/2991/2991 2994/2994/2994 2992/2992/2992
f 3247/3247/3247 3248/3248/3248 3250/3250/3250
f 3247/3247/3247 3250/3250/3250 3249/3249/3249
f 2993/2993/2993 2995/2995/2995 2996/2996/2996
f 2993/2993/2993 2996/2996/2996 2994/2994/2994
f 3249/3249/3249 3250/3250/3250 3252/3252/3252
f 3249/3249/3249 3252/3252/3252 3251/3251/3251
f 2995/2995/2995 2997/2997/2997 2998/2998/2998
f 2995/2995/2995 2998/2998/2998 2996/2996/2996
f 3251/3251/3251 3252/3252/3252 3254/3254/3254
f 3251/3251/3251 3254/3254/3254 3253/3253/3253
f 2997/2997/2997 2999/2999/2999 3000/3000/3000
f 2997/2997/2997 3000/3000/3000 2998/2998/2998
f 3253/3253/3253 3254/3254/3254 3256/3256/3256
f 3253/3253/3253 3256/3256/3256 3255/3255/3255
f 2999/2999/2999 3001/3001/3001 3002/3002/3002
f 2999/2999/2999 3002/3002/3002 3000/3000/3000
f 3255/3255/3255 3256/3256/3256 3258/3258/3258
f 3255/3255/3255 3258/3258/3258 3257/3257/3257
f 3001/3001/3001 3003/3003/3003 3004/3004/3004
f 3001/3001/3001 3004/3004/3004 3002/3002/3002
f 3257/3257/3257 3258/3258/3258 3260/3260/3260
f 3257/3257/3257 3260/3260/3260 3259/3259/3259
f 3003/3003/3003 3005/3005/3005 3006/3006/3006
f 3003/3003/3003 3006/3006/3006 3004/3004/3004
f 3259/3259/3259 3260/3260/3260 3262/3262/3262
f 3259/3259/3259 3262/3262/3262 3261/3261/3261
f 3005/3005/3005 3007/3007/3007 3008/3008/3008
f 3005/3005/3005 3008/3008/3008 3006/3006/3006
f 3261/3261/3261 3262/3262/3262 3264/3264/3264
f 3261/3261/3261 3264/3264/3264 3263/3263/3263
f 3265/3265/3265 3273/3273/3273 3274/3274/3274
f 3265/3265/3265 3274/3274/3274 3266/3266/3266
f 3266/3266/3266 3274/3274/3274 3275/3275/3275
f 3266/3266/3266 3275/3275/3275 3267/3267/3267
f 3267/3267/3267 3275/3275/3275 3276/3276/3276
f 3267/3267/3267 3276/3276/3276 3268/3268/3268
f 3268/3268/3268 3276/3276/3276 3277/3277/3277
f 3268/3268/3268 3277/3277/3277 3269/3269/3269
f 3269/3269/3269 3277/3277/3277 3278/3278/3278
f 3269/3269/3269 3278/3278/3278 3270/3270/3270
f 3270/3270/3270 3278/3278/3278 3279/3279/3279
f 3270/3270/3270 3279/3279/3279 3271/3271/3271
f 3271/3271/3271 3279/3279/3279 3280/3280/3280
f 3271/3271/3271 3280/3280/3280 3272/3272/3272
f 3272/3272/3272 3280/3280/3280 3273/3273/3273
f 3272/3272/3272 3273/3273/3273 3265/3265/3265
f 3273/3273/3273 3281/3281/3281 3282/3282/3282
f 3273/3273/3273 3282/3282/3282 3274/3274/3274
f 3274/3274/3274 3282/3282/3282 3283/3283/3283
f 3274/3274/3274 3283/3283/3283 3275/3275/3275
f 3275/3275/3275 3283/3283/3283 3284/3284/3284
f 3275/3275/3275 3284/3284/3284 3276/3276/3276
f 3276/3276/3276 3284/3284/3284 3285/3285/3285
f 3276/3276/3276 3285/3285/3285 3277/3277/3277
f 3277/3277/3277 3285/3285/3285 3286/3286/3286
f 3277/3277/3277 3286/3286/3286 3278/3278/3278
f 3278/3278/3278 3286/3286/3286 3287/3287/3287
f 3278/3278/3278 3287/3287/3287 3279/3279/3279
f 3279/3279/3279 3287/3287/3287 3288/3288/3288
f 3279/3279/3279 3288/3288/3288 3280/3280/3280
f 3280/3280/3280 3288/3288/3288 3281/3281/3281
f 3280/3280/3280 3281/3281/3281 3273/3273/3273
f 3281/3281/3281 3289/3289/3289 3290/3290/3290
f 3281/3281/3281 3290/3290/3290 3282/3282/3282
f 3282/3282/3282 3290/3290/3290 3291/3291/3291
f 3282/3282/3282 3291/3291/3291 3283/3283/3283
f 3283/3283/3283 3291/3291/3291 3292/3292/3292
f 3283/3283/3283 3292/3292/3292 3284/3284/3284
f 3284/3284/3284 3292/3292/3292 3293/3293/3293
f 3284/3284/3284 3293/3293/3293 3285/3285/3285
f 3285/3285/3285 3293/3293/3293 3294/3294/3294
f 3285/3285/3285 3294/3294/3294 3286/3286/3286
f 3286/3286/3286 3294/3294/3294 3295/3295/3295
f 3286/3286/3286 3295/3295/3295 3287/3287/3287
f 3287/3287/3287 3295/3295/3295 3296/3296/3296
f 3287/3287/3287 3296/3296/3296 3288/3288/3288
f 3288/3288/3288 3296/3296/3296 3289/3289/3289
f 3288/3288/3288 3289/3289/3289 3281/3281/3281
f 3289/3289/3289 3297/3297/3297 3298/3298/3298
f 3289/3289/3289 3298/3298/3298 3290/3290/3290
f 3290/3290/3290 3298/3298/3298 3299/3299/3299
f 3290/3290/3290 3299/3299/3299 3291/3291/3291
f 3291/3291/3291 3299/3299/3299 3300/3300/3300
f 3291/3291/3291 3300/3300/3300 3292/3292/3292
f 3292/3292/3292 3300/3300/3300 3301/3301/3301
f 3292/3292/3292 3301/3301/3301 3293/3293/3293
f 3293/3293/3293 3301/3301/3301 3302/3302/3302
f 3293/3293/3293 3302/3302/3302 3294/3294/3294
f 3294/3294/3294 3302/3302/3302 3303/3303/3303
f 3294/3294/3294 3303/3303/3303 3295/3295/3295
f 3295/3295/3295 3303/3303/3303 3304/3304/3304
f 3295/3295/3295 3304/3304/3304 3296/3296/3296
f 3296/3296/3296 3304/3304/3304 3297/3297/3297
f 3296/3296/3296 3297/3297/3297 3289/3289/3289
f 3305/3305/3305 3337/3337/3337 3339/3339/3339
f 3305/3305/3305 3339/3339/3339 3307/3307/3307
f 3306/3306/3306 3308/3308/3308 3340/3340/3340
f 3306/3306/3306 3340/3340/3340 3338/3338/3338
f 3307/3307/3307 3339/3339/3339 3341/3341/3341
f 3307/3307/3307 3341/3341/3341 3309/3309/3309
f 3308/3308/3308 3310/3310/3310 3342/3342/3342
f 3308/3308/3308 3342/3342/3342 3340/3340/3340
f 3309/3309/3309 3341/3341/3341 3343/3343/3343
f 3309/3309/3309 3343/3343/3343 3311/3311/3311
f 3310/3310/3310 3312/3312/3312 3344/3344/3344
f 3310/3310/3310 3344/3344/3344 3342/3342/3342
f 3311/3311/3311 3343/3343/3343 3345/3345/3345
f 3311/3311/3311 3345/3345/3345 3313/3313/3313
f 3312/3312/3312 3314/3314/3314 3346/3346/3346
f 3312/3312/3312 3346/3346/3346 3344/3344/3344
f 3313/3313/3313 3345/3345/3345 3347/3347/3347
f 3313/3313/3313 3347/3347/3347 3315/3315/3315
f 3314/3314/3314 3316/3316/3316 3348/3348/3348
f 3314/3314/3314 3348/3348/3348 3346/3346/3346
f 3315/3315/3315 3347/3347/3347 3349/3349/3349
f 3315/3315/3315 3349/3349/3349 3317/3317/3317
f 3316/3316/3316 3318/3318/3318 3350/3350/3350
f 3316/3316/3316 3350/3350/3350 3348/3348/3348
f 3317/3317/3317 3349/3349/3349 3351/3351/3351
f 3317/3317/3317 3351/3351/3351 3319/3319/3319
f 3318/3318/3318 3320/3320/3320 3352/3352/3352
f 3318/3318/3318 3352/3352/3352 3350/3350/3350
f 3319/3319/3319 3351/3351/3351 3353/3353/3353
f 3319/3319/3319 3353/3353/3353 3321/3321/3321
f 3320/3320/3320 3322/3322/3322 3354/3354/3354
f 3320/3320/3320 3354/3354/3354 3352/3352/3352
f 3321/3321/3321 3353/3353/3353 3355/3355/3355
f 3321/3321/3321 3355/3355/3355 3323/3323/3323
f 3322/3322/3322 3324/3324/3324 3356/3356/3356
f 3322/3322/3322 3356/3356/3356 3354/3354/3354
f 3323/3323/3323 3355/3355/3355 3357/3357/3357
f 3323/3323/3323 3357/3357/3357 3325/3325/3325
f 3324/3324/3324 3326/3326/3326 3358/3358/3358
f 3324/3324/3324 3358/3358/3358 3356/3356/3356
f 3325/3325/3325 3357/3357/3357 3359/3359/3359
f 3325/3325/3325 3359/3359/3359 3327/3327/3327
f 3326/3326/3326 3328/3328/3328 3360/3360/3360
f 3326/3326/3326 3360/3360/3360 3358/3358/3358
f 3327/3327/3327 3359/3359/3359 3361/3361/3361
f 3327/3327/3327 3361/3361/3361 3329/3329/3329
f 3328/3328/3328 3330/3330/3330 3362/3362/3362
f 3328/3328/3328 3362/3362/3362 3360/3360/3360
f 3329/3329/3329 3361/3361/3361 3363/3363/3363
f 3329/3329/3329 3363/3363/3363 3331/3331/3331
f 3330/3330/3330 3332/3332/3332 3364/3364/3364
f 3330/3330/3330 3364/3364/3364 3362/3362/3362
f 3331/3331/3331 3363/3363/3363 3365/3365/3365
f 3331/3331/3331 3365/3365/3365 3333/3333/3333
f 3332/3332/3332 3334/3334/3334 3366/3366/3366
f 3332/3332/3332 3366/3366/3366 3364/3364/3364
f 3333/3333/3333 3365/3365/3365 3367/3367/3367
f 3333/3333/3333 3367/3367/3367 3335/3335/3335
f 3334/3334/3334 3336/3336/3336 3368/3368/3368
f 3334/3334/3334 3368/3368/3368 3366/3366/3366
f 3337/3337/3337 3369/3369/3369 3371/3371/3371
f 3337/3337/3337 3371/3371/3371 3339/3339/3339
f 3338/3338/3338 3340/3340/3340 3372/3372/3372
f 3338/3338/3338 3372/3372/3372 3370/3370/3370
f 3339/3339/3339 3371/3371/3371 3373/3373/3373
f 3339/3339/3339 3373/3373/3373 3341/3341/3341
f 3340/3340/3340 3342/3342/3342 3374/3374/3374
f 3340/3340/3340 3374/3374/3374 3372/3372/3372
f 3341/3341/3341 3373/3373/3373 3375/3375/3375
f 3341/3341/3341 3375/3375/3375 3343/3343/3343
f 3342/3342/3342 3344/3344/3344 3376/3376/3376
f 3342/3342/3342 3376/3376/3376 3374/3374/3374
f 3343/3343/3343 3375/3375/3375 3377/3377/3377
f 3343/3343/3343 3377/3377/3377 3345/3345/3345
f 3344/3344/3344 3346/3346/3346 3378/3378/3378
f 3344/3344/3344 3378/3378/3378 3376/3376/3376
f 3345/3345/3345 3377/3377/3377 3379/3379/3379
f 3345/3345/3345 3379/3379/3379 3347/3347/3347
f 3346/3346/3346 3348/3348/3348 3380/3380/3380
f 3346/3346/3346 3380/3380/3380 3378/3378/3378
f 3347/3347/3347 3379/3379/3379 3381/3381/3381
f 3347/3347/3347 3381/3381/3381 3349/3349/3349
f 3348/3348/3348 3350/3350/3350 3382/3382/3382
f 3348/3348/3348 3382/3382/3382 3380/3380/3380
f 3349/3349/3349 3381/3381/3381 3383/3383/3383
f 3349/3349/3349 3383/3383/3383 3351/3351/3351
f 3350/3350/3350 3352/3352/3352 3384/3384/3384
f 3350/3350/3350 3384/3384/3384 3382/3382/3382
f 3351/3351/3351 3383/3383/3383 3385/3385/3385
f 3351/3351/3351 3385/3385/3385 3353/3353/3353
f 3352/3352/3352 3354/3354/3354 3386/3386/3386
f 3352/3352/3352 3386/3386/3386 3384/3384/3384
f 3353/3353/3353 3385/3385/3385 3387/3387/3387
f 3353/3353/3353 3387/3387/3387 3355/3355/3355
f 3354/3354/3354 3356/3356/3356 3388/3388/3388
f 3354/3354/3354 3388/3388/3388 3386/3386/3386
f 3355/3355/3355 3387/3387/3387 3389/3389/3389
f 3355/3355/3355 3389/3389/3389 3357/3357/3357
f 3356/3356/3356 3358/3358/3358 3390/3390/3390
f 3356/3356/3356 3390/3390/3390 3388/3388/3388
f 3357/3357/3357 3389/3389/3389 3391/3391/3391
f 3357/3357/3357 3391/3391/3391 3359/3359/3359
f 3358/3358/3358 3360/3360/3360 3392/3392/3392
f 3358/3358/3358 3392/3392/3392 3390/3390/3390
f 3359/3359/3359 3391/3391/3391 3393/3393/3393
f 3359/3359/3359 3393/3393/3393 3361/3361/3361
f 3360/3360/3360 3362/3362/3362 3394/3394/3394
f 3360/3360/3360 3394/3394/3394 3392/3392/3392
f 3361/3361/3361 3393/3393/3393 3395/3395/3395
f 3361/3361/3361 3395/3395/3395 3363/3363/3363
f 3362/3362/3362 3364/3364/3364 3396/3396/3396
f 3362/3362/3362 3396/3396/3396 3394/3394/3394
f 3363/3363/3363 3395/3395/3395 3397/3397/3397
f 3363/3363/3363 3397/3397/3397 3365/3365/3365
f 3364/3364/3364 3366/3366/3366 3398/3398/3398
f 3364/3364/3364 3398/3398/3398 3396/3396/3396
f 3365/3365/3365 3397/3397/3397 3399/3399/3399
f 3365/3365/3365 3399/3399/3399 3367/3367/3367
f 3366/3366/3366 3368/3368/3368 3400/3400/3400
f 3366/3366/3366 3400/3400/3400 3398/3398/3398
f 3369/3369/3369 3401/3401/3401 3403/3403/3403
f 3369/3369/3369 3403/3403/3403 3371/3371/3371
f 3370/3370/3370 3372/3372/3372 3404/3404/3404
f 3370/3370/3370 3404/3404/3404 3402/3402/3402
f 3371/3371/3371 3403/3403/3403 3405/3405/3405
f 3371/3371/3371 3405/3405/3405 3373/3373/3373
f 3372/3372/3372 3374/3374/3374 3406/3406/3406
f 3372/3372/3372 3406/3406/3406 3404/3404/3404
f 3373/3373/3373 3405/3405/3405 3407/3407/3407
f 3373/3373/3373 3407/3407/3407 3375/3375/3375
f 3374/3374/3374 3376/3376/3376 3408/3408/3408
f 3374/3374/3374 3408/3408/3408 3406/3406/3406
f 3375/3375/3375 3407/3407/3407 3409/3409/3409
f 3375/3375/3375 3409/3409/3409 3377/3377/3377
f 3376/3376/3376 3378/3378/3378 3410/3410/3410
f 3376/3376/3376 3410/3410/3410 3408/3408/3408
f 3377/3377/3377 3409/3409/3409 3411/3411/3411
f 3377/3377/3377 3411/3411/3411 3379/3379/3379
f 3378/3378/3378 3380/3380/3380 3412/3412/3412
f 3378/3378/3378 3412/3412/3412 3410/3410/3410
f 3379/3379/3379 3411/3411/3411 3413/3413/3413
f 3379/3379/3379 3413/3413/3413 3381/3381/3381
f 3380/3380/3380 3382/3382/3382 3414/3414/3414
f 3380/3380/3380 3414/3414/3414 3412/3412/3412
f 3381/3381/3381 3413/3413/3413 3415/3415/3415
f 3381/3381/3381 3415/3415/3415 3383/3383/3383
f 3382/3382/3382 3384/3384/3384 3416/3416/3416
f 3382/3382/3382 3416/3416/3416 3414/3414/3414
f 3383/3383/3383 3415/3415/3415 3417/3417/3417
f 3383/3383/3383 3417/3417/3417 3385/3385/3385
f 3384/3384/3384 3386/3386/3386 3418/3418/3418
f 3384/3384/3384 3418/3418/3418 3416/3416/3416
f 3385/3385/3385 3417/3417/3417 3419/3419/3419
f 3385/3385/3385 3419/3419/3419 3387/3387/3387
f 3386/3386/3386 3388/3388/3388 3420/3420/3420
f 3386/3386/3386 3420/3420/3420 3418/3418/3418
f 3387/3387/3387 3419/3419/3419 3421/3421/3421
f 3387/3387/3387 3421/3421/3421 3389/3389/3389
f 3388/3388/3388 3390/3390/3390 3422/3422/3422
f 3388/3388/3388 3422/3422/3422 3420/3420/3420
f 3389/3389/3389 3421/3421/3421 3423/3423/3423
f 3389/3389/3389 3423/3423/3423 3391/3391/3391
f 3390/3390/3390 3392/3392/3392 3424/3424/3424
f 3390/3390/3390 3424/3424/3424 3422/3422/3422
f 3391/3391/3391 3423/3423/3423 3425/3425/3425
f 3391/3391/3391 3425/3425/3425 3393/3393/3393
f 3392/3392/3392 3394/3394/3394 3426/3426/3426
f 3392/3392/3392 3426/3426/3426 3424/3424/3424
f 3393/3393/3393 3425/3425/3425 3427/3427/3427
f 3393/3393/3393 3427/3427/3427 3395/3395/3395
f 3394/3394/3394 3396/3396/3396 3428/3428/3428
f 3394/3394/3394 3428/3428/3428 3426/3426/3426
f 3395/3395/3395 3427/3427/3427 3429/3429/3429
f 3395/3395/3395 3429/3429/3429 3397/3397/3397
f 3396/3396/3396 3398/3398/3398 3430/3430/3430
f 3396/3396/3396 3430/3430/3430 3428/3428/3428
f 3397/3397/3397 3429/3429/3429 3431/3431/3431
f 3397/3397/3397 3431/3431/3431 3399/3399/3399
f 3398/3398/3398 3400/3400/3400 3432/3432/3432
f 3398/3398/3398 3432/3432/3432 3430/3430/3430
f 3401/3401/3401 3433/3433/3433 3435/3435/3435
f 3401/3401/3401 3435/3435/3435 3403/3403/3403
f 3402/3402/3402 3404/3404/3404 3436/3436/3436
f 3402/3402/3402 3436/3436/3436 3434/3434/3434
f 3403/3403/3403 3435/3435/3435 3437/3437/3437
f 3403/3403/3403 3437/3437/3437 3405/3405/3405
f 3404/3404/3404 3406/3406/3406 3438/3438/3438
f 3404/3404/3404 3438/3438/3438 3436/3436/3436
f 3405/3405/3405 3437/3437/3437 3439/3439/3439
f 3405/3405/3405 3439/3439/3439 3407/3407/3407
f 3406/3406/3406 3408/3408/3408 3440/3440/3440
f 3406/3406/3406 3440/3440/3440 3438/3438/3438
f 3407/3407/3407 3439/3439/3439 3441/3441/3441
f 3407/3407/3407 3441/3441/3441 3409/3409/3409
f 3408/3408/3408 3410/3410/3410 3442/3442/3442
f 3408/3408/3408 3442/3442/3442 3440/3440/3440
f 3409/3409/3409 3441/3441/3441 3443/3443/3443
f 3409/3409/3409 3443/3443/3443 3411/3411/3411
f 3410/3410/3410 3412/3412/3412 3444/3444/3444
f 3410/3410/3410 3444/3444/3444 3442/3442/3442
f 3411/3411/3411 3443/3443/3443 3445/3445/3445
f 3411/3411/3411 3445/3445/3445 3413/3413/3413
f 3412/3412/3412 3414/3414/3414 3446/3446/3446
f 3412/3412/3412 3446/3446/3446 3444/3444/3444
f 3413/3413/3413 3445/3445/3445 3447/3447/3447
f 3413/3413/3413 3447/3447/3447 3415/3415/3415
f 3414/3414/3414 3416/3416/3416 3448/3448/3448
f 3414/3414/3414 3448/3448/3448 3446/3446/3446
f 3415/3415/3415 3447/3447/3447 3449/3449/3449
f 3415/3415/3415 3449/3449/3449 3417/3417/3417
f 3416/3416/3416 3418/3418/3418 3450/3450/3450
f 3416/3416/3416 3450/3450/3450 3448/3448/3448
f 3417/3417/3417 3449/3449/3449 3451/3451/3451
f 3417/3417/3417 3451/3451/3451 3419/3419/3419
f 3418/3418/3418 3420/3420/3420 3452/3452/3452
f 3418/3418/3418 3452/3452/3452 3450/3450/3450
f 3419/3419/3419 3451/3451/3451 3453/3453/3453
f 3419/3419/3419 3453/3453/3453 3421/3421/3421
f 3420/3420/3420 3422/3422/3422 3454/3454/3454
f 3420/3420/3420 3454/3454/3454 3452/3452/3452
f 3421/3421/3421 3453/3453/3453 3455/3455/3455
f 3421/3421/3421 3455/3455/3455 3423/3423/3423
f 3422/3422/3422 3424/3424/3424 3456/3456/3456
f 3422/3422/3422 3456/3456/3456 3454/3454/3454
f 3423/3423/3423 3455/3455/3455 3457/3457/3457
f 3423/3423/3423 3457/3457/3457 3425/3425/3425
f 3424/3424/3424 3426/3426/3426 3458/3458/3458
f 3424/3424/3424 3458/3458/3458 3456/3456/3456
f 3425/3425/3425 3457/3457/3457 3459/3459/3459
f 3425/3425/3425 3459/3459/3459 3427/3427/3427
f 3426/3426/3426 3428/3428/3428 3460/3460/3460
f 3426/3426/3426 3460/3460/3460 3458/3458/3458
f 3427/3427/3427 3459/3459/3459 3461/3461/3461
f 3427/3427/3427 3461/3461/3461 3429/3429/3429
f 3428/3428/3428 3430/3430/3430 3462/3462/3462
f 3428/3428/3428 3462/3462/3462 3460/3460/3460
f 3429/3429/3429 3461/3461/3461 3463/3463/3463
f 3429/3429/3429 3463/3463/3463 3431/3431/3431
f 3430/3430/3430 3432/3432/3432 3464/3464/3464
f 3430/3430/3430 3464/3464/3464 3462/3462/3462
f 3433/3433/3433 3465/3465/3465 3467/3467/3467
f 3433/3433/3433 3467/3467/3467 3435/3435/3435
f 3434/3434/3434 3436/3436/3436 3468/3468/3468
f 3434/3434/3434 3468/3468/3468 3466/3466/3466
f 3435/3435/3435 3467/3467/3467 3469/3469/3469
f 3435/3435/3435 3469/3469/3469 3437/3437/3437
f 3436/3436/3436 3438/3438/3438 3470/3470/3470
f 3436/3436/3436 3470/3470/3470 3468/3468/3468
f 3437/3437/3437 3469/3469/3469 3471/3471/3471
f 3437/3437/3437 3471/3471/3471 3439/3439/3439
f 3438/3438/3438 3440/3440/3440 3472/3472/3472
f 3438/3438/3438 3472/3472/3472 3470/3470/3470
f 3439/3439/3439 3471/3471/3471 3473/3473/3473
f 3439/3439/3439 3473/3473/3473 3441/3441/3441
f 3440/3440/3440 3442/3442/3442 3474/3474/3474
f 3440/3440/3440 3474/3474/3474 3472/3472/3472
f 3441/3441/3441 3473/3473/3473 3475/3475/3475
f 3441/3441/3441 3475/3475/3475 3443/3443/3443
f 3442/3442/3442 3444/3444/3444 3476/3476/3476
f 3442/3442/3442 3476/3476/3476 3474/3474/3474
f 3443/3443/3443 3475/3475/3475 3477/3477/3477
f 3443/3443/3443 3477/3477/3477 3445/3445/3445
f 3444/3444/3444 3446/3446/3446 3478/3478/3478
f 3444/3444/3444 3478/3478/3478 3476/3476/3476
f 3445/3445/3445 3477/3477/3477 3479/3479/3479
f 3445/3445/3445 3479/3479/3479 3447/3447/3447
f 3446/3446/3446 3448/3448/3448 3480/3480/3480
f 3446/3446/3446 3480/3480/3480 3478/3478/3478
f 3447/3447/3447 3479/3479/3479 3481/3481/3481
f 3447/3447/3447 3481/3481/3481 3449/3449/3449
f 3448/3448/3448 3450/3450/3450 3482/3482/3482
f 3448/3448/3448 3482/3482/3482 3480/3480/3480
f 3449/3449/3449 3481/3481/3481 3483/3483/3483
f 3449/3449/3449 3483/3483/3483 3451/3451/3451
f 3450/3450/3450 3452/3452/3452 3484/3484/3484
f 3450/3450/3450 3484/3484/3484 3482/3482/3482
f 3451/3451/3451 3483/3483/3483 3485/3485/3485
f 3451/3451/3451 3485/3485/3485 3453/3453/3453
f 3452/3452/3452 3454/3454/3454 3486/3486/3486
f 3452/3452/3452 3486/3486/3486 3484/3484/3484
f 3453/3453/3453 3485/3485/3485 3487/3487/3487
f 3453/3453/3453 3487/3487/3487 3455/3455/3455
f 3454/3454/3454 3456/3456/3456 3488/3488/3488
f 3454/3454/3454 3488/3488/3488 3486/3486/3486
f 3455/3455/3455 3487/3487/3487 3489/3489/3489
f 3455/3455/3455 3489/3489/3489 3457/3457/3457
f 3456/3456/3456 3458/3458/3458 3490/3490/3490
f 3456/3456/3456 3490/3490/3490 3488/3488/3488
f 3457/3457/3457 3489/3489/3489 3491/3491/3491
f 3457/3457/3457 3491/3491/3491 3459/3459/3459
f 3458/3458/3458 3460/3460/3460 3492/3492/3492
f 3458/3458/3458 3492/3492/3492 3490/3490/3490
f 3459/3459/3459 3491/3491/3491 3493/3493/3493
f 3459/3459/3459 3493/3493/3493 3461/3461/3461
f 3460/3460/3460 3462/3462/3462 3494/3494/3494
f 3460/3460/3460 3494/3494/3494 3492/3492/3492
f 3461/3461/3461 3493/3493/3493 3495/3495/3495
f 3461/3461/3461 3495/3495/3495 3463/3463/3463
f 3462/3462/3462 3464/3464/3464 3496/3496/3496
f 3462/3462/3462 3496/3496/3496 3494/3494/3494
f 3465/3465/3465 3497/3497/3497 3499/3499/3499
f 3465/3465/3465 3499/3499/3499 3467/3467/3467
f 3466/3466/3466 3468/3468/3468 3500/3500/3500
f 3466/3466/3466 3500/3500/3500 3498/3498/3498
f 3467/3467/3467 3499/3499/3499 3501/3501/3501
f 3467/3467/3467 3501/3501/3501 3469/3469/3469
f 3468/3468/3468 3470/3470/3470 3502/3502/3502
f 3468/3468/3468 3502/3502/3502 3500/3500/3500
f 3469/3469/3469 3501/3501/3501 3503/3503/3503
f 3469/3469/3469 3503/3503/3503 3471/3471/3471
f 3470/3470/3470 3472/3472/3472 3504/3504/3504
f 3470/3470/3470 3504/3504/3504 3502/3502/3502
f 3471/3471/3471 3503/3503/3503 3505/3505/3505
f 3471/3471/3471 3505/3505/3505 3473/3473/3473
f 3472/3472/3472 3474/3474/3474 3506/3506/3506
f 3472/3472/3472 3506/3506/3506 3504/3504/3504
f 3473/3473/3473 3505/3505/3505 3507/3507/3507
f 3473/3473/3473 3507/3507/3507 3475/3475/3475
f 3474/3474/3474 3476/3476/3476 3508/3508/3508
f 3474/3474/3474 3508/3508/3508 3506/3506/3506
f 3475/3475/3475 3507/3507/3507 3509/3509/3509
f 3475/3475/3475 3509/3509/3509 3477/3477/3477
f 3476/3476/3476 3478/3478/3478 3510/3510/3510
f 3476/3476/3476 3510/3510/3510 3508/3508/3508
f 3477/3477/3477 3509/3509/3509 3511/3511/3511
f 3477/3477/3477 3511/3511/3511 3479/3479/3479
f 3478/3478/3478 3480/3480/3480 3512/3512/3512
f 3478/3478/3478 3512/3512/3512 3510/3510/3510
f 3479/3479/3479 3511/3511/3511 3513/3513/3513
f 3479/3479/3479 3513/3513/3513 3481/3481/3481
f 3480/3480/3480 3482/3482/3482 3514/3514/3514
f 3480/3480/3480 3514/3514/3514 3512/3512/3512
f 3481/3481/3481 3513/3513/3513 3515/3515/3515
f 3481/3481/3481 3515/3515/3515 3483/3483/3483
f 3482/3482/3482 3484/3484/3484 3516/3516/3516
f 3482/3482/3482 3516/3516/3516 3514/3514/3514
f 3483/3483/3483 3515/3515/3515 3517/3517/3517
f 3483/3483/3483 3517/3517/3517 3485/3485/3485
f 3484/3484/3484 3486/3486/3486 3518/3518/3518
f 3484/3484/3484 3518/3518/3518 3516/3516/3516
f 3485/3485/3485 3517/3517/3517 3519/3519/3519
f 3485/3485/3485 3519/3519/3519 3487/3487/3487
f 3486/3486/3486 3488/3488/3488 3520/3520/3520
f 3486/3486/3486 3520/3520/3520 3518/3518/3518
f 3487/3487/3487 3519/3519/3519 3521/3521/3521
f 3487/3487/3487 3521/3521/3521 3489/3489/3489
f 3488/3488/3488 3490/3490/3490 3522/3522/3522
f 3488/3488/3488 3522/3522/3522 3520/3520/3520
f 3489/3489/3489 3521/3521/3521 3523/3523/3523
f 3489/3489/3489 3523/3523/3523 3491/3491/3491
f 3490/3490/3490 3492/3492/3492 3524/3524/3524
f 3490/3490/3490 3524/3524/3524 3522/3522/3522
f 3491/3491/3491 3523/3523/3523 3525/3525/3525
f 3491/3491/3491 3525/3525/3525 3493/3493/3493
f 3492/3492/3492 3494/3494/3494 3526/3526/3526
f 3492/3492/3492 3526/3526/3526 3524/3524/3524
f 3493/3493/3493 3525/3525/3525 3527/3527/3527
f 3493/3493/3493 3527/3527/3527 3495/3495/3495
f 3494/3494/3494 3496/3496/3496 3528/3528/3528
f 3494/3494/3494 3528/3528/3528 3526/3526/3526
f 3497/3497/3497 3529/3529/3529 3531/3531/3531
f 3497/3497/3497 3531/3531/3531 3499/3499/3499
f 3498/3498/3498 3500/3500/3500 3532/3532/3532
f 3498/3498/3498 3532/3532/3532 3530/3530/3530
f 3499/3499/3499 3531/3531/3531 3533/3533/3533
f 3499/3499/3499 3533/3533/3533 3501/3501/3501
f 3500/3500/3500 3502/3502/3502 3534/3534/3534
f 3500/3500/3500 3534/3534/3534 3532/3532/3532
f 3501/3501/3501 3533/3533/3533 3535/3535/3535
f 3501/3501/3501 3535/3535/3535 3503/3503/3503
f 3502/3502/3502 3504/3504/3504 3536/3536/3536
f 3502/3502/3502 3536/3536/3536 3534/3534/3534
f 3503/3503/3503 3535/3535/3535 3537/3537/3537
f 3503/3503/3503 3537/3537/3537 3505/3505/3505
f 3504/3504/3504 3506/3506/3506 3538/3538/3538
f 3504/3504/3504 3538/3538/3538 3536/3536/3536
f 3505/3505/3505 3537/3537/3537 3539/3539/3539
f 3505/3505/3505 3539/3539/3539 3507/3507/3507
f 3506/3506/3506 3508/3508/3508 3540/3540/3540
f 3506/3506/3506 3540/3540/3540 3538/3538/3538
f 3507/3507/3507 3539/3539/3539 3541/3541/3541
f 3507/3507/3507 3541/3541/3541 3509/3509/3509
f 3508/3508/3508 3510/3510/3510 3542/3542/3542
f 3508/3508/3508 3542/3542/3542 3540/3540/3540
f 3509/3509/3509 3541/3541/3541 3543/3543/3543
f 3509/3509/3509 3543/3543/3543 3511/3511/3511
f 3510/3510/3510 3512/3512/3512 3544/3544/3544
f 3510/3510/3510 3544/3544/3544 3542/3542/3542
f 3511/3511/3511 3543/3543/3543 3545/3545/3545
f 3511/3511/3511 3545/3545/3545 3513/3513/3513
f 3512/3512/3512 3514/3514/3514 3546/3546/3546
f 3512/3512/3512 3546/3546/3546 3544/3544/3544
f 3513/3513/3513 3545/3545/3545 3547/3547/3547
f 3513/3513/3513 3547/3547/3547 3515/3515/3515
f 3514/3514/3514 3516/3516/3516 3548/3548/3548
f 3514/3514/3514 3548/3548/3548 3546/3546/3546
f 3515/3515/3515 3547/3547/3547 3549/3549/3549
f 3515/3515/3515 3549/3549/3549 3517/3517/3517
f 3516/3516/3516 3518/3518/3518 3550/3550/3550
f 3516/3516/3516 3550/3550/3550 3548/3548/3548
f 3517/3517/3517 3549/3549/3549 3551/3551/3551
f 3517/3517/3517 3551/3551/3551 3519/3519/3519
f 3518/3518/3518 3520/3520/3520 3552/3552/3552
f 3518/3518/3518 3552/3552/3552 3550/3550/3550
f 3519/3519/3519 3551/3551/3551 3553/3553/3553
f 3519/3519/3519 3553/3553/3553 3521/3521/3521
f 3520/3520/3520 3522/3522/3522 3554/3554/3554
f 3520/3520/3520 3554/3554/3554 3552/3552/3552
f 3521/3521/3521 3553/3553/3553 3555/3555/3555
f 3521/3521/3521 3555/3555/3555 3523/3523/3523
f 3522/3522/3522 3524/3524/3524 3556/3556/3556
f 3522/3522/3522 3556/3556/3556 3554/3554/3554
f 3523/3523/3523 3555/3555/3555 3557/3557/3557
f 3523/3523/3523 3557/3557/3557 3525/3525/3525
f 3524/3524/3524 3526/3526/3526 3558/3558/3558
f 3524/3524/3524 3558/3558/3558 3556/3556/3556
f 3525/3525/3525 3557/3557/3557 3559/3559/3559
f 3525/3525/3525 3559/3559/3559 3527/3527/3527
f 3526/3526/3526 3528/3528/3528 3560/3560/3560
f 3526/3526/3526 3560/3560/3560 3558/3558/3558
f 3529/3529/3529 3561/3561/3561 3563/3563/3563
f 3529/3529/3529 3563/3563/3563 3531/3531/3531
f 3530/3530/3530 3532/3532/3532 3564/3564/3564
f 3530/3530/3530 3564/3564/3564 3562/3562/3562
f 3531/3531/3531 3563/3563/3563 3565/3565/3565
f 3531/3531/3531 3565/3565/3565 3533/3533/3533
f 3532/3532/3532 3534/3534/3534 3566/3566/3566
f 3532/3532/3532 3566/3566/3566 3564/3564/3564
f 3533/3533/3533 3565/3565/3565 3567/3567/3567
f 3533/3533/3533 3567/3567/3567 3535/3535/3535
f 3534/3534/3534 3536/3536/3536 3568/3568/3568
f 3534/3534/3534 3568/3568/3568 3566/3566/3566
f 3535/3535/3535 3567/3567/3567 3569/3569/3569
f 3535/3535/3535 3569/3569/3569 3537/3537/3537
f 3536/3536/3536 3538/3538/3538 3570/3570/3570
f 3536/3536/3536 3570/3570/3570 3568/3568/3568
f 3537/3537/3537 3569/3569/3569 3571/3571/3571
f 3537/3537/3537 3571/3571/3571 3539/3539/3539
f 3538/3538/3538 3540/3540/3540 3572/3572/3572
f 3538/3538/3538 3572/3572/3572 3570/3570/3570
f 3539/3539/3539 3571/3571/3571 3573/3573/3573
f 3539/3539/3539 3573/3573/3573 3541/3541/3541
f 3540/3540/3540 3542/3542/3542 3574/3574/3574
f 3540/3540/3540 3574/3574/3574 3572/3572/3572
f 3541/3541/3541 3573/3573/3573 3575/3575/3575
f 3541/3541/3541 3575/3575/3575 3543/3543/3543
f 3542/3542/3542 3544/3544/3544 3576/3576/3576
f 3542/3542/3542 3576/3576/3576 3574/3574/3574
f 3543/3543/3543 3575/3575/3575 3577/3577/3577
f 3543/3543/3543 3577/3577/3577 3545/3545/3545
f 3544/3544/3544 3546/3546/3546 3578/3578/3578
f 3544/3544/3544 3578/3578/3578 3576/3576/3576
f 3545/3545/3545 3577/3577/3577 3579/3579/3579
f 3545/3545/3545 3579/3579/3579 3547/3547/3547
f 3546/3546/3546 3548/3548/3548 3580/3580/3580
f 3546/3546/3546 3580/3580/3580 3578/3578/3578
f 3547/3547/3547 3579/3579/3579 3581/3581/3581
f 3547/3547/3547 3581/3581/3581 3549/3549/3549
f 3548/3548/3548 3550/3550/3550 3582/3582/3582
f 3548/3548/3548 3582/3582/3582 3580/3580/3580
f 3549/3549/3549 3581/3581/3581 3583/3583/3583
f 3549/3549/3549 3583/3583/3583 3551/3551/3551
f 3550/3550/3550 3552/3552/3552 3584/3584/3584
f 3550/3550/3550 3584/3584/3584 3582/3582/3582
f 3551/3551/3551 3583/3583/3583 3585/3585/3585
f 3551/3551/3551 3585/3585/3585 3553/3553/3553
f 3552/3552/3552 3554/3554/3554 3586/3586/3586
f 3552/3552/3552 3586/3586/3586 3584/3584/3584
f 3553/3553/3553 3585/3585/3585 3587/3587/3587
f 3553/3553/3553 3587/3587/3587 3555/3555/3555
f 3554/3554/3554 3556/3556/3556 3588/3588/3588
f 3554/3554/3554 3588/3588/3588 3586/3586/3586
f 3555/3555/3555 3587/3587/3587 3589/3589/3589
f 3555/3555/3555 3589/3589/3589 3557/3557/3557
f 3556/3556/3556 3558/3558/3558 3590/3590/3590
f 3556/3556/3556 3590/3590/3590 3588/3588/3588
f 3557/3557/3557 3589/3589/3589 3591/3591/3591
f 3557/3557/3557 3591/3591/3591 3559/3559/3559
f 3558/3558/3558 3560/3560/3560 3592/3592/3592
f 3558/3558/3558 3592/3592/3592 3590/3590/3590
f 3305/3305/3305 3306/3306/3306 3338/3338/3338
f 3305/3305/3305 3338/3338/3338 3337/3337/3337
f 3335/3335/3335 3367/3367/3367 3368/3368/3368
f 3335/3335/3335 3368/3368/3368 3336/3336/3336
f 3337/3337/3337 3338/3338/3338 3370/3370/3370
f 3337/3337/3337 3370/3370/3370 3369/3369/3369
f 3367/3367/3367 3399/3399/3399 3400/3400/3400
f 3367/3367/3367 3400/3400/3400 3368/3368/3368
f 3369/3369/3369 3370/3370/3370 3402/3402/3402
f 3369/3369/3369 3402/3402/3402 3401/3401/3401
f 3399/3399/3399 3431/3431/3431 3432/3432/3432
f 3399/3399/3399 3432/3432/3432 3400/3400/3400
f 3401/3401/3401 3402/3402/3402 3434/3434/3434
f 3401/3401/3401 3434/3434/3434 3433/3433/3433
f 3431/3431/3431 3463/3463/3463 3464/3464/3464
f 3431/3431/3431 3464/3464/3464 3432/3432/3432
f 3433/3433/3433 3434/3434/3434 3466/3466/3466
f 3433/3433/3433 3466/3466/3466 3465/3465/3465
f 3463/3463/3463 3495/3495/3495 3496/3496/3496
f 3463/3463/3463 3496/3496/3496 3464/3464/3464
f 3465/3465/3465 3466/3466/3466 3498/3498/3498
f 3465/3465/3465 3498/3498/3498 3497/3497/3497
f 3495/3495/3495 3527/3527/3527 3528/3528/3528
f 3495/3495/3495 3528/3528/3528 3496/3496/3496
f 3497/3497/3497 3498/3498/3498 3530/3530/3530
f 3497/3497/3497 3530/3530/3530 3529/3529/3529
f 3527/3527/3527 3559/3559/3559 3560/3560/3560
f 3527/3527/3527 3560/3560/3560 3528/3528/3528
f 3529/3529/3529 3530/3530/3530 3562/3562/3562
f 3529/3529/3529 3562/3562/3562 3561/3561/3561
f 3559/3559/3559 3591/3591/3591 3592/3592/3592
f 3559/3559/3559 3592/3592/3592 3560/3560/3560
f 3305/3305/3305 3307/3307/3307 3308/3308/3308
f 3305/3305/3305 3308/3308/3308 3306/3306/3306
f 3561/3561/3561 3562/3562/3562 3564/3564/3564
f 3561/3561/3561 3564/3564/3564 3563/3563/3563
f 3307/3307/3307 3309/3309/3309 3310/3310/3310
f 3307/3307/3307 3310/3310/3310 3308/3308/3308
f 3563/3563/3563 3564/3564/3564 3566/3566/3566
f 3563/3563/3563 3566/3566/3566 3565/3565/3565
f 3309/3309/3309 3311/3311/3311 3312/3312/3312
f 3309/3309/3309 3312/3312/3312 3310/3310/3310
f 3565/3565/3565 3566/3566/3566 3568/3568/3568
f 3565/3565/3565 3568/3568/3568 3567/3567/3567
f 3311/3311/3311 3313/3313/3313 3314/3314/3314
f 3311/3311/3311 3314/3314/3314 3312/3312/3312
f 3567/3567/3567 3568/3568/3568 3570/3570/3570
f 3567/3567/3567 3570/3570/3570 3569/3569/3569
f 3313/3313/3313 3315/3315/3315 3316/3316/3316
f 3313/3313/3313 3316/3316/3316 3314/3314/3314
f 3569/3569/3569 3570/3570/3570 3572/3572/3572
f 3569/3569/3569 3572/3572/3572 3571/3571/3571
f 3315/3315/3315 3317/3317/3317 3318/3318/3318
f 3315/3315/3315 3318/3318/3318 3316/3316/3316
f 3571/3571/3571 3572/3572/3572 3574/3574/3574
f 3571/3571/3571 3574/3574/3574 3573/3573/3573
f 3317/3317/3317 3319/3319/3319 3320/3320/3320
f 3317/3317/3317 3320/3320/3320 3318/3318/3318
f 3573/3573/3573 3574/3574/3574 3576/3576/3576
f 3573/3573/3573 3576/3576/3576 3575/3575/3575
f 3319/3319/3319 3321/3321/3321 3322/3322/3322
f 3319/3319/3319 3322/3322/3322 3320/3320/3320
f 3575/3575/3575 3576/3576/3576 3578/3578/3578
f 3575/3575/3575 3578/3578/3578 3577/3577/3577
f 3321/3321/3321 3323/3323/3323 3324/3324/3324
f 3321/3321/3321 3324/3324/3324 3322/3322/3322
f 3577/3577/3577 3578/3578/3578 3580/3580/3580
f 3577/3577/3577 3580/3580/3580 3579/3579/3579
f 3323/3323/3323 3325/3325/3325 3326/3326/3326
f 3323/3323/3323 3326/3326/3326 3324/3324/3324
f 3579/3579/3579 3580/3580/3580 3582/3582/3582
f 3579/3579/3579 3582/3582/3582 3581/3581/3581
f 3325/3325/3325 3327/3327/3327 3328/3328/3328
f 3325/3325/3325 3328/3328/3328 3326/3326/3326
f 3581/3581/3581 3582/3582/3582 3584/3584/3584
f 3581/3581/3581 3584/3584/3584 3583/3583/3583
f 3327/3327/3327 3329/3329/3329 3330/3330/3330
f 3327/3327/3327 3330/3330/3330 3328/3328/3328
f 3583/3583/3583 3584/3584/3584 3586/3586/3586
f 3583/3583/3583 3586/3586/3586 3585/3585/3585
f 3329/3329/3329 3331/3331/3331 3332/3332/3332
f 3329/3329/3329 3332/3332/3332 3330/3330/3330
f 3585/3585/3585 3586/3586/3586 3588/3588/3588
f 3585/3585/3585 3588/3588/3588 3587/3587/3587
f 3331/3331/3331 3333/3333/3333 3334/3334/3334
f 3331/3331/3331 3334/3334/3334 3332/3332/3332
f 3587/3587/3587 3588/3588/3588 3590/3590/3590
f 3587/3587/3587 3590/3590/3590 3589/3589/3589
f 3333/3333/3333 3335/3335/3335 3336/3336/3336
f 3333/3333/3333 3336/3336/3336 3334/3334/3334
f 3589/3589/3589 3590/3590/3590 3592/3592/3592
f 3589/3589/3589 3592/3592/3592 3591/3591/3591
f 3593/3593/3593 3601/3601/3601 3602/3602/3602
f 3593/3593/3593 3602/3602/3602 3594/3594/3594
f 3594/3594/3594 3602/3602/3602 3603/3603/3603
f 3594/3594/3594 3603/3603/3603 3595/3595/3595
f 3595/3595/3595 3603/3603/3603 3604/3604/3604
f 3595/3595/3595 3604/3604/3604 3596/3596/3596
f 3596/3596/3596 3604/3604/3604 3605/3605/3605
f 3596/3596/3596 3605/3605/3605 3597/3597/3597
f 3597/3597/3597 3605/3605/3605 3606/3606/3606
f 3597/3597/3597 3606/3606/3606 3598/3598/3598
f 3598/3598/3598 3606/3606/3606 3607/3607/3607
f 3598/3598/3598 3607/3607/3607 3599/3599/3599
f 3599/3599/3599 3607/3607/3607 3608/3608/3608
f 3599/3599/3599 3608/3608/3608 3600/3600/3600
f 3600/3600/3600 3608/3608/3608 3601/3601/3601
f 3600/3600/3600 3601/3601/3601 3593/3593/3593
f 3601/3601/3601 3609/3609/3609 3610/3610/3610
f 3601/3601/3601 3610/3610/3610 3602/3602/3602
f 3602/3602/3602 3610/3610/3610 3611/3611/3611
f 3602/3602/3602 3611/3611/3611 3603/3603/3603
f 3603/3603/3603 3611/3611/3611 3612/3612/3612
f 3603/3603/3603 3612/3612/3612 3604/3604/3604
f 3604/3604/3604 3612/3612/3612 3613/3613/3613
f 3604/3604/3604 3613/3613/3613 3605/3605/3605
f 3605/3605/3605 3613/3613/3613 3614/3614/3614
f 3605/3605/3605 3614/3614/3614 3606/3606/3606
f 3606/3606/3606 3614/3614/3614 3615/3615/3615
f 3606/3606/3606 3615/3615/3615 3607/3607/3607
f 3607/3607/3607 3615/3615/3615 3616/3616/3616
f 3607/3607/3607 3616/3616/3616 3608/3608/3608
f 3608/3608/3608 3616/3616/3616 3609/3609/3609
f 3608/3608/3608 3609/3609/3609 3601/3601/3601
f 3609/3609/3609 3617/3617/3617 3618/3618/3618
f 3609/3609/3609 3618/3618/3618 3610/3610/3610
f 3610/3610/3610 3618/3618/3618 3619/3619/3619
f 3610/3610/3610 3619/3619/3619 3611/3611/3611
f 3611/3611/3611 3619/3619/3619 3620/3620/3620
f 3611/3611/3611 3620/3620/3620 3612/3612/3612
f 3612/3612/3612 3620/3620/3620 3621/3621/3621
f 3612/3612/3612 3621/3621/3621 3613/3613/3613
f 3613/3613/3613 3621/3621/3621 3622/3622/3622
f 3613/3613/3613 3622/3622/3622 3614/3614/3614
f 3614/3614/3614 3622/3622/3622 3623/3623/3623
f 3614/3614/3614 3623/3623/3623 3615/3615/3615
f 3615/3615/3615 3623/3623/3623 3624/3624/3624
f 3615/3615/3615 3624/3624/3624 3616/3616/3616
f 3616/3616/3616 3624/3624/3624 3617/3617/3617
f 3616/3616/3616 3617/3617/3617 3609/3609/3609
f 3617/3617/3617 3625/3625/3625 3626/3626/3626
f 3617/3617/3617 3626/3626/3626 3618/3618/3618
f 3618/3618/3618 3626/3626/3626 3627/3627/3627
f 3618/3618/3618 3627/3627/3627 3619/3619/3619
f 3619/3619/3619 3627/3627/3627 3628/3628/3628
f 3619/3619/3619 3628/3628/3628 3620/3620/3620
f 3620/3620/3620 3628/3628/3628 3629/3629/3629
f 3620/3620/3620 3629/3629/3629 3621/3621/3621
f 3621/3621/3621 3629/3629/3629 3630/3630/3630
f 3621/3621/3621 3630/3630/3630 3622/3622/3622
f 3622/3622/3622 3630/3630/3630 3631/3631/3631
f 3622/3622/3622 3631/3631/3631 3623/3623/3623
f 3623/3623/3623 3631/3631/3631 3632/3632/3632
f 3623/3623/3623 3632/3632/3632 3624/3624/3624
f 3624/3624/3624 3632/3632/3632 3625/3625/3625
f 3624/3624/3624 3625/3625/3625 3617/3617/3617
f 3633/3633/3633 3665/3665/3665 3667/3667/3667
f 3633/3633/3633 3667/3667/3667 3635/3635/3635
f 3634/3634/3634 3636/3636/3636 3668/3668/3668
f 3634/3634/3634 3668/3668/3668 3666/3666/3666
f 3635/3635/3635 3667/3667/3667 3669/3669/3669
f 3635/3635/3635 3669/3669/3669 3637/3637/3637
f 3636/3636/3636 3638/3638/3638 3670/3670/3670
f 3636/3636/3636 3670/3670/3670 3668/3668/3668
f 3637/3637/3637 3669/3669/3669 3671/3671/3671
f 3637/3637/3637 3671/3671/3671 3639/3639/3639
f 3638/3638/3638 3640/3640/3640 3672/3672/3672
f 3638/3638/3638 3672/3672/3672 3670/3670/3670
f 3639/3639/3639 3671/3671/3671 3673/3673/3673
f 3639/3639/3639 3673/3673/3673 3641/3641/3641
f 3640/3640/3640 3642/3642/3642 3674/3674/3674
f 3640/3640/3640 3674/3674/3674 3672/3672/3672
f 3641/3641/3641 3673/3673/3673 3675/3675/3675
f 3641/3641/3641 3675/3675/3675 3643/3643/3643
f 3642/3642/3642 3644/3644/3644 3676/3676/3676
f 3642/3642/3642 3676/3676/3676 3674/3674/3674
f 3643/3643/3643 3675/3675/3675 3677/3677/3677
f 3643/3643/3643 3677/3677/3677 3645/3645/3645
f 3644/3644/3644 3646/3646/3646 3678/3678/3678
f 3644/3644/3644 3678/3678/3678 3676/3676/3676
f 3645/3645/3645 3677/3677/3677 3679/3679/3679
f 3645/3645/3645 3679/3679/3679 3647/3647/3647
f 3646/3646/3646 3648/3648/3648 3680/3680/3680
f 3646/3646/3646 3680/3680/3680 3678/3678/3678
f 3647/3647/3647 3679/3679/3679 3681/3681/3681
f 3647/3647/3647 3681/3681/3681 3649/3649/3649
f 3648/3648/3648 3650/3650/3650 3682/3682/3682
f 3648/3648/3648 3682/3682/3682 3680/3680/3680
f 3649/3649/3649 3681/3681/3681 3683/3683/3683
f 3649/3649/3649 3683/3683/3683 3651/3651/3651
f 3650/3650/3650 3652/3652/3652 3684/3684/3684
f 3650/3650/3650 3684/3684/3684 3682/3682/3682
f 3651/3651/3651 3683/3683/3683 3685/3685/3685
f 3651/3651/3651 3685/3685/3685 3653/3653/3653
f 3652/3652/3652 3654/3654/3654 3686/3686/3686
f 3652/3652/3652 3686/3686/3686 3684/3684/3684
f 3653/3653/3653 3685/3685/3685 3687/3687/3687
f 3653/3653/3653 3687/3687/3687 3655/3655/3655
f 3654/3654/3654 3656/3656/3656 3688/3688/3688
f 3654/3654/3654 3688/3688/3688 3686/3686/3686
f 3655/3655/3655 3687/3687/3687 3689/3689/3689
f 3655/3655/3655 3689/3689/3689 3657/3657/3657
f 3656/3656/3656 3658/3658/3658 3690/3690/3690
f 3656/3656/3656 3690/3690/3690 3688/3688/3688
f 3657/3657/3657 3689/3689/3689 3691/3691/3691
f 3657/3657/3657 3691/3691/3691 3659/3659/3659
f 3658/3658/3658 3660/3660/3660 3692/3692/3692
f 3658/3658/3658 3692/3692/3692 3690/3690/3690
f 3659/3659/3659 3691/3691/3691 3693/3693/3693
f 3659/3659/3659 3693/3693/3693 3661/3661/3661
f 3660/3660/3660 3662/3662/3662 3694/3694/3694
f 3660/3660/3660 3694/3694/3694 3692/3692/3692
f 3661/3661/3661 3693/3693/3693 3695/3695/3695
f 3661/3661/3661 3695/3695/3695 3663/3663/3663
f 3662/3662/3662 3664/3664/3664 3696/3696/3696
f 3662/3662/3662 3696/3696/3696 3694/3694/3694
f 3665/3665/3665 3697/3697/3697 3699/3699/3699
f 3665/3665/3665 3699/3699/3699 3667/3667/3667
f 3666/3666/3666 3668/3668/3668 3700/3700/3700
f 3666/3666/3666 3700/3700/3700 3698/3698/3698
f 3667/3667/3667 3699/3699/3699 3701/3701/3701
f 3667/3667/3667 3701/3701/3701 3669/3669/3669
f 3668/3668/3668 3670/3670/3670 3702/3702/3702
f 3668/3668/3668 3702/3702/3702 3700/3700/3700
f 3669/3669/3669 3701/3701/3701 3703/3703/3703
f 3669/3669/3669 3703/3703/3703 3671/3671/3671
f 3670/3670/3670 3672/3672/3672 3704/3704/3704
f 3670/3670/3670 3704/3704/3704 3702/3702/3702
f 3671/3671/3671 3703/3703/3703 3705/3705/3705
f 3671/3671/3671 3705/3705/3705 3673/3673/3673
f 3672/3672/3672 3674/3674/3674 3706/3706/3706
f 3672/3672/3672 3706/3706/3706 3704/3704/3704
f 3673/3673/3673 3705/3705/3705 3707/3707/3707
f 3673/3673/3673 3707/3707/3707 3675/3675/3675
f 3674/3674/3674 3676/3676/3676 3708/3708/3708
f 3674/3674/3674 3708/3708/3708 3706/3706/3706
f 3675/3675/3675 3707/3707/3707 3709/3709/3709
f 3675/3675/3675 3709/3709/3709 3677/3677/3677
f 3676/3676/3676 3678/3678/3678 3710/3710/3710
f 3676/3676/3676 3710/3710/3710 3708/3708/3708
f 3677/3677/3677 3709/3709/3709 3711/3711/3711
f 3677/3677/3677 3711/3711/3711 3679/3679/3679
f 3678/3678/3678 3680/3680/3680 3712/3712/3712
f 3678/3678/3678 3712/3712/3712 3710/3710/3710
f 3679/3679/3679 3711/3711/3711 3713/3713/3713
f 3679/3679/3679 3713/3713/3713 3681/3681/3681
f 3680/3680/3680 3682/3682/3682 3714/3714/3714
f 3680/3680/3680 3714/3714/3714 3712/3712/3712
f 3681/3681/3681 3713/3713/3713 3715/3715/3715
f 3681/3681/3681 3715/3715/3715 3683/3683/3683
f 3682/3682/3682 3684/3684/3684 3716/3716/3716
f 3682/3682/3682 3716/3716/3716 3714/3714/3714
f 3683/3683/3683 3715/3715/3715 3717/3717/3717
f 3683/3683/3683 3717/3717/3717 3685/3685/3685
f 3684/3684/3684 3686/3686/3686 3718/3718/3718
f 3684/3684/3684 3718/3718/3718 3716/3716/3716
f 3685/3685/3685 3717/3717/3717 3719/3719/3719
f 3685/3685/3685 3719/3719/3719 3687/3687/3687
f 3686/3686/3686 3688/3688/3688 3720/3720/3720
f 3686/3686/3686 3720/3720/3720 3718/3718/3718
f 3687/3687/3687 3719/3719/3719 3721/3721/3721
f 3687/3687/3687 3721/3721/3721 3689/3689/3689
f 3688/3688/3688 3690/3690/3690 3722/3722/3722
f 3688/3688/3688 3722/3722/3722 3720/3720/3720
f 3689/3689/3689 3721/3721/3721 3723/3723/3723
f 3689/3689/3689 3723/3723/3723 3691/3691/3691
f 3690/3690/3690 3692/3692/3692 3724/3724/3724
f 3690/3690/3690 3724/3724/3724 3722/3722/3722
f 3691/3691/3691 3723/3723/3723 3725/3725/3725
f 3691/3691/3691 3725/3725/3725 3693/3693/3693
f 3692/3692/3692 3694/3694/3694 3726/3726/3726
f 3692/3692/3692 3726/3726/3726 3724/3724/3724
f 3693/3693/3693 3725/3725/3725 3727/3727/3727
f 3693/3693/3693 3727/3727/3727 3695/3695/3695
f 3694/3694/3694 3696/3696/3696 3728/3728/3728
f 3694/3694/3694 3728/3728/3728 3726/3726/3726
f 3697/3697/3697 3729/3729/3729 3731/3731/3731
f 3697/3697/3697 3731/3731/3731 3699/3699/3699
f 3698/3698/3698 3700/3700/3700 3732/3732/3732
f 3698/3698/3698 3732/3732/3732 3730/3730/3730
f 3699/3699/3699 3731/3731/3731 3733/3733/3733
f 3699/3699/3699 3733/3733/3733 3701/3701/3701
f 3700/3700/3700 3702/3702/3702 3734/3734/3734
f 3700/3700/3700 3734/3734/3734 3732/3732/3732
f 3701/3701/3701 3733/3733/3733 3735/3735/3735
f 3701/3701/3701 3735/3735/3735 3703/3703/3703
f 3702/3702/3702 3704/3704/3704 3736/3736/3736
f 3702/3702/3702 3736/3736/3736 3734/3734/3734
f 3703/3703/3703 3735/3735/3735 3737/3737/3737
f 3703/3703/3703 3737/3737/3737 3705/3705/3705
f 3704/3704/3704 3706/3706/3706 3738/3738/3738
f 3704/3704/3704 3738/3738/3738 3736/3736/3736
f 3705/3705/3705 3737/3737/3737 3739/3739/3739
f 3705/3705/3705 3739/3739/3739 3707/3707/3707
f 3706/3706/3706 3708/3708/3708 3740/3740/3740
f 3706/3706/3706 3740/3740/3740 3738/3738/3738
f 3707/3707/3707 3739/3739/3739 3741/3741/3741
f 3707/3707/3707 3741/3741/3741 3709/3709/3709
f 3708/3708/3708 3710/3710/3710 3742/3742/3742
f 3708/3708/3708 3742/3742/3742 3740/3740/3740
f 3709/3709/3709 3741/3741/3741 3743/3743/3743
f 3709/3709/3709 3743/3743/3743 3711/3711/3711
f 3710/3710/3710 3712/3712/3712 3744/3744/3744
f 3710/3710/3710 3744/3744/3744 3742/3742/3742
f 3711/3711/3711 3743/3743/3743 3745/3745/3745
f 3711/3711/3711 3745/3745/3745 3713/3713/3713
f 3712/3712/3712 3714/3714/3714 3746/3746/3746
f 3712/3712/3712 3746/3746/3746 3744/3744/3744
f 3713/3713/3713 3745/3745/3745 3747/3747/3747
f 3713/3713/3713 3747/3747/3747 3715/3715/3715
f 3714/3714/3714 3716/3716/3716 3748/3748/3748
f 3714/3714/3714 3748/3748/3748 3746/3746/3746
f 3715/3715/3715 3747/3747/3747 3749/3749/3749
f 3715/3715/3715 3749/3749/3749 3717/3717/3717
f 3716/3716/3716 3718/3718/3718 3750/3750/3750
f 3716/3716/3716 3750/3750/3750 3748/3748/3748
f 3717/3717/3717 3749/3749/3749 3751/3751/3751
f 3717/3717/3717 3751/3751/3751 3719/3719/3719
f 3718/3718/3718 3720/3720/3720 3752/3752/3752
f 3718/3718/3718 3752/3752/3752 3750/3750/3750
f 3719/3719/3719 3751/3751/3751 3753/3753/3753
f 3719/3719/3719 3753/3753/3753 3721/3721/3721
f 3720/3720/3720 3722/3722/3722 3754/3754/3754
f 3720/3720/3720 3754/3754/3754 3752/3752/3752
f 3721/3721/3721 3753/3753/3753 3755/3755/3755
f 3721/3721/3721 3755/3755/3755 3723/3723/3723
f 3722/3722/3722 3724/3724/3724 3756/3756/3756
f 3722/3722/3722 3756/3756/3756 3754/3754/3754
f 3723/3723/3723 3755/3755/3755 3757/3757/3757
f 3723/3723/3723 3757/3757/3757 3725/3725/3725
f 3724/3724/3724 3726/3726/3726 3758/3758/3758
f 3724/3724/3724 3758/3758/3758 3756/3756/3756
f 3725/3725/3725 3757/3757/3757 3759/3759/3759
f 3725/3725/3725 3759/3759/3759 3727/3727/3727
f 3726/3726/3726 3728/3728/3728 3760/3760/3760
f 3726/3726/3726 3760/3760/3760 3758/3758/3758
f 3729/3729/3729 3761/3761/3761 3763/3763/3763
f 3729/3729/3729 3763/3763/3763 3731/3731/3731
f 3730/3730/3730 3732/3732/3732 3764/3764/3764
f 3730/3730/3730 3764/3764/3764 3762/3762/3762
f 3731/3731/3731 3763/3763/3763 3765/3765/3765
f 3731/3731/3731 3765/3765/3765 3733/3733/3733
f 3732/3732/3732 3734/3734/3734 3766/3766/3766
f 3732/3732/3732 3766/3766/3766 3764/3764/3764
f 3733/3733/3733 3765/3765/3765 3767/3767/3767
f 3733/3733/3733 3767/3767/3767 3735/3735/3735
f 3734/3734/3734 3736/3736/3736 3768/3768/3768
f 3734/3734/3734 3768/3768/3768 3766/3766/3766
f 3735/3735/3735 3767/3767/3767 3769/3769/3769
f 3735/3735/3735 3769/3769/3769 3737/3737/3737
f 3736/3736/3736 3738/3738/3738 3770/3770/3770
f 3736/3736/3736 3770/3770/3770 3768/3768/3768
f 3737/3737/3737 3769/3769/3769 3771/3771/3771
f 3737/3737/3737 3771/3771/3771 3739/3739/3739
f 3738/3738/3738 3740/3740/3740 3772/3772/3772
f 3738/3738/3738 3772/3772/3772 3770/3770/3770
f 3739/3739/3739 3771/3771/3771 3773/3773/3773
f 3739/3739/3739 3773/3773/3773 3741/3741/3741
f 3740/3740/3740 3742/3742/3742 3774/3774/3774
f 3740/3740/3740 3774/3774/3774 3772/3772/3772
f 3741/3741/3741 3773/3773/3773 3775/3775/3775
f 3741/3741/3741 3775/3775/3775 3743/3743/3743
f 3742/3742/3742 3744/3744/3744 3776/3776/3776
f 3742/3742/3742 3776/3776/3776 3774/3774/3774
f 3743/3743/3743 3775/3775/3775 3777/3777/3777
f 3743/3743/3743 3777/3777/3777 3745/3745/3745
f 3744/3744/3744 3746/3746/3746 3778/3778/3778
f 3744/3744/3744 3778/3778/3778 3776/3776/3776
f 3745/3745/3745 3777/3777/3777 3779/3779/3779
f 3745/3745/3745 3779/3779/3779 3747/3747/3747
f 3746/3746/3746 3748/3748/3748 3780/3780/3780
f 3746/3746/3746 3780/3780/3780 3778/3778/3778
f 3747/3747/3747 3779/3779/3779 3781/3781/3781
f 3747/3747/3747 3781/3781/3781 3749/3749/3749
f 3748/3748/3748 3750/3750/3750 3782/3782/3782
f 3748/3748/3748 3782/3782/3782 3780/3780/3780
f 3749/3749/3749 3781/3781/3781 3783/3783/3783
f 3749/3749/3749 3783/3783/3783 3751/3751/3751
f 3750/3750/3750 3752/3752/3752 3784/3784/3784
f 3750/3750/3750 3784/3784/3784 3782/3782/3782
f 3751/3751/3751 3783/3783/3783 3785/3785/3785
f 3751/3751/3751 3785/3785/3785 3753/3753/3753
f 3752/3752/3752 3754/3754/3754 3786/3786/3786
f 3752/3752/3752 3786/3786/3786 3784/3784/3784
f 3753/3753/3753 3785/3785/3785 3787/3787/3787
f 3753/3753/3753 3787/3787/3787 3755/3755/3755
f 3754/3754/3754 3756/3756/3756 3788/3788/3788
f 3754/3754/3754 3788/3788/3788 3786/3786/3786
f 3755/3755/3755 3787/3787/3787 3789/3789/3789
f 3755/3755/3755 3789/3789/3789 3757/3757/3757
f 3756/3756/3756 3758/3758/3758 3790/3790/3790
f 3756/3756/3756 3790/3790/3790 3788/3788/3788
f 3757/3757/3757 3789/3789/3789 3791/3791/3791
f 3757/3757/3757 3791/3791/3791 3759/3759/3759
f 3758/3758/3758 3760/3760/3760 3792/3792/3792
f 3758/3758/3758 3792/3792/3792 3790/3790/3790
f 3761/3761/3761 3793/3793/3793 3795/3795/3795
f 3761/3761/3761 3795/3795/3795 3763/3763/3763
f 3762/3762/3762 3764/3764/3764 3796/3796/3796
f 3762/3762/3762 3796/3796/3796 3794/3794/3794
f 3763/3763/3763 3795/3795/3795 3797/3797/3797
f 3763/3763/3763 3797/3797/3797 3765/3765/3765
f 3764/3764/3764 3766/3766/3766 3798/3798/3798
f 3764/3764/3764 3798/3798/3798 3796/3796/3796
f 3765/3765/3765 3797/3797/3797 3799/3799/3799
f 3765/3765/3765 3799/3799/3799 3767/3767/3767
f 3766/3766/3766 3768/3768/3768 3800/3800/3800
f 3766/3766/3766 3800/3800/3800 3798/3798/3798
f 3767/3767/3767 3799/3799/3799 3801/3801/3801
f 3767/3767/3767 3801/3801/3801 3769/3769/3769
f 3768/3768/3768 3770/3770/3770 3802/3802/3802
f 3768/3768/3768 3802/3802/3802 3800/3800/3800
f 3769/3769/3769 3801/3801/3801 3803/3803/3803
f 3769/3769/3769 3803/3803/3803 3771/3771/3771
f 3770/3770/3770 3772/3772/3772 3804/3804/3804
f 3770/3770/3770 3804/3804/3804 3802/3802/3802
f 3771/3771/3771 3803/3803/3803 3805/3805/3805
f 3771/3771/3771 3805/3805/3805 3773/3773/3773
f 3772/3772/3772 3774/3774/3774 3806/3806/3806
f 3772/3772/3772 3806/3806/3806 3804/3804/3804
f 3773/3773/3773 3805/3805/3805 3807/3807/3807
f 3773/3773/3773 3807/3807/3807 3775/3775/3775
f 3774/3774/3774 3776/3776/3776 3808/3808/3808
f 3774/3774/3774 3808/3808/3808 3806/3806/3806
f 3775/3775/3775 3807/3807/3807 3809/3809/3809
f 3775/3775/3775 3809/3809/3809 3777/3777/3777
f 3776/3776/3776 3778/3778/3778 3810/3810/3810
f 3776/3776/3776 3810/3810/3810 3808/3808/3808
f 3777/3777/3777 3809/3809/3809 3811/3811/3811
f 3777/3777/3777 3811/3811/3811 3779/3779/3779
f 3778/3778/3778 3780/3780/3780 3812/3812/3812
f 3778/3778/3778 3812/3812/3812 3810/3810/3810
f 3779/3779/3779 3811/3811/3811 3813/3813/3813
f 3779/3779/3779 3813/3813/3813 3781/3781/3781
f 3780/3780/3780 3782/3782/3782 3814/3814/3814
f 3780/3780/3780 3814/3814/3814 3812/3812/3812
f 3781/3781/3781 3813/3813/3813 3815/3815/3815
f 3781/3781/3781 3815/3815/3815 3783/3783/3783
f 3782/3782/3782 3784/3784/3784 3816/3816/3816
f 3782/3782/3782 3816/3816/3816 3814/3814/3814
f 3783/3783/3783 3815/3815/3815 3817/3817/3817
f 3783/3783/3783 3817/3817/3817 3785/3785/3785
f 3784/3784/3784 3786/3786/3786 3818/3818/3818
f 3784/3784/3784 3818/3818/3818 3816/3816/3816
f 3785/3785/3785 3817/3817/3817 3819/3819/3819
f 3785/3785/3785 3819/3819/3819 3787/3787/3787
f 3786/3786/3786 3788/3788/3788 3820/3820/3820
f 3786/3786/3786 3820/3820/3820 3818/3818/3818
f 3787/3787/3787 3819/3819/3819 3821/3821/3821
f 3787/3787/3787 3821/3821/3821 3789/3789/3789
f 3788/3788/3788 3790/3790/3790 3822/3822/3822
f 3788/3788/3788 3822/3822/3822 3820/3820/3820
f 3789/3789/3789 3821/3821/3821 3823/3823/3823
f 3789/3789/3789 3823/3823/3823 3791/3791/3791
f 3790/3790/3790 3792/3792/3792 3824/3824/3824
f 3790/3790/3790 3824/3824/3824 3822/3822/3822
f 3793/3793/3793 3825/3825/3825 3827/3827/3827
f 3793/3793/3793 3827/3827/3827 3795/3795/3795
f 3794/3794/3794 3796/3796/3796 3828/3828/3828
f 3794/3794/3794 3828/3828/3828 3826/3826/3826
f 3795/3795/3795 3827/3827/3827 3829/3829/3829
f 3795/3795/3795 3829/3829/3829 3797/3797/3797
f 3796/3796/3796 3798/3798/3798 3830/3830/3830
f 3796/3796/3796 3830/3830/3830 3828/3828/3828
f 3797/3797/3797 3829/3829/3829 3831/3831/3831
f 3797/3797/3797 3831/3831/3831 3799/3799/3799
f 3798/3798/3798 3800/3800/3800 3832/3832/3832
f 3798/3798/3798 3832/3832/3832 3830/3830/3830
f 3799/3799/3799 3831/3831/3831 3833/3833/3833
f 3799/3799/3799 3833/3833/3833 3801/3801/3801
f 3800/3800/3800 3802/3802/3802 3834/3834/3834
f 3800/3800/3800 3834/3834/3834 3832/3832/3832
f 3801/3801/3801 3833/3833/3833 3835/3835/3835
f 3801/3801/3801 3835/3835/3835 3803/3803/3803
f 3802/3802/3802 3804/3804/3804 3836/3836/3836
f 3802/3802/3802 3836/3836/3836 3834/3834/3834
f 3803/3803/3803 3835/3835/3835 3837/3837/3837
f 3803/3803/3803 3837/3837/3837 3805/3805/3805
f 3804/3804/3804 3806/3806/3806 3838/3838/3838
f 3804/3804/3804 3838/3838/3838 3836/3836/3836
f 3805/3805/3805 3837/3837/3837 3839/3839/3839
f 3805/3805/3805 3839/3839/3839 3807/3807/3807
f 3806/3806/3806 3808/3808/3808 3840/3840/3840
f 3806/3806/3806 3840/3840/3840 3838/3838/3838
f 3807/3807/3807 3839/3839/3839 3841/3841/3841
f 3807/3807/3807 3841/3841/3841 3809/3809/3809
f 3808/3808/3808 3810/3810/3810 3842/3842/3842
f 3808/3808/3808 3842/3842/3842 3840/3840/3840
f 3809/3809/3809 3841/3841/3841 3843/3843/3843
f 3809/3809/3809 3843/3843/3843 3811/3811/3811
f 3810/3810/3810 3812/3812/3812 3844/3844/3844
f 3810/3810/3810 3844/3844/3844 3842/3842/3842
f 3811/3811/3811 3843/3843/3843 3845/3845/3845
f 3811/3811/3811 3845/3845/3845 3813/3813/3813
f 3812/3812/3812 3814/3814/3814 3846/3846/3846
f 3812/3812/3812 3846/3846/3846 3844/3844/3844
f 3813/3813/3813 3845/3845/3845 3847/3847/3847
f 3813/3813/3813 3847/3847/3847 3815/3815/3815
f 3814/3814/3814 3816/3816/3816 3848/3848/3848
f 3814/3814/3814 3848/3848/3848 3846/3846/3846
f 3815/3815/3815 3847/3847/3847 3849/3849/3849
f 3815/3815/3815 3849/3849/3849 3817/3817/3817
f 3816/3816/3816 3818/3818/3818 3850/3850/3850
f 3816/3816/3816 3850/3850/3850 3848/3848/3848
f 3817/3817/3817 3849/3849/3849 3851/3851/3851
f 3817/3817/3817 3851/3851/3851 3819/3819/3819
f 3818/3818/3818 3820/3820/3820 3852/3852/3852
f 3818/3818/3818 3852/3852/3852 3850/3850/3850
f 3819/3819/3819 3851/3851/3851 3853/3853/3853
f 3819/3819/3819 3853/3853/3853 3821/3821/3821
f 3820/3820/3820 3822/3822/3822 3854/3854/3854
f 3820/3820/3820 3854/3854/3854 3852/3852/3852
f 3821/3821/3821 3853/3853/3853 3855/3855/3855
f 3821/3821/3821 3855/3855/3855 3823/3823/3823
f 3822/3822/3822 3824/3824/3824 3856/3856/3856
f 3822/3822/3822 3856/3856/3856 3854/3854/3854
f 3825/3825/3825 3857/3857/3857 3859/3859/3859
f 3825/3825/3825 3859/3859/3859 3827/3827/3827
f 3826/3826/3826 3828/3828/3828 3860/3860/3860
f 3826/3826/3826 3860/3860/3860 3858/3858/3858
f 3827/3827/3827 3859/3859/3859 3861/3861/3861
f 3827/3827/3827 3861/3861/3861 3829/3829/3829
f 3828/3828/3828 3830/3830/3830 3862/3862/3862
f 3828/3828/3828 3862/3862/3862 3860/3860/3860
f 3829/3829/3829 3861/3861/3861 3863/3863/3863
f 3829/3829/3829 3863/3863/3863 3831/3831/3831
f 3830/3830/3830 3832/3832/3832 3864/3864/3864
f 3830/3830/3830 3864/3864/3864 3862/3862/3862
f 3831/3831/3831 3863/3863/3863 3865/3865/3865
f 3831/3831/3831 3865/3865/3865 3833/3833/3833
f 3832/3832/3832 3834/3834/3834 3866/3866/3866
f 3832/3832/3832 3866/3866/3866 3864/3864/3864
f 3833/3833/3833 3865/3865/3865 3867/3867/3867
f 3833/3833/3833 3867/3867/3867 3835/3835/3835
f 3834/3834/3834 3836/3836/3836 3868/3868/3868
f 3834/3834/3834 3868/3868/3868 3866/3866/3866
f 3835/3835/3835 3867/3867/3867 3869/3869/3869
f 3835/3835/3835 3869/3869/3869 3837/3837/3837
f 3836/3836/3836 3838/3838/3838 3870/3870/3870
f 3836/3836/3836 3870/3870/3870 3868/3868/3868
f 3837/3837/3837 3869/3869/3869 3871/3871/3871
f 3837/3837/3837 3871/3871/3871 3839/3839/3839
f 3838/3838/3838 3840/3840/3840 3872/3872/3872
f 3838/3838/3838 3872/3872/3872 3870/3870/3870
f 3839/3839/3839 3871/3871/3871 3873/3873/3873
f 3839/3839/3839 3873/3873/3873 3841/3841/3841
f 3840/3840/3840 3842/3842/3842 3874/3874/3874
f 3840/3840/3840 3874/3874/3874 3872/3872/3872
f 3841/3841/3841 3873/3873/3873 3875/3875/3875
f 3841/3841/3841 3875/3875/3875 3843/3843/3843
f 3842/3842/3842 3844/3844/3844 3876/3876/3876
f 3842/3842/3842 3876/3876/3876 3874/3874/3874
f 3843/3843/3843 3875/3875/3875 3877/3877/3877
f 3843/3843/3843 3877/3877/3877 3845/3845/3845
f 3844/3844/3844 3846/3846/3846 3878/3878/3878
f 3844/3844/3844 3878/3878/3878 3876/3876/3876
f 3845/3845/3845 3877/3877/3877 3879/3879/3879
f 3845/3845/3845 3879/3879/3879 3847/3847/3847
f 3846/3846/3846 3848/3848/3848 3880/3880/3880
f 3846/3846/3846 3880/3880/3880 3878/3878/3878
f 3847/3847/3847 3879/3879/3879 3881/3881/3881
f 3847/3847/3847 3881/3881/3881 3849/3849/3849
f 3848/3848/3848 3850/3850/3850 3882/3882/3882
f 3848/3848/3848 3882/3882/3882 3880/3880/3880
f 3849/3849/3849 3881/3881/3881 3883/3883/3883
f 3849/3849/3849 3883/3883/3883 3851/3851/3851
f 3850/3850/3850 3852/3852/3852 3884/3884/3884
f 3850/3850/3850 3884/3884/3884 3882/3882/3882
f 3851/3851/3851 3883/3883/3883 3885/3885/3885
f 3851/3851/3851 3885/3885/3885 3853/3853/3853
f 3852/3852/3852 3854/3854/3854 3886/3886/3886
f 3852/3852/3852 3886/3886/3886 3884/3884/3884
f 3853/3853/3853 3885/3885/3885 3887/3887/3887
f 3853/3853/3853 3887/3887/3887 3855/3855/3855
f 3854/3854/3854 3856/3856/3856 3888/3888/3888
f 3854/3854/3854 3888/3888/3888 3886/3886/3886
f 3857/3857/3857 3889/3889/3889 3891/3891/3891
f 3857/3857/3857 3891/3891/3891 3859/3859/3859
f 3858/3858/3858 3860/3860/3860 3892/3892/3892
f 3858/3858/3858 3892/3892/3892 3890/3890/3890
f 3859/3859/3859 3891/3891/3891 3893/3893/3893
f 3859/3859/3859 3893/3893/3893 3861/3861/3861
f 3860/3860/3860 3862/3862/3862 3894/3894/3894
f 3860/3860/3860 3894/3894/3894 3892/3892/3892
f 3861/3861/3861 3893/3893/3893 3895/3895/3895
f 3861/3861/3861 3895/3895/3895 3863/3863/3863
f 3862/3862/3862 3864/3864/3864 3896/3896/3896
f 3862/3862/3862 3896/3896/3896 3894/3894/3894
f 3863/3863/3863 3895/3895/3895 3897/3897/3897
f 3863/3863/3863 3897/3897/3897 3865/3865/3865
f 3864/3864/3864 3866/3866/3866 3898/3898/3898
f 3864/3864/3864 3898/3898/3898 3896/3896/3896
f 3865/3865/3865 3897/3897/3897 3899/3899/3899
f 3865/3865/3865 3899/3899/3899 3867/3867/3867
f 3866/3866/3866 3868/3868/3868 3900/3900/3900
f 3866/3866/3866 3900/3900/3900 3898/3898/3898
f 3867/3867/3867 3899/3899/3899 3901/3901/3901
f 3867/3867/3867 3901/3901/3901 3869/3869/3869
f 3868/3868/3868 3870/3870/3870 3902/3902/3902
f 3868/3868/3868 3902/3902/3902 3900/3900/3900
f 3869/3869/3869 3901/3901/3901 3903/3903/3903
f 3869/3869/3869 3903/3903/3903 3871/3871/3871
f 3870/3870/3870 3872/3872/3872 3904/3904/3904
f 3870/3870/3870 3904/3904/3904 3902/3902/3902
f 3871/3871/3871 3903/3903/3903 3905/3905/3905
f 3871/3871/3871 3905/3905/3905 3873/3873/3873
f 3872/3872/3872 3874/3874/3874 3906/3906/3906
f 3872/3872/3872 3906/3906/3906 3904/3904/3904
f 3873/3873/3873 3905/3905/3905 3907/3907/3907
f 3873/3873/3873 3907/3907/3907 3875/3875/3875
f 3874/3874/3874 3876/3876/3876 3908/3908/3908
f 3874/3874/3874 3908/3908/3908 3906/3906/3906
f 3875/3875/3875 3907/3907/3907 3909/3909/3909
f 3875/3875/3875 3909/3909/3909 3877/3877/3877
f 3876/3876/3876 3878/3878/3878 3910/3910/3910
f 3876/3876/3876 3910/3910/3910 3908/3908/3908
f 3877/3877/3877 3909/3909/3909 3911/3911/3911
f 3877/3877/3877 3911/3911/3911 3879/3879/3879
f 3878/3878/3878 3880/3880/3880 3912/3912/3912
f 3878/3878/3878 3912/3912/3912 3910/3910/3910
f 3879/3879/3879 3911/3911/3911 3913/3913/3913
f 3879/3879/3879 3913/3913/3913 3881/3881/3881
f 3880/3880/3880 3882/3882/3882 3914/3914/3914
f 3880/3880/3880 3914/3914/3914 3912/3912/3912
f 3881/3881/3881 3913/3913/3913 3915/3915/3915
f 3881/3881/3881 3915/3915/3915 3883/3883/3883
f 3882/3882/3882 3884/3884/3884 3916/3916/3916
f 3882/3882/3882 3916/3916/3916 3914/3914/3914
f 3883/3883/3883 3915/3915/3915 3917/3917/3917
f 3883/3883/3883 3917/3917/3917 3885/3885/3885
f 3884/3884/3884 3886/3886/3886 3918/3918/3918
f 3884/3884/3884 3918/3918/3918 3916/3916/3916
f 3885/3885/3885 3917/3917/3917 3919/3919/3919
f 3885/3885/3885 3919/3919/3919 3887/3887/3887
f 3886/3886/3886 3888/3888/3888 3920/3920/3920
f 3886/3886/3886 3920/3920/3920 3918/3918/3918
f 3633/3633/3633 3634/3634/3634 3666/3666/3666
f 3633/3633/3633 3666/3666/3666 3665/3665/3665
f 3663/3663/3663 3695/3695/3695 3696/3696/3696
f 3663/3663/3663 3696/3696/3696 3664/3664/3664
f 3665/3665/3665 3666/3666/3666 3698/3698/3698
f 3665/3665/3665 3698/3698/3698 3697/3697/3697
f 3695/3695/3695 3727/3727/3727 3728/3728/3728
f 3695/3695/3695 3728/3728/3728 3696/3696/3696
f 3697/3697/3697 3698/3698/3698 3730/3730/3730
f 3697/3697/3697 3730/3730/3730 3729/3729/3729
f 3727/3727/3727 3759/3759/3759 3760/3760/3760
f 3727/3727/3727 3760/3760/3760 3728/3728/3728
f 3729/3729/3729 3730/3730/3730 3762/3762/3762
f 3729/3729/3729 3762/3762/3762 3761/3761/3761
f 3759/3759/3759 3791/3791/3791 3792/3792/3792
f 3759/3759/3759 3792/3792/3792 3760/3760/3760
f 3761/3761/3761 3762/3762/3762 3794/3794/3794
f 3761/3761/3761 3794/3794/3794 3793/3793/3793
f 3791/3791/3791 3823/3823/3823 3824/3824/3824
f 3791/3791/3791 3824/3824/3824 3792/3792/3792
f 3793/3793/3793 3794/3794/3794 3826/3826/3826
f 3793/3793/3793 3826/3826/3826 3825/3825/3825
f 3823/3823/3823 3855/3855/3855 3856/3856/3856
f 3823/3823/3823 3856/3856/3856 3824/3824/3824
f 3825/3825/3825 3826/3826/3826 3858/3858/3858
f 3825/3825/3825 3858/3858/3858 3857/3857/3857
f 3855/3855/3855 3887/3887/3887 3888/3888/3888
f 3855/3855/3855 3888/3888/3888 3856/3856/3856
f 3857/3857/3857 3858/3858/3858 3890/3890/3890
f 3857/3857/3857 3890/3890/3890 3889/3889/3889
f 3887/3887/3887 3919/3919/3919 3920/3920/3920
f 3887/3887/3887 3920/3920/3920 3888/3888/3888
f 3633/3633/3633 3635/3635/3635 3636/3636/3636
f 3633/3633/3633 3636/3636/3636 3634/3634/3634
f 3889/3889/3889 3890/3890/3890 3892/3892/3892
f 3889/3889/3889 3892/3892/3892 3891/3891/3891
f 3635/3635/3635 3637/3637/3637 3638/3638/3638
f 3635/3635/3635 3638/3638/3638 3636/3636/3636
f 3891/3891/3891 3892/3892/3892 3894/3894/3894
f 3891/3891/3891 3894/3894/3894 3893/3893/3893
f 3637/3637/3637 3639/3639/3639 3640/3640/3640
f 3637/3637/3637 3640/3640/3640 3638/3638/3638
f 3893/3893/3893 3894/3894/3894 3896/3896/3896
f 3893/3893/3893 3896/3896/3896 3895/3895/3895
f 3639/3639/3639 3641/3641/3641 3642/3642/3642
f 3639/3639/3639 3642/3642/3642 3640/3640/3640
f 3895/3895/3895 3896/3896/3896 3898/3898/3898
f 3895/3895/3895 3898/3898/3898 3897/3897/3897
f 3641/3641/3641 3643/3643/3643 3644/3644/3644
f 3641/3641/3641 3644/3644/3644 3642/3642/3642
f 3897/3897/3897 3898/3898/3898 3900/3900/3900
f 3897/3897/3897 3900/3900/3900 3899/3899/3899
f 3643/3643/3643 3645/3645/3645 3646/3646/3646
f 3643/3643/3643 3646/3646/3646 3644/3644/3644
f 3899/3899/3899 3900/3900/3900 3902/3902/3902
f 3899/3899/3899 3902/3902/3902 3901/3901/3901
f 3645/3645/3645 3647/3647/3647 3648/3648/3648
f 3645/3645/3645 3648/3648/3648 3646/3646/3646
f 3901/3901/3901 3902/3902/3902 3904/3904/3904
f 3901/3901/3901 3904/3904/3904 3903/3903/3903
f 3647/3647/3647 3649/3649/3649 3650/3650/3650
f 3647/3647/3647 3650/3650/3650 3648/3648/3648
f 3903/3903/3903 3904/3904/3904 3906/3906/3906
f 3903/3903/3903 3906/3906/3906 3905/3905/3905
f 3649/3649/3649 3651/3651/3651 3652/3652/3652
f 3649/3649/3649 3652/3652/3652 3650/3650/3650
f 3905/3905/3905 3906/3906/3906 3908/3908/3908
f 3905/3905/3905 3908/3908/3908 3907/3907/3907
f 3651/3651/3651 3653/3653/3653 3654/3654/3654
f 3651/3651/3651 3654/3654/3654 3652/3652/3652
f 3907/3907/3907 3908/3908/3908 3910/3910/3910
f 3907/3907/3907 3910/3910/3910 3909/3909/3909
f 3653/3653/3653 3655/3655/3655 3656/3656/3656
f 3653/3653/3653 3656/3656/3656 3654/3654/3654
f 3909/3909/3909 3910/3910/3910 3912/3912/3912
f 3909/3909/3909 3912/3912/3912 3911/3911/3911
f 3655/3655/3655 3657/3657/3657 3658/3658/3658
f 3655/3655/3655 3658/3658/3658 3656/3656/3656
f 3911/3911/3911 3912/3912/3912 3914/3914/3914
f 3911/3911/3911 3914/3914/3914 3913/3913/3913
f 3657/3657/3657 3659/3659/3659 3660/3660/3660
f 3657/3657/3657 3660/3660/3660 3658/3658/3658
f 3913/3913/3913 3914/3914/3914 3916/3916/3916
f 3913/3913/3913 3916/3916/3916 3915/3915/3915
f 3659/3659/3659 3661/3661/3661 3662/3662/3662
f 3659/3659/3659 3662/3662/3662 3660/3660/3660
f 3915/3915/3915 3916/3916/3916 3918/3918/3918
f 3915/3915/3915 3918/3918/3918 3917/3917/3917
f 3661/3661/3661 3663/3663/3663 3664/3664/3664
f 3661/3661/3661 3664/3664/3664 3662/3662/3662
f 3917/3917/3917 3918/3918/3918 3920/3920/3920
f 3917/3917/3917 3920/3920/3920 3919/3919/3919
f 3921/3921/3921 3929/3929/3929 3930/3930/3930
f 3921/3921/3921 3930/3930/3930 3922/3922/3922
f 3922/3922/3922 3930/3930/3930 3931/3931/3931
f 3922/3922/3922 3931/3931/3931 3923/3923/3923
f 3923/3923/3923 3931/3931/3931 3932/3932/3932
f 3923/3923/3923 3932/3932/3932 3924/3924/3924
f 3924/3924/3924 3932/3932/3932 3933/3933/3933
f 3924/3924/3924 3933/3933/3933 3925/3925/3925
f 3925/3925/3925 3933/3933/3933 3934/3934/3934
f 3925/3925/3925 3934/3934/3934 3926/3926/3926
f 3926/3926/3926 3934/3934/3934 3935/3935/3935
f 3926/3926/3926 3935/3935/3935 3927/3927/3927
f 3927/3927/3927 3935/3935/3935 3936/3936/3936
f 3927/3927/3927 3936/3936/3936 3928/3928/3928
f 3928/3928/3928 3936/3936/3936 3929/3929/3929
f 3928/3928/3928 3929/3929/3929 3921/3921/3921
f 3929/3929/3929 3937/3937/3937 3938/3938/3938
f 3929/3929/3929 3938/3938/3938 3930/3930/3930
f 3930/3930/3930 3938/3938/3938 3939/3939/3939
f 3930/3930/3930 3939/3939/3939 3931/3931/3931
f 3931/3931/3931 3939/3939/3939 3940/3940/3940
f 3931/3931/3931 3940/3940/3940 3932/3932/3932
f 3932/3932/3932 3940/3940/3940 3941/3941/3941
f 3932/3932/3932 3941/3941/3941 3933/3933/3933
f 3933/3933/3933 3941/3941/3941 3942/3942/3942
f 3933/3933/3933 3942/3942/3942 3934/3934/3934
f 3934/3934/3934 3942/3942/3942 3943/3943/3943
f 3934/3934/3934 3943/3943/3943 3935/3935/3935
f 3935/3935/3935 3943/3943/3943 3944/3944/3944
f 3935/3935/3935 3944/3944/3944 3936/3936/3936
f 3936/3936/3936 3944/3944/3944 3937/3937/3937
f 3936/3936/3936 3937/3937/3937 3929/3929/3929
f 3937/3937/3937 3945/3945/3945 3946/3946/3946
f 3937/3937/3937 3946/3946/3946 3938/3938/3938
f 3938/3938/3938 3946/3946/3946 3947/3947/3947
f 3938/3938/3938 3947/3947/3947 3939/3939/3939
f 3939/3939/3939 3947/3947/3947 3948/3948/3948
f 3939/3939/3939 3948/3948/3948 3940/3940/3940
f 3940/3940/3940 3948/3948/3948 3949/3949/3949
f 3940/3940/3940 3949/3949/3949 3941/3941/3941
f 3941/3941/3941 3949/3949/3949 3950/3950/3950
f 3941/3941/3941 3950/3950/3950 3942/3942/3942
f 3942/3942/3942 3950/3950/3950 3951/3951/3951
f 3942/3942/3942 3951/3951/3951 3943/3943/3943
f 3943/3943/3943 3951/3951/3951 3952/3952/3952
f 3943/3943/3943 3952/3952/3952 3944/3944/3944
f 3944/3944/3944 3952/3952/3952 3945/3945/3945
f 3944/3944/3944 3945/3945/3945 3937/3937/3937
f 3945/3945/3945 3953/3953/3953 3954/3954/3954
f 3945/3945/3945 3954/3954/3954 3946/3946/3946
f 3946/3946/3946 3954/3954/3954 3955/3955/3955
f 3946/3946/3946 3955/3955/3955 3947/3947/3947
f 3947/3947/3947 3955/3955/3955 3956/3956/3956
f 3947/3947/3947 3956/3956/3956 3948/3948/3948
f 3948/3948/3948 3956/3956/3956 3957/3957/3957
f 3948/3948/3948 3957/3957/3957 3949/3949/3949
f 3949/3949/3949 3957/3957/3957 3958/3958/3958
f 3949/3949/3949 3958/3958/3958 3950/3950/3950
f 3950/3950/3950 3958/3958/3958 3959/3959/3959
f 3950/3950/3950 3959/3959/3959 3951/3951/3951
f 3951/3951/3951 3959/3959/3959 3960/3960/3960
f 3951/3951/3951 3960/3960/3960 3952/3952/3952
f 3952/3952/3952 3960/3960/3960 3953/3953/3953
f 3952/3952/3952 3953/3953/3953 3945/3945/3945
f 3961/3961/3961 3993/3993/3993 3995/3995/3995
f 3961/3961/3961 3995/3995/3995 3963/3963/3963
f 3962/3962/3962 3964/3964/3964 3996/3996/3996
f 3962/3962/3962 3996/3996/3996 3994/3994/3994
f 3963/3963/3963 3995/3995/3995 3997/3997/3997
f 3963/3963/3963 3997/3997/3997 3965/3965/3965
f 3964/3964/3964 3966/3966/3966 3998/3998/3998
f 3964/3964/3964 3998/3998/3998 3996/3996/3996
f 3965/3965/3965 3997/3997/3997 3999/3999/3999
f 3965/3965/3965 3999/3999/3999 3967/3967/3967
f 3966/3966/3966 3968/3968/3968 4000/4000/4000
f 3966/3966/3966 4000/4000/4000 3998/3998/3998
f 3967/3967/3967 3999/3999/3999 4001/4001/4001
f 3967/3967/3967 4001/4001/4001 3969/3969/3969
f 3968/3968/3968 3970/3970/3970 4002/4002/4002
f 3968/3968/3968 4002/4002/4002 4000/4000/4000
f 3969/3969/3969 4001/4001/4001 4003/4003/4003
f 3969/3969/3969 4003/4003/4003 3971/3971/3971
f 3970/3970/3970 3972/3972/3972 4004/4004/4004
f 3970/3970/3970 4004/4004/4004 4002/4002/4002
f 3971/3971/3971 4003/4003/4003 4005/4005/4005
f 3971/3971/3971 4005/4005/4005 3973/3973/3973
f 3972/3972/3972 3974/3974/3974 4006/4006/4006
f 3972/3972/3972 4006/4006/4006 4004/4004/4004
f 3973/3973/3973 4005/4005/4005 4007/4007/4007
f 3973/3973/3973 4007/4007/4007 3975/3975/3975
f 3974/3974/3974 3976/3976/3976 4008/4008/4008
f 3974/3974/3974 4008/4008/4008 4006/4006/4006
f 3975/3975/3975 4007/4007/4007 4009/4009/4009
f 3975/3975/3975 4009/4009/4009 3977/3977/3977
f 3976/3976/3976 3978/3978/3978 4010/4010/4010
f 3976/3976/3976 4010/4010/4010 4008/4008/4008
f 3977/3977/3977 4009/4009/4009 4011/4011/4011
f 3977/3977/3977 4011/4011/4011 3979/3979/3979
f 3978/3978/3978 3980/3980/3980 4012/4012/4012
f 3978/3978/3978 4012/4012/4012 4010/4010/4010
f 3979/3979/3979 4011/4011/4011 4013/4013/4013
f 3979/3979/3979 4013/4013/4013 3981/3981/3981
f 3980/3980/3980 3982/3982/3982 4014/4014/4014
f 3980/3980/3980 4014/4014/4014 4012/4012/4012
f 3981/3981/3981 4013/4013/4013 4015/4015/4015
f 3981/3981/3981 4015/4015/4015 3983/3983/3983
f 3982/3982/3982 3984/3984/3984 4016/4016/4016
f 3982/3982/3982 4016/4016/4016 4014/4014/4014
f 3983/3983/3983 4015/4015/4015 4017/4017/4017
f 3983/3983/3983 4017/4017/4017 3985/3985/3985
f 3984/3984/3984 3986/3986/3986 4018/4018/4018
f 3984/3984/3984 4018/4018/4018 4016/4016/4016
f 3985/3985/3985 4017/4017/4017 4019/4019/4019
f 3985/3985/3985 4019/4019/4019 3987/3987/3987
f 3986/3986/3986 3988/3988/3988 4020/4020/4020
f 3986/3986/3986 4020/4020/4020 4018/4018/4018
f 3987/3987/3987 4019/4019/4019 4021/4021/4021
f 3987/3987/3987 4021/4021/4021 3989/3989/3989
f 3988/3988/3988 3990/3990/3990 4022/4022/4022
f 3988/3988/3988 4022/4022/4022 4020/4020/4020
f 3989/3989/3989 4021/4021/4021 4023/4023/4023
f 3989/3989/3989 4023/4023/4023 3991/3991/3991
f 3990/3990/3990 3992/3992/3992 4024/4024/4024
f 3990/3990/3990 4024/4024/4024 4022/4022/4022
f 3993/3993/3993 4025/4025/4025 4027/4027/4027
f 3993/3993/3993 4027/4027/4027 3995/3995/3995
f 3994/3994/3994 3996/3996/3996 4028/4028/4028
f 3994/3994/3994 4028/4028/4028 4026/4026/4026
f 3995/3995/3995 4027/4027/4027 4029/4029/4029
f 3995/3995/3995 4029/4029/4029 3997/3997/3997
f 3996/3996/3996 3998/3998/3998 4030/4030/4030
f 3996/3996/3996 4030/4030/4030 4028/4028/4028
f 3997/3997/3997 4029/4029/4029 4031/4031/4031
f 3997/3997/3997 4031/4031/4031 3999/3999/3999
f 3998/3998/3998 4000/4000/4000 4032/4032/4032
f 3998/3998/3998 4032/4032/4032 4030/4030/4030
f 3999/3999/3999 4031/4031/4031 4033/4033/4033
f 3999/3999/3999 4033/4033/4033 4001/4001/4001
f 4000/4000/4000 4002/4002/4002 4034/4034/4034
f 4000/4000/4000 4034/4034/4034 4032/4032/4032
f 4001/4001/4001 4033/4033/4033 4035/4035/4035
f 4001/4001/4001 4035/4035/4035 4003/4003/4003
f 4002/4002/4002 4004/4004/4004 4036/4036/4036
f 4002/4002/4002 4036/4036/4036 4034/4034/4034
f 4003/4003/4003 4035/4035/4035 4037/4037/4037
f 4003/4003/4003 4037/4037/4037 4005/4005/4005
f 4004/4004/4004 4006/4006/4006 4038/4038/4038
f 4004/4004/4004 4038/4038/4038 4036/4036/4036
f 4005/4005/4005 4037/4037/4037 4039/4039/4039
f 4005/4005/4005 4039/4039/4039 4007/4007/4007
f 4006/4006/4006 4008/4008/4008 4040/4040/4040
f 4006/4006/4006 4040/4040/4040 4038/4038/4038
f 4007/4007/4007 4039/4039/4039 4041/4041/4041
f 4007/4007/4007 4041/4041/4041 4009/4009/4009
f 4008/4008/4008 4010/4010/4010 4042/4042/4042
f 4008/4008/4008 4042/4042/4042 4040/4040/4040
f 4009/4009/4009 4041/4041/4041 4043/4043/4043
f 4009/4009/4009 4043/4043/4043 4011/4011/4011
f 4010/4010/4010 4012/4012/4012 4044/4044/4044
f 4010/4010/4010 4044/4044/4044 4042/4042/4042
f 4011/4011/4011 4043/4043/4043 4045/4045/4045
f 4011/4011/4011 4045/4045/4045 4013/4013/4013
f 4012/4012/4012 4014/4014/4014 4046/4046/4046
f 4012/4012/4012 4046/4046/4046 4044/4044/4044
f 4013/4013/4013 4045/4045/4045 4047/4047/4047
f 4013/4013/4013 4047/4047/4047 4015/4015/4015
f 4014/4014/4014 4016/4016/4016 4048/4048/4048
f 4014/4014/4014 4048/4048/4048 4046/4046/4046
f 4015/4015/4015 4047/4047/4047 4049/4049/4049
f 4015/4015/4015 4049/4049/4049 4017/4017/4017
f 4016/4016/4016 4018/4018/4018 4050/4050/4050
f 4016/4016/4016 4050/4050/4050 4048/4048/4048
f 4017/4017/4017 4049/4049/4049 4051/4051/4051
f 4017/4017/4017 4051/4051/4051 4019/4019/4019
f 4018/4018/4018 4020/4020/4020 4052/4052/4052
f 4018/4018/4018 4052/4052/4052 4050/4050/4050
f 4019/4019/4019 4051/4051/4051 4053/4053/4053
f 4019/4019/4019 4053/4053/4053 4021/4021/4021
f 4020/4020/4020 4022/4022/4022 4054/4054/4054
f 4020/4020/4020 4054/4054/4054 4052/4052/4052
f 4021/4021/4021 4053/4053/4053 4055/4055/4055
f 4021/4021/4021 4055/4055/4055 4023/4023/4023
f 4022/4022/4022 4024/4024/4024 4056/4056/4056
f 4022/4022/4022 4056/4056/4056 4054/4054/4054
f 4025/4025/4025 4057/4057/4057 4059/4059/4059
f 4025/4025/4025 4059/4059/4059 4027/4027/4027
f 4026/4026/4026 4028/4028/4028 4060/4060/4060
f 4026/4026/4026 4060/4060/4060 4058/4058/4058
f 4027/4027/4027 4059/4059/4059 4061/4061/4061
f 4027/4027/4027 4061/4061/4061 4029/4029/4029
f 4028/4028/4028 4030/4030/4030 4062/4062/4062
f 4028/4028/4028 4062/4062/4062 4060/4060/4060
f 4029/4029/4029 4061/4061/4061 4063/4063/4063
f 4029/4029/4029 4063/4063/4063 4031/4031/4031
f 4030/4030/4030 4032/4032/4032 4064/4064/4064
f 4030/4030/4030 4064/4064/4064 4062/4062/4062
f 4031/4031/4031 4063/4063/4063 4065/4065/4065
f 4031/4031/4031 4065/4065/4065 4033/4033/4033
f 4032/4032/4032 4034/4034/4034 4066/4066/4066
f 4032/4032/4032 4066/4066/4066 4064/4064/4064
f 4033/4033/4033 4065/4065/4065 4067/4067/4067
f 4033/4033/4033 4067/4067/4067 4035/4035/4035
f 4034/4034/4034 4036/4036/4036 4068/4068/4068
f 4034/4034/4034 4068/4068/4068 4066/4066/4066
f 4035/4035/4035 4067/4067/4067 4069/4069/4069
f 4035/4035/4035 4069/4069/4069 4037/4037/4037
f 4036/4036/4036 4038/4038/4038 4070/4070/4070
f 4036/4036/4036 4070/4070/4070 4068/4068/4068
f 4037/4037/4037 4069/4069/4069 4071/4071/4071
f 4037/4037/4037 4071/4071/4071 4039/4039/4039
f 4038/4038/4038 4040/4040/4040 4072/4072/4072
f 4038/4038/4038 4072/4072/4072 4070/4070/4070
f 4039/4039/4039 4071/4071/4071 4073/4073/4073
f 4039/4039/4039 4073/4073/4073 4041/4041/4041
f 4040/4040/4040 4042/4042/4042 4074/4074/4074
f 4040/4040/4040 4074/4074/4074 4072/4072/4072
f 4041/4041/4041 4073/4073/4073 4075/4075/4075
f 4041/4041/4041 4075/4075/4075 4043/4043/4043
f 4042/4042/4042 4044/4044/4044 4076/4076/4076
f 4042/4042/4042 4076/4076/4076 4074/4074/4074
f 4043/4043/4043 4075/4075/4075 4077/4077/4077
f 4043/4043/4043 4077/4077/4077 4045/4045/4045
f 4044/4044/4044 4046/4046/4046 4078/4078/4078
f 4044/4044/4044 4078/4078/4078 4076/4076/4076
f 4045/4045/4045 4077/4077/4077 4079/4079/4079
f 4045/4045/4045 4079/4079/4079 4047/4047/4047
f 4046/4046/4046 4048/4048/4048 4080/4080/4080
f 4046/4046/4046 4080/4080/4080 4078/4078/4078
f 4047/4047/4047 4079/4079/4079 4081/4081/4081
f 4047/4047/4047 4081/4081/4081 4049/4049/4049
f 4048/4048/4048 4050/4050/4050 4082/4082/4082
f 4048/4048/4048 4082/4082/4082 4080/4080/4080
f 4049/4049/4049 4081/4081/4081 4083/4083/4083
f 4049/4049/4049 4083/4083/4083 4051/4051/4051
f 4050/4050/4050 4052/4052/4052 4084/4084/4084
f 4050/4050/4050 4084/4084/4084 4082/4082/4082
f 4051/4051/4051 4083/4083/4083 4085/4085/4085
f 4051/4051/4051 4085/4085/4085 4053/4053/4053
f 4052/4052/4052 4054/4054/4054 4086/4086/4086
f 4052/4052/4052 4086/4086/4086 4084/4084/4084
f 4053/4053/4053 4085/4085/4085 4087/4087/4087
f 4053/4053/4053 4087/4087/4087 4055/4055/4055
f 4054/4054/4054 4056/4056/4056 4088/4088/4088
f 4054/4054/4054 4088/4088/4088 4086/4086/4086
f 4057/4057/4057 4089/4089/4089 4091/4091/4091
f 4057/4057/4057 4091/4091/4091 4059/4059/4059
f 4058/4058/4058 4060/4060/4060 4092/4092/4092
f 4058/4058/4058 4092/4092/4092 4090/4090/4090
f 4059/4059/4059 4091/4091/4091 4093/4093/4093
f 4059/4059/4059 4093/4093/4093 4061/4061/4061
f 4060/4060/4060 4062/4062/4062 4094/4094/4094
f 4060/4060/4060 4094/4094/4094 4092/4092/4092
f 4061/4061/4061 4093/4093/4093 4095/4095/4095
f 4061/4061/4061 4095/4095/4095 4063/4063/4063
f 4062/4062/4062 4064/4064/4064 4096/4096/4096
f 4062/4062/4062 4096/4096/4096 4094/4094/4094
f 4063/4063/4063 4095/4095/4095 4097/4097/4097
f 4063/4063/4063 4097/4097/4097 4065/4065/4065
f 4064/4064/4064 4066/4066/4066 4098/4098/4098
f 4064/4064/4064 4098/4098/4098 4096/4096/4096
f 4065/4065/4065 4097/4097/4097 4099/4099/4099
f 4065/4065/4065 4099/4099/4099 4067/4067/4067
f 4066/4066/4066 4068/4068/4068 4100/4100/4100
f 4066/4066/4066 4100/4100/4100 4098/4098/4098
f 4067/4067/4067 4099/4099/4099 4101/4101/4101
f 4067/4067/4067 4101/4101/4101 4069/4069/4069
f 4068/4068/4068 4070/4070/4070 4102/4102/4102
f 4068/4068/4068 4102/4102/4102 4100/4100/4100
f 4069/4069/4069 4101/4101/4101 4103/4103/4103
f 4069/4069/4069 4103/4103/4103 4071/4071/4071
f 4070/4070/4070 4072/4072/4072 4104/4104/4104
f 4070/4070/4070 4104/4104/4104 4102/4102/4102
f 4071/4071/4071 4103/4103/4103 4105/4105/4105
f 4071/4071/4071 4105/4105/4105 4073/4073/4073
f 4072/4072/4072 4074/4074/4074 4106/4106/4106
f 4072/4072/4072 4106/4106/4106 4104/4104/4104
f 4073/4073/4073 4105/4105/4105 4107/4107/4107
f 4073/4073/4073 4107/4107/4107 4075/4075/4075
f 4074/4074/4074 4076/4076/4076 4108/4108/4108
f 4074/4074/4074 4108/4108/4108 4106/4106/4106
f 4075/4075/4075 4107/4107/4107 4109/4109/4109
f 4075/4075/4075 4109/4109/4109 4077/4077/4077
f 4076/4076/4076 4078/4078/4078 4110/4110/4110
f 4076/4076/4076 4110/4110/4110 4108/4108/4108
f 4077/4077/4077 4109/4109/4109 4111/4111/4111
f 4077/4077/4077 4111/4111/4111 4079/4079/4079
f 4078/4078/4078 4080/4080/4080 4112/4112/4112
f 4078/4078/4078 4112/4112/4112 4110/4110/4110
f 4079/4079/4079 4111/4111/4111 4113/4113/4113
f 4079/4079/4079 4113/4113/4113 4081/4081/4081
f 4080/4080/4080 4082/4082/4082 4114/4114/4114
f 4080/4080/4080 4114/4114/4114 4112/4112/4112
f 4081/4081/4081 4113/4113/4113 4115/4115/4115
f 4081/4081/4081 4115/4115/4115 4083/4083/4083
f 4082/4082/4082 4084/4084/4084 4116/4116/4116
f 4082/4082/4082 4116/4116/4116 4114/4114/4114
f 4083/4083/4083 4115/4115/4115 4117/4117/4117
f 4083/4083/4083 4117/4117/4117 4085/4085/4085
f 4084/4084/4084 4086/4086/4086 4118/4118/4118
f 4084/4084/4084 4118/4118/4118 4116/4116/4116
f 4085/4085/4085 4117/4117/4117 4119/4119/4119
f 4085/4085/4085 4119/4119/4119 4087/4087/4087
f 4086/4086/4086 4088/4088/4088 4120/4120/4120
f 4086/4086/4086 4120/4120/4120 4118/4118/4118
f 4089/4089/4089 4121/4121/4121 4123/4123/4123
f 4089/4089/4089 4123/4123/4123 4091/4091/4091
f 4090/4090/4090 4092/4092/4092 4124/4124/4124
f 4090/4090/4090 4124/4124/4124 4122/4122/4122
f 4091/4091/4091 4123/4123/4123 4125/4125/4125
f 4091/4091/4091 4125/4125/4125 4093/4093/4093
f 4092/4092/4092 4094/4094/4094 4126/4126/4126
f 4092/4092/4092 4126/4126/4126 4124/4124/4124
f 4093/4093/4093 4125/4125/4125 4127/4127/4127
f 4093/4093/4093 4127/4127/4127 4095/4095/4095
f 4094/4094/4094 4096/4096/4096 4128/4128/4128
f 4094/4094/4094 4128/4128/4128 4126/4126/4126
f 4095/4095/4095 4127/4127/4127 4129/4129/4129
f 4095/4095/4095 4129/4129/4129 4097/4097/4097
f 4096/4096/4096 4098/4098/4098 4130/4130/4130
f 4096/4096/4096 4130/4130/4130 4128/4128/4128
f 4097/4097/4097 4129/4129/4129 4131/4131/4131
f 4097/4097/4097 4131/4131/4131 4099/4099/4099
f 4098/4098/4098 4100/4100/4100 4132/4132/4132
f 4098/4098/4098 4132/4132/4132 4130/4130/4130
f 4099/4099/4099 4131/4131/4131 4133/4133/4133
f 4099/4099/4099 4133/4133/4133 4101/4101/4101
f 4100/4100/4100 4102/4102/4102 4134/4134/4134
f 4100/4100/4100 4134/4134/4134 4132/4132/4132
f 4101/4101/4101 4133/4133/4133 4135/4135/4135
f 4101/4101/4101 4135/4135/4135 4103/4103/4103
f 4102/4102/4102 4104/4104/4104 4136/4136/4136
f 4102/4102/4102 4136/4136/4136 4134/4134/4134
f 4103/4103/4103 4135/4135/4135 4137/4137/4137
f 4103/4103/4103 4137/4137/4137 4105/4105/4105
f 4104/4104/4104 4106/4106/4106 4138/4138/4138
f 4104/4104/4104 4138/4138/4138 4136/4136/4136
f 4105/4105/4105 4137/4137/4137 4139/4139/4139
f 4105/4105/4105 4139/4139/4139 4107/4107/4107
f 4106/4106/4106 4108/4108/4108 4140/4140/4140
f 4106/4106/4106 4140/4140/4140 4138/4138/4138
f 4107/4107/4107 4139/4139/4139 4141/4141/4141
f 4107/4107/4107 4141/4141/4141 4109/4109/4109
f 4108/4108/4108 4110/4110/4110 4142/4142/4142
f 4108/4108/4108 4142/4142/4142 4140/4140/4140
f 4109/4109/4109 4141/4141/4141 4143/4143/4143
f 4109/4109/4109 4143/4143/4143 4111/4111/4111
f 4110/4110/4110 4112/4112/4112 4144/4144/4144
f 4110/4110/4110 4144/4144/4144 4142/4142/4142
f 4111/4111/4111 4143/4143/4143 4145/4145/4145
f 4111/4111/4111 4145/4145/4145 4113/4113/4113
f 4112/4112/4112 4114/4114/4114 4146/4146/4146
f 4112/4112/4112 4146/4146/4146 4144/4144/4144
f 4113/4113/4113 4145/4145/4145 4147/4147/4147
f 4113/4113/4113 4147/4147/4147 4115/4115/4115
f 4114/4114/4114 4116/4116/4116 4148/4148/4148
f 4114/4114/4114 4148/4148/4148 4146/4146/4146
f 4115/4115/4115 4147/4147/4147 4149/4149/4149
f 4115/4115/4115 4149/4149/4149 4117/4117/4117
f 4116/4116/4116 4118/4118/4118 4150/4150/4150
f 4116/4116/4116 4150/4150/4150 4148/4148/4148
f 4117/4117/4117 4149/4149/4149 4151/4151/4151
f 4117/4117/4117 4151/4151/4151 4119/4119/4119
f 4118/4118/4118 4120/4120/4120 4152/4152/4152
f 4118/4118/4118 4152/4152/4152 4150/4150/4150
f 4121/4121/4121 4153/4153/4153 4155/4155/4155
f 4121/4121/4121 4155/4155/4155 4123/4123/4123
f 4122/4122/4122 4124/4124/4124 4156/4156/4156
f 4122/4122/4122 4156/4156/4156 4154/4154/4154
f 4123/4123/4123 4155/4155/4155 4157/4157/4157
f 4123/4123/4123 4157/4157/4157 4125/4125/4125
f 4124/4124/4124 4126/4126/4126 4158/4158/4158
f 4124/4124/4124 4158/4158/4158 4156/4156/4156
f 4125/4125/4125 4157/4157/4157 4159/4159/4159
f 4125/4125/4125 4159/4159/4159 4127/4127/4127
f 4126/4126/4126 4128/4128/4128 4160/4160/4160
f 4126/4126/4126 4160/4160/4160 4158/4158/4158
f 4127/4127/4127 4159/4159/4159 4161/4161/4161
f 4127/4127/4127 4161/4161/4161 4129/4129/4129
f 4128/4128/4128 4130/4130/4130 4162/4162/4162
f 4128/4128/4128 4162/4162/4162 4160/4160/4160
f 4129/4129/4129 4161/4161/4161 4163/4163/4163
f 4129/4129/4129 4163/4163/4163 4131/4131/4131
f 4130/4130/4130 4132/4132/4132 4164/4164/4164
f 4130/4130/4130 4164/4164/4164 4162/4162/4162
f 4131/4131/4131 4163/4163/4163 4165/4165/4165
f 4131/4131/4131 4165/4165/4165 4133/4133/4133
f 4132/4132/4132 4134/4134/4134 4166/4166/4166
f 4132/4132/4132 4166/4166/4166 4164/4164/4164
f 4133/4133/4133 4165/4165/4165 4167/4167/4167
f 4133/4133/4133 4167/4167/4167 4135/4135/4135
f 4134/4134/4134 4136/4136/4136 4168/4168/4168
f 4134/4134/4134 4168/4168/4168 4166/4166/4166
f 4135/4135/4135 4167/4167/4167 4169/4169/4169
f 4135/4135/4135 4169/4169/4169 4137/4137/4137
f 4136/4136/4136 4138/4138/4138 4170/4170/4170
f 4136/4136/4136 4170/4170/4170 4168/4168/4168
f 4137/4137/4137 4169/4169/4169 4171/4171/4171
f 4137/4137/4137 4171/4171/4171 4139/4139/4139
f 4138/4138/4138 4140/4140/4140 4172/4172/4172
f 4138/4138/4138 4172/4172/4172 4170/4170/4170
f 4139/4139/4139 4171/4171/4171 4173/4173/4173
f 4139/4139/4139 4173/4173/4173 4141/4141/4141
f 4140/4140/4140 4142/4142/4142 4174/4174/4174
f 4140/4140/4140 4174/4174/4174 4172/4172/4172
f 4141/4141/4141 4173/4173/4173 4175/4175/4175
f 4141/4141/4141 4175/4175/4175 4143/4143/4143
f 4142/4142/4142 4144/4144/4144 4176/4176/4176
f 4142/4142/4142 4176/4176/4176 4174/4174/4174
f 4143/4143/4143 4175/4175/4175 4177/4177/4177
f 4143/4143/4143 4177/4177/4177 4145/4145/4145
f 4144/4144/4144 4146/4146/4146 4178/4178/4178
f 4144/4144/4144 4178/4178/4178 4176/4176/4176
f 4145/4145/4145 4177/4177/4177 4179/4179/4179
f 4145/4145/4145 4179/4179/4179 4147/4147/4147
f 4146/4146/4146 4148/4148/4148 4180/4180/4180
f 4146/4146/4146 4180/4180/4180 4178/4178/4178
f 4147/4147/4147 4179/4179/4179 4181/4181/4181
f 4147/4147/4147 4181/4181/4181 4149/4149/4149
f 4148/4148/4148 4150/4150/4150 4182/4182/4182
f 4148/4148/4148 4182/4182/4182 4180/4180/4180
f 4149/4149/4149 4181/4181/4181 4183/4183/4183
f 4149/4149/4149 4183/4183/4183 4151/4151/4151
f 4150/4150/4150 4152/4152/4152 4184/4184/4184
f 4150/4150/4150 4184/4184/4184 4182/4182/4182
f 4153/4153/4153 4185/4185/4185 4187/4187/4187
f 4153/4153/4153 4187/4187/4187 4155/4155/4155
f 4154/4154/4154 4156/4156/4156 4188/4188/4188
f 4154/4154/4154 4188/4188/4188 4186/4186/4186
f 4155/4155/4155 4187/4187/4187 4189/4189/4189
f 4155/4155/4155 4189/4189/4189 4157/4157/4157
f 4156/4156/4156 4158/4158/4158 4190/4190/4190
f 4156/4156/4156 4190/4190/4190 4188/4188/4188
f 4157/4157/4157 4189/4189/4189 4191/4191/4191
f 4157/4157/4157 4191/4191/4191 4159/4159/4159
f 4158/4158/4158 4160/4160/4160 4192/4192/4192
f 4158/4158/4158 4192/4192/4192 4190/4190/4190
f 4159/4159/4159 4191/4191/4191 4193/4193/4193
f 4159/4159/4159 4193/4193/4193 4161/4161/4161
f 4160/4160/4160 4162/4162/4162 4194/4194/4194
f 4160/4160/4160 4194/4194/4194 4192/4192/4192
f 4161/4161/4161 4193/4193/4193 4195/4195/4195
f 4161/4161/4161 4195/4195/4195 4163/4163/4163
f 4162/4162/4162 4164/4164/4164 4196/4196/4196
f 4162/4162/4162 4196/4196/4196 4194/4194/4194
f 4163/4163/4163 4195/4195/4195 4197/4197/4197
f 4163/4163/4163 4197/4197/4197 4165/4165/4165
f 4164/4164/4164 4166/4166/4166 4198/4198/4198
f 4164/4164/4164 4198/4198/4198 4196/4196/4196
f 4165/4165/4165 4197/4197/4197 4199/4199/4199
f 4165/4165/4165 4199/4199/4199 4167/4167/4167
f 4166/4166/4166 4168/4168/4168 4200/4200/4200
f 4166/4166/4166 4200/4200/4200 4198/4198/4198
f 4167/4167/4167 4199/4199/4199 4201/4201/4201
f 4167/4167/4167 4201/4201/4201 4169/4169/4169
f 4168/4168/4168 4170/4170/4170 4202/4202/4202
f 4168/4168/4168 4202/4202/4202 4200/4200/4200
f 4169/4169/4169 4201/4201/4201 4203/4203/4203
f 4169/4169/4169 4203/4203/4203 4171/4171/4171
f 4170/4170/4170 4172/4172/4172 4204/4204/4204
f 4170/4170/4170 4204/4204/4204 4202/4202/4202
f 4171/4171/4171 4203/4203/4203 4205/4205/4205
f 4171/4171/4171 4205/4205/4205 4173/4173/4173
f 4172/4172/4172 4174/4174/4174 4206/4206/4206
f 4172/4172/4172 4206/4206/4206 4204/4204/4204
f 4173/4173/4173 4205/4205/4205 4207/4207/4207
f 4173/4173/4173 4207/4207/4207 4175/4175/4175
f 4174/4174/4174 4176/4176/4176 4208/4208/4208
f 4174/4174/4174 4208/4208/4208 4206/4206/4206
f 4175/4175/4175 4207/4207/4207 4209/4209/4209
f 4175/4175/4175 4209/4209/4209 4177/4177/4177
f 4176/4176/4176 4178/4178/4178 4210/4210/4210
f 4176/4176/4176 4210/4210/4210 4208/4208/4208
f 4177/4177/4177 4209/4209/4209 4211/4211/4211
f 4177/4177/4177 4211/4211/4211 4179/4179/4179
f 4178/4178/4178 4180/4180/4180 4212/4212/4212
f 4178/4178/4178 4212/4212/4212 4210/4210/4210
f 4179/4179/4179 4211/4211/4211 4213/4213/4213
f 4179/4179/4179 4213/4213/4213 4181/4181/4181
f 4180/4180/4180 4182/4182/4182 4214/4214/4214
f 4180/4180/4180 4214/4214/4214 4212/4212/4212
f 4181/4181/4181 4213/4213/4213 4215/4215/4215
f 4181/4181/4181 4215/4215/4215 4183/4183/4183
f 4182/4182/4182 4184/4184/4184 4216/4216/4216
f 4182/4182/4182 4216/4216/4216 4214/4214/4214
f 4185/4185/4185 4217/4217/4217 4219/4219/4219
f 4185/4185/4185 4219/4219/4219 4187/4187/4187
f 4186/4186/4186 4188/4188/4188 4220/4220/4220
f 4186/4186/4186 4220/4220/4220 4218/4218/4218
f 4187/4187/4187 4219/4219/4219 4221/4221/4221
f 4187/4187/4187 4221/4221/4221 4189/4189/4189
f 4188/4188/4188 4190/4190/4190 4222/4222/4222
f 4188/4188/4188 4222/4222/4222 4220/4220/4220
f 4189/4189/4189 4221/4221/4221 4223/4223/4223
f 4189/4189/4189 4223/4223/4223 4191/4191/4191
f 4190/4190/4190 4192/4192/4192 4224/4224/4224
f 4190/4190/4190 4224/4224/4224 4222/4222/4222
f 4191/4191/4191 4223/4223/4223 4225/4225/4225
f 4191/4191/4191 4225/4225/4225 4193/4193/4193
f 4192/4192/4192 4194/4194/4194 4226/4226/4226
f 4192/4192/4192 4226/4226/4226 4224/4224/4224
f 4193/4193/4193 4225/4225/4225 4227/4227/4227
f 4193/4193/4193 4227/4227/4227 4195/4195/4195
f 4194/4194/4194 4196/4196/4196 4228/4228/4228
f 4194/4194/4194 4228/4228/4228 4226/4226/4226
f 4195/4195/4195 4227/4227/4227 4229/4229/4229
f 4195/4195/4195 4229/4229/4229 4197/4197/4197
f 4196/4196/4196 4198/4198/4198 4230/4230/4230
f 4196/4196/4196 4230/4230/4230 4228/4228/4228
f 4197/4197/4197 4229/4229/4229 4231/4231/4231
f 4197/4197/4197 4231/4231/4231 4199/4199/4199
f 4198/4198/4198 4200/4200/4200 4232/4232/4232
f 4198/4198/4198 4232/4232/4232 4230/4230/4230
f 4199/4199/4199 4231/4231/4231 4233/4233/4233
f 4199/4199/4199 4233/4233/4233 4201/4201/4201
f 4200/4200/4200 4202/4202/4202 4234/4234/4234
f 4200/4200/4200 4234/4234/4234 4232/4232/4232
f 4201/4201/4201 4233/4233/4233 4235/4235/4235
f 4201/4201/4201 4235/4235/4235 4203/4203/4203
f 4202/4202/4202 4204/4204/4204 4236/4236/4236
f 4202/4202/4202 4236/4236/4236 4234/4234/4234
f 4203/4203/4203 4235/4235/4235 4237/4237/4237
f 4203/4203/4203 4237/4237/4237 4205/4205/4205
f 4204/4204/4204 4206/4206/4206 4238/4238/4238
f 4204/4204/4204 4238/4238/4238 4236/4236/4236
f 4205/4205/4205 4237/4237/4237 4239/4239/4239
f 4205/4205/4205 4239/4239/4239 4207/4207/4207
f 4206/4206/4206 4208/4208/4208 4240/4240/4240
f 4206/4206/4206 4240/4240/4240 4238/4238/4238
f 4207/4207/4207 4239/4239/4239 4241/4241/4241
f 4207/4207/4207 4241/4241/4241 4209/4209/4209
f 4208/4208/4208 4210/4210/4210 4242/4242/4242
f 4208/4208/4208 4242/4242/4242 4240/4240/4240
f 4209/4209/4209 4241/4241/4241 4243/4243/4243
f 4209/4209/4209 4243/4243/4243 4211/4211/4211
f 4210/4210/4210 4212/4212/4212 4244/4244/4244
f 4210/4210/4210 4244/4244/4244 4242/4242/4242
f 4211/4211/4211 4243/4243/4243 4245/4245/4245
f 4211/4211/4211 4245/4245/4245 4213/4213/4213
f 4212/4212/4212 4214/4214/4214 4246/4246/4246
f 4212/4212/4212 4246/4246/4246 4244/4244/4244
f 4213/4213/4213 4245/4245/4245 4247/4247/4247
f 4213/4213/4213 4247/4247/4247 4215/4215/4215
f 4214/4214/4214 4216/4216/4216 4248/4248/4248
f 4214/4214/4214 4248/4248/4248 4246/4246/4246
f 3961/3961/3961 3962/3962/3962 3994/3994/3994
f 3961/3961/3961 3994/3994/3994 3993/3993/3993
f 3991/3991/3991 4023/4023/4023 4024/4024/4024
f 3991/3991/3991 4024/4024/4024 3992/3992/3992
f 3993/3993/3993 3994/3994/3994 4026/4026/4026
f 3993/3993/3993 4026/4026/4026 4025/4025/4025
f 4023/4023/4023 4055/4055/4055 4056/4056/4056
f 4023/4023/4023 4056/4056/4056 4024/4024/4024
f 4025/4025/4025 4026/4026/4026 4058/4058/4058
f 4025/4025/4025 4058/4058/4058 4057/4057/4057
f 4055/4055/4055 4087/4087/4087 4088/4088/4088
f 4055/4055/4055 4088/4088/4088 4056/4056/4056
f 4057/4057/4057 4058/4058/4058 4090/4090/4090
f 4057/4057/4057 4090/4090/4090 4089/4089/4089
f 4087/4087/4087 4119/4119/4119 4120/4120/4120
f 4087/4087/4087 4120/4120/4120 4088/4088/4088
f 4089/4089/4089 4090/4090/4090 4122/4122/4122
f 4089/4089/4089 4122/4122/4122 4121/4121/4121
f 4119/4119/4119 4151/4151/4151 4152/4152/4152
f 4119/4119/4119 4152/4152/4152 4120/4120/4120
f 4121/4121/4121 4122/4122/4122 4154/4154/4154
f 4121/4121/4121 4154/4154/4154 4153/4153/4153
f 4151/4151/4151 4183/4183/4183 4184/4184/4184
f 4151/4151/4151 4184/4184/4184 4152/4152/4152
f 4153/4153/4153 4154/4154/4154 4186/4186/4186
f 4153/4153/4153 4186/4186/4186 4185/4185/4185
f 4183/4183/4183 4215/4215/4215 4216/4216/4216
f 4183/4183/4183 4216/4216/4216 4184/4184/4184
f 4185/4185/4185 4186/4186/4186 4218/4218/4218
f 4185/4185/4185 4218/4218/4218 4217/4217/4217
f 4215/4215/4215 4247/4247/4247 4248/4248/4248
f 4215/4215/4215 4248/4248/4248 4216/4216/4216
f 3961/3961/3961 3963/3963/3963 3964/3964/3964
f 3961/3961/3961 3964/3964/3964 3962/3962/3962
f 4217/4217/4217 4218/4218/4218 4220/4220/4220
f 4217/4217/4217 4220/4220/4220 4219/4219/4219
f 3963/3963/3963 3965/3965/3965 3966/3966/3966
f 3963/3963/3963 3966/3966/3966 3964/3964/3964
f 4219/4219/4219 4220/4220/4220 4222/4222/4222
f 4219/4219/4219 4222/4222/4222 4221/4221/4221
f 3965/3965/3965 3967/3967/3967 3968/3968/3968
f 3965/3965/3965 3968/3968/3968 3966/3966/3966
f 4221/4221/4221 4222/4222/4222 4224/4224/4224
f 4221/4221/4221 4224/4224/4224 4223/4223/4223
f 3967/3967/3967 3969/3969/3969 3970/3970/3970
f 3967/3967/3967 3970/3970/3970 3968/3968/3968
f 4223/4223/4223 4224/4224/4224 4226/4226/4226
f 4223/4223/4223 4226/4226/4226 4225/4225/4225
f 3969/3969/3969 3971/3971/3971 3972/3972/3972
f 3969/3969/3969 3972/3972/3972 3970/3970/3970
f 4225/4225/4225 4226/4226/4226 4228/4228/4228
f 4225/4225/4225 4228/4228/4228 4227/4227/4227
f 3971/3971/3971 3973/3973/3973 3974/3974/3974
f 3971/3971/3971 3974/3974/3974 3972/3972/3972
f 4227/4227/4227 4228/4228/4228 4230/4230/4230
f 4227/4227/4227 4230/4230/4230 4229/4229/4229
f 3973/3973/3973 3975/3975/3975 3976/3976/3976
f 3973/3973/3973 3976/3976/3976 3974/3974/3974
f 4229/4229/4229 4230/4230/4230 4232/4232/4232
f 4229/4229/4229 4232/4232/4232 4231/4231/4231
f 3975/3975/3975 3977/3977/3977 3978/3978/3978
f 3975/3975/3975 3978/3978/3978 3976/3976/3976
f 4231/4231/4231 4232/4232/4232 4234/4234/4234
f 4231/4231/4231 4234/4234/4234 4233/4233/4233
f 3977/3977/3977 3979/3979/3979 3980/3980/3980
f 3977/3977/3977 3980/3980/3980 3978/3978/3978
f 4233/4233/4233 4234/4234/4234 4236/4236/4236
f 4233/4233/4233 4236/4236/4236 4235/4235/4235
f 3979/3979/3979 3981/3981/3981 3982/3982/3982
f 3979/3979/3979 3982/3982/3982 3980/3980/3980
f 4235/4235/4235 4236/4236/4236 4238/4238/4238
f 4235/4235/4235 4238/4238/4238 4237/4237/4237
f 3981/3981/3981 3983/3983/3983 3984/3984/3984
f 3981/3981/3981 3984/3984/3984 3982/3982/3982
f 4237/4237/4237 4238/4238/4238 4240/4240/4240
f 4237/4237/4237 4240/4240/4240 4239/4239/4239
f 3983/3983/3983 3985/3985/3985 3986/3986/3986
f 3983/3983/3983 3986/3986/3986 3984/3984/3984
f 4239/4239/4239 4240/4240/4240 4242/4242/4242
f 4239/4239/4239 4242/4242/4242 4241/4241/4241
f 3985/3985/3985 3987/3987/3987 3988/3988/3988
f 3985/3985/3985 3988/3988/3988 3986/3986/3986
f 4241/4241/4241 4242/4242/4242 4244/4244/4244
f 4241/4241/4241 4244/4244/4244 4243/4243/4243
f 3987/3987/3987 3989/3989/3989 3990/3990/3990
f 3987/3987/3987 3990/3990/3990 3988/3988/3988
f 4243/4243/4243 4244/4244/4244 4246/4246/4246
f 4243/4243/4243 4246/4246/4246 4245/4245/4245
f 3989/3989/3989 3991/3991/3991 3992/3992/3992
f 3989/3989/3989 3992/3992/3992 3990/3990/3990
f 4245/4245/4245 4246/4246/4246 4248/4248/4248
f 4245/4245/4245 4248/4248/4248 4247/4247/4247
f 4249/4249/4249 4257/4257/4257 4258/4258/4258
f 4249/4249/4249 4258/4258/4258 4250/4250/4250
f 4250/4250/4250 4258/4258/4258 4259/4259/4259
f 4250/4250/4250 4259/4259/4259 4251/4251/4251
f 4251/4251/4251 4259/4259/4259 4260/4260/4260
f 4251/4251/4251 4260/4260/4260 4252/4252/4252
f 4252/4252/4252 4260/4260/4260 4261/4261/4261
f 4252/4252/4252 4261/4261/4261 4253/4253/4253
f 4253/4253/4253 4261/4261/4261 4262/4262/4262
f 4253/4253/4253 4262/4262/4262 4254/4254/4254
f 4254/4254/4254 4262/4262/4262 4263/4263/4263
f 4254/4254/4254 4263/4263/4263 4255/4255/4255
f 4255/4255/4255 4263/4263/4263 4264/4264/4264
f 4255/4255/4255 4264/4264/4264 4256/4256/4256
f 4256/4256/4256 4264/4264/4264 4257/4257/4257
f 4256/4256/4256 4257/4257/4257 4249/4249/4249
f 4257/4257/4257 4265/4265/4265 4266/4266/4266
f 4257/4257/4257 4266/4266/4266 4258/4258/4258
f 4258/4258/4258 4266/4266/4266 4267/4267/4267
f 4258/4258/4258 4267/4267/4267 4259/4259/4259
f 4259/4259/4259 4267/4267/4267 4268/4268/4268
f 4259/4259/4259 4268/4268/4268 4260/4260/4260
f 4260/4260/4260 4268/4268/4268 4269/4269/4269
f 4260/4260/4260 4269/4269/4269 4261/4261/4261
f 4261/4261/4261 4269/4269/4269 4270/4270/4270
f 4261/4261/4261 4270/4270/4270 4262/4262/4262
f 4262/4262/4262 4270/4270/4270 4271/4271/4271
f 4262/4262/4262 4271/4271/4271 4263/4263/4263
f 4263/4263/4263 4271/4271/4271 4272/4272/4272
f 4263/4263/4263 4272/4272/4272 4264/4264/4264
f 4264/4264/4264 4272/4272/4272 4265/4265/4265
f 4264/4264/4264 4265/4265/4265 4257/4257/4257
f 4265/4265/4265 4273/4273/4273 4274/4274/4274
f 4265/4265/4265 4274/4274/4274 4266/4266/4266
f 4266/4266/4266 4274/4274/4274 4275/4275/4275
f 4266/4266/4266 4275/4275/4275 4267/4267/4267
f 4267/4267/4267 4275/4275/4275 4276/4276/4276
f 4267/4267/4267 4276/4276/4276 4268/4268/4268
f 4268/4268/4268 4276/4276/4276 4277/4277/4277
f 4268/4268/4268 4277/4277/4277 4269/4269/4269
f 4269/4269/4269 4277/4277/4277 4278/4278/4278
f 4269/4269/4269 4278/4278/4278 4270/4270/4270
f 4270/4270/4270 4278/4278/4278 4279/4279/4279
f 4270/4270/4270 4279/4279/4279 4271/4271/4271
f 4271/4271/4271 4279/4279/4279 4280/4280/4280
f 4271/4271/4271 4280/4280/4280 4272/4272/4272
f 4272/4272/4272 4280/4280/4280 4273/4273/4273
f 4272/4272/4272 4273/4273/4273 4265/4265/4265
f 4273/4273/4273 4281/4281/4281 4282/4282/4282
f 4273/4273/4273 4282/4282/4282 4274/4274/4274
f 4274/4274/4274 4282/4282/4282 4283/4283/4283
f 4274/4274/4274 4283/4283/4283 4275/4275/4275
f 4275/4275/4275 4283/4283/4283 4284/4284/4284
f 4275/4275/4275 4284/4284/4284 4276/4276/4276
f 4276/4276/4276 4284/4284/4284 4285/4285/4285
f 4276/4276/4276 4285/4285/4285 4277/4277/4277
f 4277/4277/4277 4285/4285/4285 4286/4286/4286
f 4277/4277/4277 4286/4286/4286 4278/4278/4278
f 4278/4278/4278 4286/4286/4286 4287/4287/4287
f 4278/4278/4278 4287/4287/4287 4279/4279/4279
f 4279/4279/4279 4287/4287/4287 4288/4288/4288
f 4279/4279/4279 4288/4288/4288 4280/4280/4280
f 4280/4280/4280 4288/4288/4288 4281/4281/4281
f 4280/4280/4280 4281/4281/4281 4273/4273/4273
f 4289/4289/4289 4321/4321/4321 4323/4323/4323
f 4289/4289/4289 4323/4323/4323 4291/4291/4291
f 4290/4290/4290 4292/4292/4292 4324/4324/4324
f 4290/4290/4290 4324/4324/4324 4322/4322/4322
f 4291/4291/4291 4323/4323/4323 4325/4325/4325
f 4291/4291/4291 4325/4325/4325 4293/4293/4293
f 4292/4292/4292 4294/4294/4294 4326/4326/4326
f 4292/4292/4292 4326/4326/4326 4324/4324/4324
f 4293/4293/4293 4325/4325/4325 4327/4327/4327
f 4293/4293/4293 4327/4327/4327 4295/4295/4295
f 4294/4294/4294 4296/4296/4296 4328/4328/4328
f 4294/4294/4294 4328/4328/4328 4326/4326/4326
f 4295/4295/4295 4327/4327/4327 4329/4329/4329
f 4295/4295/4295 4329/4329/4329 4297/4297/4297
f 4296/4296/4296 4298/4298/4298 4330/4330/4330
f 4296/4296/4296 4330/4330/4330 4328/4328/4328
f 4297/4297/4297 4329/4329/4329 4331/4331/4331
f 4297/4297/4297 4331/4331/4331 4299/4299/4299
f 4298/4298/4298 4300/4300/4300 4332/4332/4332
f 4298/4298/4298 4332/4332/4332 4330/4330/4330
f 4299/4299/4299 4331/4331/4331 4333/4333/4333
f 4299/4299/4299 4333/4333/4333 4301/4301/4301
f 4300/4300/4300 4302/4302/4302 4334/4334/4334
f 4300/4300/4300 4334/4334/4334 4332/4332/4332
f 4301/4301/4301 4333/4333/4333 4335/4335/4335
f 4301/4301/4301 4335/4335/4335 4303/4303/4303
f 4302/4302/4302 4304/4304/4304 4336/4336/4336
f 4302/4302/4302 4336/4336/4336 4334/4334/4334
f 4303/4303/4303 4335/4335/4335 4337/4337/4337
f 4303/4303/4303 4337/4337/4337 4305/4305/4305
f 4304/4304/4304 4306/4306/4306 4338/4338/4338
f 4304/4304/4304 4338/4338/4338 4336/4336/4336
f 4305/4305/4305 4337/4337/4337 4339/4339/4339
f 4305/4305/4305 4339/4339/4339 4307/4307/4307
f 4306/4306/4306 4308/4308/4308 4340/4340/4340
f 4306/4306/4306 4340/4340/4340 4338/4338/4338
f 4307/4307/4307 4339/4339/4339 4341/4341/4341
f 4307/4307/4307 4341/4341/4341 4309/4309/4309
f 4308/4308/4308 4310/4310/4310 4342/4342/4342
f 4308/4308/4308 4342/4342/4342 4340/4340/4340
f 4309/4309/4309 4341/4341/4341 4343/4343/4343
f 4309/4309/4309 4343/4343/4343 4311/4311/4311
f 4310/4310/4310 4312/4312/4312 4344/4344/4344
f 4310/4310/4310 4344/4344/4344 4342/4342/4342
f 4311/4311/4311 4343/4343/4343 4345/4345/4345
f 4311/4311/4311 4345/4345/4345 4313/4313/4313
f 4312/4312/4312 4314/4314/4314 4346/4346/4346
f 4312/4312/4312 4346/4346/4346 4344/4344/4344
f 4313/4313/4313 4345/4345/4345 4347/4347/4347
f 4313/4313/4313 4347/4347/4347 4315/4315/4315
f 4314/4314/4314 4316/4316/4316 4348/4348/4348
f 4314/4314/4314 4348/4348/4348 4346/4346/4346
f 4315/4315/4315 4347/4347/4347 4349/4349/4349
f 4315/4315/4315 4349/4349/4349 4317/4317/4317
f 4316/4316/4316 4318/4318/4318 4350/4350/4350
f 4316/4316/4316 4350/4350/4350 4348/4348/4348
f 4317/4317/4317 4349/4349/4349 4351/4351/4351
f 4317/4317/4317 4351/4351/4351 4319/4319/4319
f 4318/4318/4318 4320/4320/4320 4352/4352/4352
f 4318/4318/4318 4352/4352/4352 4350/4350/4350
f 4321/4321/4321 4353/4353/4353 4355/4355/4355
f 4321/4321/4321 4355/4355/4355 4323/4323/4323
f 4322/4322/4322 4324/4324/4324 4356/4356/4356
f 4322/4322/4322 4356/4356/4356 4354/4354/4354
f 4323/4323/4323 4355/4355/4355 4357/4357/4357
f 4323/4323/4323 4357/4357/4357 4325/4325/4325
f 4324/4324/4324 4326/4326/4326 4358/4358/4358
f 4324/4324/4324 4358/4358/4358 4356/4356/4356
f 4325/4325/4325 4357/4357/4357 4359/4359/4359
f 4325/4325/4325 4359/4359/4359 4327/4327/4327
f 4326/4326/4326 4328/4328/4328 4360/4360/4360
f 4326/4326/4326 4360/4360/4360 4358/4358/4358
f 4327/4327/4327 4359/4359/4359 4361/4361/4361
f 4327/4327/4327 4361/4361/4361 4329/4329/4329
f 4328/4328/4328 4330/4330/4330 4362/4362/4362
f 4328/4328/4328 4362/4362/4362 4360/4360/4360
f 4329/4329/4329 4361/4361/4361 4363/4363/4363
f 4329/4329/4329 4363/4363/4363 4331/4331/4331
f 4330/4330/4330 4332/4332/4332 4364/4364/4364
f 4330/4330/4330 4364/4364/4364 4362/4362/4362
f 4331/4331/4331 4363/4363/4363 4365/4365/4365
f 4331/4331/4331 4365/4365/4365 4333/4333/4333
f 4332/4332/4332 4334/4334/4334 4366/4366/4366
f 4332/4332/4332 4366/4366/4366 4364/4364/4364
f 4333/4333/4333 4365/4365/4365 4367/4367/4367
f 4333/4333/4333 4367/4367/4367 4335/4335/4335
f 4334/4334/4334 4336/4336/4336 4368/4368/4368
f 4334/4334/4334 4368/4368/4368 4366/4366/4366
f 4335/4335/4335 4367/4367/4367 4369/4369/4369
f 4335/4335/4335 4369/4369/4369 4337/4337/4337
f 4336/4336/4336 4338/4338/4338 4370/4370/4370
f 4336/4336/4336 4370/4370/4370 4368/4368/4368
f 4337/4337/4337 4369/4369/4369 4371/4371/4371
f 4337/4337/4337 4371/4371/4371 4339/4339/4339
f 4338/4338/4338 4340/4340/4340 4372/4372/4372
f 4338/4338/4338 4372/4372/4372 4370/4370/4370
f 4339/4339/4339 4371/4371/4371 4373/4373/4373
f 4339/4339/4339 4373/4373/4373 4341/4341/4341
f 4340/4340/4340 4342/4342/4342 4374/4374/4374
f 4340/4340/4340 4374/4374/4374 4372/4372/4372
f 4341/4341/4341 4373/4373/4373 4375/4375/4375
f 4341/4341/4341 4375/4375/4375 4343/4343/4343
f 4342/4342/4342 4344/4344/4344 4376/4376/4376
f 4342/4342/4342 4376/4376/4376 4374/4374/4374
f 4343/4343/4343 4375/4375/4375 4377/4377/4377
f 4343/4343/4343 4377/4377/4377 4345/4345/4345
f 4344/4344/4344 4346/4346/4346 4378/4378/4378
f 4344/4344/4344 4378/4378/4378 4376/4376/4376
f 4345/4345/4345 4377/4377/4377 4379/4379/4379
f 4345/4345/4345 4379/4379/4379 4347/4347/4347
f 4346/4346/4346 4348/4348/4348 4380/4380/4380
f 4346/4346/4346 4380/4380/4380 4378/4378/4378
f 4347/4347/4347 4379/4379/4379 4381/4381/4381
f 4347/4347/4347 4381/4381/4381 4349/4349/4349
f 4348/4348/4348 4350/4350/4350 4382/4382/4382
f 4348/4348/4348 4382/4382/4382 4380/4380/4380
f 4349/4349/4349 4381/4381/4381 4383/4383/4383
f 4349/4349/4349 4383/4383/4383 4351/4351/4351
f 4350/4350/4350 4352/4352/4352 4384/4384/4384
f 4350/4350/4350 4384/4384/4384 4382/4382/4382
f 4353/4353/4353 4385/4385/4385 4387/4387/4387
f 4353/4353/4353 4387/4387/4387 4355/4355/4355
f 4354/4354/4354 4356/4356/4356 4388/4388/4388
f 4354/4354/4354 4388/4388/4388 4386/4386/4386
f 4355/4355/4355 4387/4387/4387 4389/4389/4389
f 4355/4355/4355 4389/4389/4389 4357/4357/4357
f 4356/4356/4356 4358/4358/4358 4390/4390/4390
f 4356/4356/4356 4390/4390/4390 4388/4388/4388
f 4357/4357/4357 4389/4389/4389 4391/4391/4391
f 4357/4357/4357 4391/4391/4391 4359/4359/4359
f 4358/4358/4358 4360/4360/4360 4392/4392/4392
f 4358/4358/4358 4392/4392/4392 4390/4390/4390
f 4359/4359/4359 4391/4391/4391 4393/4393/4393
f 4359/4359/4359 4393/4393/4393 4361/4361/4361
f 4360/4360/4360 4362/4362/4362 4394/4394/4394
f 4360/4360/4360 4394/4394/4394 4392/4392/4392
f 4361/4361/4361 4393/4393/4393 4395/4395/4395
f 4361/4361/4361 4395/4395/4395 4363/4363/4363
f 4362/4362/4362 4364/4364/4364 4396/4396/4396
f 4362/4362/4362 4396/4396/4396 4394/4394/4394
f 4363/4363/4363 4395/4395/4395 4397/4397/4397
f 4363/4363/4363 4397/4397/4397 4365/4365/4365
f 4364/4364/4364 4366/4366/4366 4398/4398/4398
f 4364/4364/4364 4398/4398/4398 4396/4396/4396
f 4365/4365/4365 4397/4397/4397 4399/4399/4399
f 4365/4365/4365 4399/4399/4399 4367/4367/4367
f 4366/4366/4366 4368/4368/4368 4400/4400/4400
f 4366/4366/4366 4400/4400/4400 4398/4398/4398
f 4367/4367/4367 4399/4399/4399 4401/4401/4401
f 4367/4367/4367 4401/4401/4401 4369/4369/4369
f 4368/4368/4368 4370/4370/4370 4402/4402/4402
f 4368/4368/4368 4402/4402/4402 4400/4400/4400
f 4369/4369/4369 4401/4401/4401 4403/4403/4403
f 4369/4369/4369 4403/4403/4403 4371/4371/4371
f 4370/4370/4370 4372/4372/4372 4404/4404/4404
f 4370/4370/4370 4404/4404/4404 4402/4402/4402
f 4371/4371/4371 4403/4403/4403 4405/4405/4405
f 4371/4371/4371 4405/4405/4405 4373/4373/4373
f 4372/4372/4372 4374/4374/4374 4406/4406/4406
f 4372/4372/4372 4406/4406/4406 4404/4404/4404
f 4373/4373/4373 4405/4405/4405 4407/4407/4407
f 4373/4373/4373 4407/4407/4407 4375/4375/4375
f 4374/4374/4374 4376/4376/4376 4408/4408/4408
f 4374/4374/4374 4408/4408/4408 4406/4406/4406
f 4375/4375/4375 4407/4407/4407 4409/4409/4409
f 4375/4375/4375 4409/4409/4409 4377/4377/4377
f 4376/4376/4376 4378/4378/4378 4410/4410/4410
f 4376/4376/4376 4410/4410/4410 4408/4408/4408
f 4377/4377/4377 4409/4409/4409 4411/4411/4411
f 4377/4377/4377 4411/4411/4411 4379/4379/4379
f 4378/4378/4378 4380/4380/4380 4412/4412/4412
f 4378/4378/4378 4412/4412/4412 4410/4410/4410
f 4379/4379/4379 4411/4411/4411 4413/4413/4413
f 4379/4379/4379 4413/4413/4413 4381/4381/4381
f 4380/4380/4380 4382/4382/4382 4414/4414/4414
f 4380/4380/4380 4414/4414/4414 4412/4412/4412
f 4381/4381/4381 4413/4413/4413 4415/4415/4415
f 4381/4381/4381 4415/4415/4415 4383/4383/4383
f 4382/4382/4382 4384/4384/4384 4416/4416/4416
f 4382/4382/4382 4416/4416/4416 4414/4414/4414
f 4385/4385/4385 4417/4417/4417 4419/4419/4419
f 4385/4385/4385 4419/4419/4419 4387/4387/4387
f 4386/4386/4386 4388/4388/4388 4420/4420/4420
f 4386/4386/4386 4420/4420/4420 4418/4418/4418
f 4387/4387/4387 4419/4419/4419 4421/4421/4421
f 4387/4387/4387 4421/4421/4421 4389/4389/4389
f 4388/4388/4388 4390/4390/4390 4422/4422/4422
f 4388/4388/4388 4422/4422/4422 4420/4420/4420
f 4389/4389/4389 4421/4421/4421 4423/4423/4423
f 4389/4389/4389 4423/4423/4423 4391/4391/4391
f 4390/4390/4390 4392/4392/4392 4424/4424/4424
f 4390/4390/4390 4424/4424/4424 4422/4422/4422
f 4391/4391/4391 4423/4423/4423 4425/4425/4425
f 4391/4391/4391 4425/4425/4425 4393/4393/4393
f 4392/4392/4392 4394/4394/4394 4426/4426/4426
f 4392/4392/4392 4426/4426/4426 4424/4424/4424
f 4393/4393/4393 4425/4425/4425 4427/4427/4427
f 4393/4393/4393 4427/4427/4427 4395/4395/4395
f 4394/4394/4394 4396/4396/4396 4428/4428/4428
f 4394/4394/4394 4428/4428/4428 4426/4426/4426
f 4395/4395/4395 4427/4427/4427 4429/4429/4429
f 4395/4395/4395 4429/4429/4429 4397/4397/4397
f 4396/4396/4396 4398/4398/4398 4430/4430/4430
f 4396/4396/4396 4430/4430/4430 4428/4428/4428
f 4397/4397/4397 4429/4429/4429 4431/4431/4431
f 4397/4397/4397 4431/4431/4431 4399/4399/4399
f 4398/4398/4398 4400/4400/4400 4432/4432/4432
f 4398/4398/4398 4432/4432/4432 4430/4430/4430
f 4399/4399/4399 4431/4431/4431 4433/4433/4433
f 4399/4399/4399 4433/4433/4433 4401/4401/4401
f 4400/4400/4400 4402/4402/4402 4434/4434/4434
f 4400/4400/4400 4434/4434/4434 4432/4432/4432
f 4401/4401/4401 4433/4433/4433 4435/4435/4435
f 4401/4401/4401 4435/4435/4435 4403/4403/4403
f 4402/4402/4402 4404/4404/4404 4436/4436/4436
f 4402/4402/4402 4436/4436/4436 4434/4434/4434
f 4403/4403/4403 4435/4435/4435 4437/4437/4437
f 4403/4403/4403 4437/4437/4437 4405/4405/4405
f 4404/4404/4404 4406/4406/4406 4438/4438/4438
f 4404/4404/4404 4438/4438/4438 4436/4436/4436
f 4405/4405/4405 4437/4437/4437 4439/4439/4439
f 4405/4405/4405 4439/4439/4439 4407/4407/4407
f 4406/4406/4406 4408/4408/4408 4440/4440/4440
f 4406/4406/4406 4440/4440/4440 4438/4438/4438
f 4407/4407/4407 4439/4439/4439 4441/4441/4441
f 4407/4407/4407 4441/4441/4441 4409/4409/4409
f 4408/4408/4408 4410/4410/4410 4442/4442/4442
f 4408/4408/4408 4442/4442/4442 4440/4440/4440
f 4409/4409/4409 4441/4441/4441 4443/4443/4443
f 4409/4409/4409 4443/4443/4443 4411/4411/4411
f 4410/4410/4410 4412/4412/4412 4444/4444/4444
f 4410/4410/4410 4444/4444/4444 4442/4442/4442
f 4411/4411/4411 4443/4443/4443 4445/4445/4445
f 4411/4411/4411 4445/4445/4445 4413/4413/4413
f 4412/4412/4412 4414/4414/4414 4446/4446/4446
f 4412/4412/4412 4446/4446/4446 4444/4444/4444
f 4413/4413/4413 4445/4445/4445 4447/4447/4447
f 4413/4413/4413 4447/4447/4447 4415/4415/4415
f 4414/4414/4414 4416/4416/4416 4448/4448/4448
f 4414/4414/4414 4448/4448/4448 4446/4446/4446
f 4417/4417/4417 4449/4449/4449 4451/4451/4451
f 4417/4417/4417 4451/4451/4451 4419/4419/4419
f 4418/4418/4418 4420/4420/4420 4452/4452/4452
f 4418/4418/4418 4452/4452/4452 4450/4450/4450
f 4419/4419/4419 4451/4451/4451 4453/4453/4453
f 4419/4419/4419 4453/4453/4453 4421/4421/4421
f 4420/4420/4420 4422/4422/4422 4454/4454/4454
f 4420/4420/4420 4454/4454/4454 4452/4452/4452
f 4421/4421/4421 4453/4453/4453 4455/4455/4455
f 4421/4421/4421 4455/4455/4455 4423/4423/4423
f 4422/4422/4422 4424/4424/4424 4456/4456/4456
f 4422/4422/4422 4456/4456/4456 4454/4454/4454
f 4423/4423/4423 4455/4455/4455 4457/4457/4457
f 4423/4423/4423 4457/4457/4457 4425/4425/4425
f 4424/4424/4424 4426/4426/4426 4458/4458/4458
f 4424/4424/4424 4458/4458/4458 4456/4456/4456
f 4425/4425/4425 4457/4457/4457 4459/4459/4459
f 4425/4425/4425 4459/4459/4459 4427/4427/4427
f 4426/4426/4426 4428/4428/4428 4460/4460/4460
f 4426/4426/4426 4460/4460/4460 4458/4458/4458
f 4427/4427/4427 4459/4459/4459 4461/4461/4461
f 4427/4427/4427 4461/4461/4461 4429/4429/4429
f 4428/4428/4428 4430/4430/4430 4462/4462/4462
f 4428/4428/4428 4462/4462/4462 4460/4460/4460
f 4429/4429/4429 4461/4461/4461 4463/4463/4463
f 4429/4429/4429 4463/4463/4463 4431/4431/4431
f 4430/4430/4430 4432/4432/4432 4464/4464/4464
f 4430/4430/4430 4464/4464/4464 4462/4462/4462
f 4431/4431/4431 4463/4463/4463 4465/4465/4465
f 4431/4431/4431 4465/4465/4465 4433/4433/4433
f 4432/4432/4432 4434/4434/4434 4466/4466/4466
f 4432/4432/4432 4466/4466/4466 4464/4464/4464
f 4433/4433/4433 4465/4465/4465 4467/4467/4467
f 4433/4433/4433 4467/4467/4467 4435/4435/4435
f 4434/4434/4434 4436/4436/4436 4468/4468/4468
f 4434/4434/4434 4468/4468/4468 4466/4466/4466
f 4435/4435/4435 4467/4467/4467 4469/4469/4469
f 4435/4435/4435 4469/4469/4469 4437/4437/4437
f 4436/4436/4436 4438/4438/4438 4470/4470/4470
f 4436/4436/4436 4470/4470/4470 4468/4468/4468
f 4437/4437/4437 4469/4469/4469 4471/4471/4471
f 4437/4437/4437 4471/4471/4471 4439/4439/4439
f 4438/4438/4438 4440/4440/4440 4472/4472/4472
f 4438/4438/4438 4472/4472/4472 4470/4470/4470
f 4439/4439/4439 4471/4471/4471 4473/4473/4473
f 4439/4439/4439 4473/4473/4473 4441/4441/4441
f 4440/4440/4440 4442/4442/4442 4474/4474/4474
f 4440/4440/4440 4474/4474/4474 4472/4472/4472
f 4441/4441/4441 4473/4473/4473 4475/4475/4475
f 4441/4441/4441 4475/4475/4475 4443/4443/4443
f 4442/4442/4442 4444/4444/4444 4476/4476/4476
f 4442/4442/4442 4476/4476/4476 4474/4474/4474
f 4443/4443/4443 4475/4475/4475 4477/4477/4477
f 4443/4443/4443 4477/4477/4477 4445/4445/4445
f 4444/4444/4444 4446/4446/4446 4478/4478/4478
f 4444/4444/4444 4478/4478/4478 4476/4476/4476
f 4445/4445/4445 4477/4477/4477 4479/4479/4479
f 4445/4445/4445 4479/4479/4479 4447/4447/4447
f 4446/4446/4446 4448/4448/4448 4480/4480/4480
f 4446/4446/4446 4480/4480/4480 4478/4478/4478
f 4449/4449/4449 4481/4481/4481 4483/4483/4483
f 4449/4449/4449 4483/4483/4483 4451/4451/4451
f 4450/4450/4450 4452/4452/4452 4484/4484/4484
f 4450/4450/4450 4484/4484/4484 4482/4482/4482
f 4451/4451/4451 4483/4483/4483 4485/4485/4485
f 4451/4451/4451 4485/4485/4485 4453/4453/4453
f 4452/4452/4452 4454/4454/4454 4486/4486/4486
f 4452/4452/4452 4486/4486/4486 4484/4484/4484
f 4453/4453/4453 4485/4485/4485 4487/4487/4487
f 4453/4453/4453 4487/4487/4487 4455/4455/4455
f 4454/4454/4454 4456/4456/4456 4488/4488/4488
f 4454/4454/4454 4488/4488/4488 4486/4486/4486
f 4455/4455/4455 4487/4487/4487 4489/4489/4489
f 4455/4455/4455 4489/4489/4489 4457/4457/4457
f 4456/4456/4456 4458/4458/4458 4490/4490/4490
f 4456/4456/4456 4490/4490/4490 4488/4488/4488
f 4457/4457/4457 4489/4489/4489 4491/4491/4491
f 4457/4457/4457 4491/4491/4491 4459/4459/4459
f 4458/4458/4458 4460/4460/4460 4492/4492/4492
f 4458/4458/4458 4492/4492/4492 4490/4490/4490
f 4459/4459/4459 4491/4491/4491 4493/4493/4493
f 4459/4459/4459 4493/4493/4493 4461/4461/4461
f 4460/4460/4460 4462/4462/4462 4494/4494/4494
f 4460/4460/4460 4494/4494/4494 4492/4492/4492
f 4461/4461/4461 4493/4493/4493 4495/4495/4495
f 4461/4461/4461 4495/4495/4495 4463/4463/4463
f 4462/4462/4462 4464/4464/4464 4496/4496/4496
f 4462/4462/4462 4496/4496/4496 4494/4494/4494
f 4463/4463/4463 4495/4495/4495 4497/4497/4497
f 4463/4463/4463 4497/4497/4497 4465/4465/4465
f 4464/4464/4464 4466/4466/4466 4498/4498/4498
f 4464/4464/4464 4498/4498/4498 4496/4496/4496
f 4465/4465/4465 4497/4497/4497 4499/4499/4499
f 4465/4465/4465 4499/4499/4499 4467/4467/4467
f 4466/4466/4466 4468/4468/4468 4500/4500/4500
f 4466/4466/4466 4500/4500/4500 4498/4498/4498
f 4467/4467/4467 4499/4499/4499 4501/4501/4501
f 4467/4467/4467 4501/4501/4501 4469/4469/4469
f 4468/4468/4468 4470/4470/4470 4502/4502/4502
f 4468/4468/4468 4502/4502/4502 4500/4500/4500
f 4469/4469/4469 4501/4501/4501 4503/4503/4503
f 4469/4469/4469 4503/4503/4503 4471/4471/4471
f 4470/4470/4470 4472/4472/4472 4504/4504/4504
f 4470/4470/4470 4504/4504/4504 4502/4502/4502
f 4471/4471/4471 4503/4503/4503 4505/4505/4505
f 4471/4471/4471 4505/4505/4505 4473/4473/4473
f 4472/4472/4472 4474/4474/4474 4506/4506/4506
f 4472/4472/4472 4506/4506/4506 4504/4504/4504
f 4473/4473/4473 4505/4505/4505 4507/4507/4507
f 4473/4473/4473 4507/4507/4507 4475/4475/4475
f 4474/4474/4474 4476/4476/4476 4508/4508/4508
f 4474/4474/4474 4508/4508/4508 4506/4506/4506
f 4475/4475/4475 4507/4507/4507 4509/4509/4509
f 4475/4475/4475 4509/4509/4509 4477/4477/4477
f 4476/4476/4476 4478/4478/4478 4510/4510/4510
f 4476/4476/4476 4510/4510/4510 4508/4508/4508
f 4477/4477/4477 4509/4509/4509 4511/4511/4511
f 4477/4477/4477 4511/4511/4511 4479/4479/4479
f 4478/4478/4478 4480/4480/4480 4512/4512/4512
f 4478/4478/4478 4512/4512/4512 4510/4510/4510
f 4481/4481/4481 4513/4513/4513 4515/4515/4515
f 4481/4481/4481 4515/4515/4515 4483/4483/4483
f 4482/4482/4482 4484/4484/4484 4516/4516/4516
f 4482/4482/4482 4516/4516/4516 4514/4514/4514
f 4483/4483/4483 4515/4515/4515 4517/4517/4517
f 4483/4483/4483 4517/4517/4517 4485/4485/4485
f 4484/4484/4484 4486/4486/4486 4518/4518/4518
f 4484/4484/4484 4518/4518/4518 4516/4516/4516
f 4485/4485/4485 4517/4517/4517 4519/4519/4519
f 4485/4485/4485 4519/4519/4519 4487/4487/4487
f 4486/4486/4486 4488/4488/4488 4520/4520/4520
f 4486/4486/4486 4520/4520/4520 4518/4518/4518
f 4487/4487/4487 4519/4519/4519 4521/4521/4521
f 4487/4487/4487 4521/4521/4521 4489/4489/4489
f 4488/4488/4488 4490/4490/4490 4522/4522/4522
f 4488/4488/4488 4522/4522/4522 4520/4520/4520
f 4489/4489/4489 4521/4521/4521 4523/4523/4523
f 4489/4489/4489 4523/4523/4523 4491/4491/4491
f 4490/4490/4490 4492/4492/4492 4524/4524/4524
f 4490/4490/4490 4524/4524/4524 4522/4522/4522
f 4491/4491/4491 4523/4523/4523 4525/4525/4525
f 4491/4491/4491 4525/4525/4525 4493/4493/4493
f 4492/4492/4492 4494/4494/4494 4526/4526/4526
f 4492/4492/4492 4526/4526/4526 4524/4524/4524
f 4493/4493/4493 4525/4525/4525 4527/4527/4527
f 4493/4493/4493 4527/4527/4527 4495/4495/4495
f 4494/4494/4494 4496/4496/4496 4528/4528/4528
f 4494/4494/4494 4528/4528/4528 4526/4526/4526
f 4495/4495/4495 4527/4527/4527 4529/4529/4529
f 4495/4495/4495 4529/4529/4529 4497/4497/4497
f 4496/4496/4496 4498/4498/4498 4530/4530/4530
f 4496/4496/4496 4530/4530/4530 4528/4528/4528
f 4497/4497/4497 4529/4529/4529 4531/4531/4531
f 4497/4497/4497 4531/4531/4531 4499/4499/4499
f 4498/4498/4498 4500/4500/4500 4532/4532/4532
f 4498/4498/4498 4532/4532/4532 4530/4530/4530
f 4499/4499/4499 4531/4531/4531 4533/4533/4533
f 4499/4499/4499 4533/4533/4533 4501/4501/4501
f 4500/4500/4500 4502/4502/4502 4534/4534/4534
f 4500/4500/4500 4534/4534/4534 4532/4532/4532
f 4501/4501/4501 4533/4533/4533 4535/4535/4535
f 4501/4501/4501 4535/4535/4535 4503/4503/4503
f 4502/4502/4502 4504/4504/4504 4536/4536/4536
f 4502/4502/4502 4536/4536/4536 4534/4534/4534
f 4503/4503/4503 4535/4535/4535 4537/4537/4537
f 4503/4503/4503 4537/4537/4537 4505/4505/4505
f 4504/4504/4504 4506/4506/4506 4538/4538/4538
f 4504/4504/4504 4538/4538/4538 4536/4536/4536
f 4505/4505/4505 4537/4537/4537 4539/4539/4539
f 4505/4505/4505 4539/4539/4539 4507/4507/4507
f 4506/4506/4506 4508/4508/4508 4540/4540/4540
f 4506/4506/4506 4540/4540/4540 4538/4538/4538
f 4507/4507/4507 4539/4539/4539 4541/4541/4541
f 4507/4507/4507 4541/4541/4541 4509/4509/4509
f 4508/4508/4508 4510/4510/4510 4542/4542/4542
f 4508/4508/4508 4542/4542/4542 4540/4540/4540
f 4509/4509/4509 4541/4541/4541 4543/4543/4543
f 4509/4509/4509 4543/4543/4543 4511/4511/4511
f 4510/4510/4510 4512/4512/4512 4544/4544/4544
f 4510/4510/4510 4544/4544/4544 4542/4542/4542
f 4513/4513/4513 4545/4545/4545 4547/4547/4547
f 4513/4513/4513 4547/4547/4547 4515/4515/4515
f 4514/4514/4514 4516/4516/4516 4548/4548/4548
f 4514/4514/4514 4548/4548/4548 4546/4546/4546
f 4515/4515/4515 4547/4547/4547 4549/4549/4549
f 4515/4515/4515 4549/4549/4549 4517/4517/4517
f 4516/4516/4516 4518/4518/4518 4550/4550/4550
f 4516/4516/4516 4550/4550/4550 4548/4548/4548
f 4517/4517/4517 4549/4549/4549 4551/4551/4551
f 4517/4517/4517 4551/4551/4551 4519/4519/4519
f 4518/4518/4518 4520/4520/4520 4552/4552/4552
f 4518/4518/4518 4552/4552/4552 4550/4550/4550
f 4519/4519/4519 4551/4551/4551 4553/4553/4553
f 4519/4519/4519 4553/4553/4553 4521/4521/4521
f 4520/4520/4520 4522/4522/4522 4554/4554/4554
f 4520/4520/4520 4554/4554/4554 4552/4552/4552
f 4521/4521/4521 4553/4553/4553 4555/4555/4555
f 4521/4521/4521 4555/4555/4555 4523/4523/4523
f 4522/4522/4522 4524/4524/4524 4556/4556/4556
f 4522/4522/4522 4556/4556/4556 4554/4554/4554
f 4523/4523/4523 4555/4555/4555 4557/4557/4557
f 4523/4523/4523 4557/4557/4557 4525/4525/4525
f 4524/4524/4524 4526/4526/4526 4558/4558/4558
f 4524/4524/4524 4558/4558/4558 4556/4556/4556
f 4525/4525/4525 4557/4557/4557 4559/4559/4559
f 4525/4525/4525 4559/4559/4559 4527/4527/4527
f 4526/4526/4526 4528/4528/4528 4560/4560/4560
f 4526/4526/4526 4560/4560/4560 4558/4558/4558
f 4527/4527/4527 4559/4559/4559 4561/4561/4561
f 4527/4527/4527 4561/4561/4561 4529/4529/4529
f 4528/4528/4528 4530/4530/4530 4562/4562/4562
f 4528/4528/4528 4562/4562/4562 4560/4560/4560
f 4529/4529/4529 4561/4561/4561 4563/4563/4563
f 4529/4529/4529 4563/4563/4563 4531/4531/4531
f 4530/4530/4530 4532/4532/4532 4564/4564/4564
f 4530/4530/4530 4564/4564/4564 4562/4562/4562
f 4531/4531/4531 4563/4563/4563 4565/4565/4565
f 4531/4531/4531 4565/4565/4565 4533/4533/4533
f 4532/4532/4532 4534/4534/4534 4566/4566/4566
f 4532/4532/4532 4566/4566/4566 4564/4564/4564
f 4533/4533/4533 4565/4565/4565 4567/4567/4567
f 4533/4533/4533 4567/4567/4567 4535/4535/4535
f 4534/4534/4534 4536/4536/4536 4568/4568/4568
f 4534/4534/4534 4568/4568/4568 4566/4566/4566
f 4535/4535/4535 4567/4567/4567 4569/4569/4569
f 4535/4535/4535 4569/4569/4569 4537/4537/4537
f 4536/4536/4536 4538/4538/4538 4570/4570/4570
f 4536/4536/4536 4570/4570/4570 4568/4568/4568
f 4537/4537/4537 4569/4569/4569 4571/4571/4571
f 4537/4537/4537 4571/4571/4571 4539/4539/4539
f 4538/4538/4538 4540/4540/4540 4572/4572/4572
f 4538/4538/4538 4572/4572/4572 4570/4570/4570
f 4539/4539/4539 4571/4571/4571 4573/4573/4573
f 4539/4539/4539 4573/4573/4573 4541/4541/4541
f 4540/4540/4540 4542/4542/4542 4574/4574/4574
f 4540/4540/4540 4574/4574/4574 4572/4572/4572
f 4541/4541/4541 4573/4573/4573 4575/4575/4575
f 4541/4541/4541 4575/4575/4575 4543/4543/4543
f 4542/4542/4542 4544/4544/4544 4576/4576/4576
f 4542/4542/4542 4576/4576/4576 4574/4574/4574
f 4289/4289/4289 4290/4290/4290 4322/4322/4322
f 4289/4289/4289 4322/4322/4322 4321/4321/4321
f 4319/4319/4319 4351/4351/4351 4352/4352/4352
f 4319/4319/4319 4352/4352/4352 4320/4320/4320
f 4321/4321/4321 4322/4322/4322 4354/4354/4354
f 4321/4321/4321 4354/4354/4354 4353/4353/4353
f 4351/4351/4351 4383/4383/4383 4384/4384/4384
f 4351/4351/4351 4384/4384/4384 4352/4352/4352
f 4353/4353/4353 4354/4354/4354 4386/4386/4386
f 4353/4353/4353 4386/4386/4386 4385/4385/4385
f 4383/4383/4383 4415/4415/4415 4416/4416/4416
f 4383/4383/4383 4416/4416/4416 4384/4384/4384
f 4385/4385/4385 4386/4386/4386 4418/4418/4418
f 4385/4385/4385 4418/4418/4418 4417/4417/4417
f 4415/4415/4415 4447/4447/4447 4448/4448/4448
f 4415/4415/4415 4448/4448/4448 4416/4416/4416
f 4417/4417/4417 4418/4418/4418 4450/4450/4450
f 4417/4417/4417 4450/4450/4450 4449/4449/4449
f 4447/4447/4447 4479/4479/4479 4480/4480/4480
f 4447/4447/4447 4480/4480/4480 4448/4448/4448
f 4449/4449/4449 4450/4450/4450 4482/4482/4482
f 4449/4449/4449 4482/4482/4482 4481/4481/4481
f 4479/4479/4479 4511/4511/4511 4512/4512/4512
f 4479/4479/4479 4512/4512/4512 4480/4480/4480
f 4481/4481/4481 4482/4482/4482 4514/4514/4514
f 4481/4481/4481 4514/4514/4514 4513/4513/4513
f 4511/4511/4511 4543/4543/4543 4544/4544/4544
f 4511/4511/4511 4544/4544/4544 4512/4512/4512
f 4513/4513/4513 4514/4514/4514 4546/4546/4546
f 4513/4513/4513 4546/4546/4546 4545/4545/4545
f 4543/4543/4543 4575/4575/4575 4576/4576/4576
f 4543/4543/4543 4576/4576/4576 4544/4544/4544
f 4289/4289/4289 4291/4291/4291 4292/4292/4292
f 4289/4289/4289 4292/4292/4292 4290/4290/4290
f 4545/4545/4545 4546/4546/4546 4548/4548/4548
f 4545/4545/4545 4548/4548/4548 4547/4547/4547
f 4291/4291/4291 4293/4293/4293 4294/4294/4294
f 4291/4291/4291 4294/4294/4294 4292/4292/4292
f 4547/4547/4547 4548/4548/4548 4550/4550/4550
f 4547/4547/4547 4550/4550/4550 4549/4549/4549
f 4293/4293/4293 4295/4295/4295 4296/4296/4296
f 4293/4293/4293 4296/4296/4296 4294/4294/4294
f 4549/4549/4549 4550/4550/4550 4552/4552/4552
f 4549/4549/4549 4552/4552/4552 4551/4551/4551
f 4295/4295/4295 4297/4297/4297 4298/4298/4298
f 4295/4295/4295 4298/4298/4298 4296/4296/4296
f 4551/4551/4551 4552/4552/4552 4554/4554/4554
f 4551/4551/4551 4554/4554/4554 4553/4553/4553
f 4297/4297/4297 4299/4299/4299 4300/4300/4300
f 4297/4297/4297 4300/4300/4300 4298/4298/4298
f 4553/4553/4553 4554/4554/4554 4556/4556/4556
f 4553/4553/4553 4556/4556/4556 4555/4555/4555
f 4299/4299/4299 4301/4301/4301 4302/4302/4302
f 4299/4299/4299 4302/4302/4302 4300/4300/4300
f 4555/4555/4555 4556/4556/4556 4558/4558/4558
f 4555/4555/4555 4558/4558/4558 4557/4557/4557
f 4301/4301/4301 4303/4303/4303 4304/4304/4304
f 4301/4301/4301 4304/4304/4304 4302/4302/4302
f 4557/4557/4557 4558/4558/4558 4560/4560/4560
f 4557/4557/4557 4560/4560/4560 4559/4559/4559
f 4303/4303/4303 4305/4305/4305 4306/4306/4306
f 4303/4303/4303 4306/4306/4306 4304/4304/4304
f 4559/4559/4559 4560/4560/4560 4562/4562/4562
f 4559/4559/4559 4562/4562/4562 4561/4561/4561
f 4305/4305/4305 4307/4307/4307 4308/4308/4308
f 4305/4305/4305 4308/4308/4308 4306/4306/4306
f 4561/4561/4561 4562/4562/4562 4564/4564/4564
f 4561/4561/4561 4564/4564/4564 4563/4563/4563
f 4307/4307/4307 4309/4309/4309 4310/4310/4310
f 4307/4307/4307 4310/4310/4310 4308/4308/4308
f 4563/4563/4563 4564/4564/4564 4566/4566/4566
f 4563/4563/4563 4566/4566/4566 4565/4565/4565
f 4309/4309/4309 4311/4311/4311 4312/4312/4312
f 4309/4309/4309 4312/4312/4312 4310/4310/4310
f 4565/4565/4565 4566/4566/4566 4568/4568/4568
f 4565/4565/4565 4568/4568/4568 4567/4567/4567
f 4311/4311/4311 4313/4313/4313 4314/4314/4314
f 4311/4311/4311 4314/4314/4314 4312/4312/4312
f 4567/4567/4567 4568/4568/4568 4570/4570/4570
f 4567/4567/4567 4570/4570/4570 4569/4569/4569
f 4313/4313/4313 4315/4315/4315 4316/4316/4316
f 4313/4313/4313 4316/4316/4316 4314/4314/4314
f 4569/4569/4569 4570/4570/4570 4572/4572/4572
f 4569/4569/4569 4572/4572/4572 4571/4571/4571
f 4315/4315/4315 4317/4317/4317 4318/4318/4318
f 4315/4315/4315 4318/4318/4318 4316/4316/4316
f 4571/4571/4571 4572/4572/4572 4574/4574/4574
f 4571/4571/4571 4574/4574/4574 4573/4573/4573
f 4317/4317/4317 4319/4319/4319 4320/4320/4320
f 4317/4317/4317 4320/4320/4320 4318/4318/4318
f 4573/4573/4573 4574/4574/4574 4576/4576/4576
f 4573/4573/4573 4576/4576/4576 4575/4575/4575
f 4577/4577/4577 4585/4585/4585 4586/4586/4586
f 4577/4577/4577 4586/4586/4586 4578/4578/4578
f 4578/4578/4578 4586/4586/4586 4587/4587/4587
f 4578/4578/4578 4587/4587/4587 4579/4579/4579
f 4579/4579/4579 4587/4587/4587 4588/4588/4588
f 4579/4579/4579 4588/4588/4588 4580/4580/4580
f 4580/4580/4580 4588/4588/4588 4589/4589/4589
f 4580/4580/4580 4589/4589/4589 4581/4581/4581
f 4581/4581/4581 4589/4589/4589 4590/4590/4590
f 4581/4581/4581 4590/4590/4590 4582/4582/4582
f 4582/4582/4582 4590/4590/4590 4591/4591/4591
f 4582/4582/4582 4591/4591/4591 4583/4583/4583
f 4583/4583/4583 4591/4591/4591 4592/4592/4592
f 4583/4583/4583 4592/4592/4592 4584/4584/4584
f 4584/4584/4584 4592/4592/4592 4585/4585/4585
f 4584/4584/4584 4585/4585/4585 4577/4577/4577
f 4585/4585/4585 4593/4593/4593 4594/4594/4594
f 4585/4585/4585 4594/4594/4594 4586/4586/4586
f 4586/4586/4586 4594/4594/4594 4595/4595/4595
f 4586/4586/4586 4595/4595/4595 4587/4587/4587
f 4587/4587/4587 4595/4595/4595 4596/4596/4596
f 4587/4587/4587 4596/4596/4596 4588/4588/4588
f 4588/4588/4588 4596/4596/4596 4597/4597/4597
f 4588/4588/4588 4597/4597/4597 4589/4589/4589
f 4589/4589/4589 4597/4597/4597 4598/4598/4598
f 4589/4589/4589 4598/4598/4598 4590/4590/4590
f 4590/4590/4590 4598/4598/4598 4599/4599/4599
f 4590/4590/4590 4599/4599/4599 4591/4591/4591
f 4591/4591/4591 4599/4599/4599 4600/4600/4600
f 4591/4591/4591 4600/4600/4600 4592/4592/4592
f 4592/4592/4592 4600/4600/4600 4593/4593/4593
f 4592/4592/4592 4593/4593/4593 4585/4585/4585
f 4593/4593/4593 4601/4601/4601 4602/4602/4602
f 4593/4593/4593 4602/4602/4602 4594/4594/4594
f 4594/4594/4594 4602/4602/4602 4603/4603/4603
f 4594/4594/4594 4603/4603/4603 4595/4595/4595
f 4595/4595/4595 4603/4603/4603 4604/4604/4604
f 4595/4595/4595 4604/4604/4604 4596/4596/4596
f 4596/4596/4596 4604/4604/4604 4605/4605/4605
f 4596/4596/4596 4605/4605/4605 4597/4597/4597
f 4597/4597/4597 4605/4605/4605 4606/4606/4606
f 4597/4597/4597 4606/4606/4606 4598/4598/4598
f 4598/4598/4598 4606/4606/4606 4607/4607/4607
f 4598/4598/4598 4607/4607/4607 4599/4599/4599
f 4599/4599/4599 4607/4607/4607 4608/4608/4608
f 4599/4599/4599 4608/4608/4608 4600/4600/4600
f 4600/4600/4600 4608/4608/4608 4601/4601/4601
f 4600/4600/4600 4601/4601/4601 4593/4593/4593
f 4601/4601/4601 4609/4609/4609 4610/4610/4610
f 4601/4601/4601 4610/4610/4610 4602/4602/4602
f 4602/4602/4602 4610/4610/4610 4611/4611/4611
f 4602/4602/4602 4611/4611/4611 4603/4603/4603
f 4603/4603/4603 4611/4611/4611 4612/4612/4612
f 4603/4603/4603 4612/4612/4612 4604/4604/4604
f 4604/4604/4604 4612/4612/4612 4613/4613/4613
f 4604/4604/4604 4613/4613/4613 4605/4605/4605
f 4605/4605/4605 4613/4613/4613 4614/4614/4614
f 4605/4605/4605 4614/4614/4614 4606/4606/4606
f 4606/4606/4606 4614/4614/4614 4615/4615/4615
f 4606/4606/4606 4615/4615/4615 4607/4607/4607
f 4607/4607/4607 4615/4615/4615 4616/4616/4616
f 4607/4607/4607 4616/4616/4616 4608/4608/4608
f 4608/4608/4608 4616/4616/4616 4609/4609/4609
f 4608/4608/4608 4609/4609/4609 4601/4601/4601
f 4617/4617/4617 4625/4625/4625 4626/4626/4626
f 4617/4617/4617 4626/4626/4626 4618/4618/4618
f 4618/4618/4618 4626/4626/4626 4627/4627/4627
f 4618/4618/4618 4627/4627/4627 4619/4619/4619
f 4619/4619/4619 4627/4627/4627 4628/4628/4628
f 4619/4619/4619 4628/4628/4628 4620/4620/4620
f 4620/4620/4620 4628/4628/4628 4629/4629/4629
f 4620/4620/4620 4629/4629/4629 4621/4621/4621
f 4621/4621/4621 4629/4629/4629 4630/4630/4630
f 4621/4621/4621 4630/4630/4630 4622/4622/4622
f 4622/4622/4622 4630/4630/4630 4631/4631/4631
f 4622/4622/4622 4631/4631/4631 4623/4623/4623
f 4623/4623/4623 4631/4631/4631 4632/4632/4632
f 4623/4623/4623 4632/4632/4632 4624/4624/4624
f 4624/4624/4624 4632/4632/4632 4625/4625/4625
f 4624/4624/4624 4625/4625/4625 4617/4617/4617
f 4625/4625/4625 4633/4633/4633 4634/4634/4634
f 4625/4625/4625 4634/4634/4634 4626/4626/4626
f 4626/4626/4626 4634/4634/4634 4635/4635/4635
f 4626/4626/4626 4635/4635/4635 4627/4627/4627
f 4627/4627/4627 4635/4635/4635 4636/4636/4636
f 4627/4627/4627 4636/4636/4636 4628/4628/4628
f 4628/4628/4628 4636/4636/4636 4637/4637/4637
f 4628/4628/4628 4637/4637/4637 4629/4629/4629
f 4629/4629/4629 4637/4637/4637 4638/4638/4638
f 4629/4629/4629 4638/4638/4638 4630/4630/4630
f 4630/4630/4630 4638/4638/4638 4639/4639/4639
f 4630/4630/4630 4639/4639/4639 4631/4631/4631
f 4631/4631/4631 4639/4639/4639 4640/4640/4640
f 4631/4631/4631 4640/4640/4640 4632/4632/4632
f 4632/4632/4632 4640/4640/4640 4633/4633/4633
f 4632/4632/4632 4633/4633/4633 4625/4625/4625
f 4633/4633/4633 4641/4641/4641 4642/4642/4642
f 4633/4633/4633 4642/4642/4642 4634/4634/4634
f 4634/4634/4634 4642/4642/4642 4643/4643/4643
f 4634/4634/4634 4643/4643/4643 4635/4635/4635
f 4635/4635/4635 4643/4643/4643 4644/4644/4644
f 4635/4635/4635 4644/4644/4644 4636/4636/4636
f 4636/4636/4636 4644/4644/4644 4645/4645/4645
f 4636/4636/4636 4645/4645/4645 4637/4637/4637
f 4637/4637/4637 4645/4645/4645 4646/4646/4646
f 4637/4637/4637 4646/4646/4646 4638/4638/4638
f 4638/4638/4638 4646/4646/4646 4647/4647/4647
f 4638/4638/4638 4647/4647/4647 4639/4639/4639
f 4639/4639/4639 4647/4647/4647 4648/4648/4648
f 4639/4639/4639 4648/4648/4648 4640/4640/4640
f 4640/4640/4640 4648/4648/4648 4641/4641/4641
f 4640/4640/4640 4641/4641/4641 4633/4633/4633
f 4641/4641/4641 4649/4649/4649 4650/4650/4650
f 4641/4641/4641 4650/4650/4650 4642/4642/4642
f 4642/4642/4642 4650/4650/4650 4651/4651/4651
f 4642/4642/4642 4651/4651/4651 4643/4643/4643
f 4643/4643/4643 4651/4651/4651 4652/4652/4652
f 4643/4643/4643 4652/4652/4652 4644/4644/4644
f 4644/4644/4644 4652/4652/4652 4653/4653/4653
f 4644/4644/4644 4653/4653/4653 4645/4645/4645
f 4645/4645/4645 4653/4653/4653 4654/4654/4654
f 4645/4645/4645 4654/4654/4654 4646/4646/4646
f 4646/4646/4646 4654/4654/4654 4655/4655/4655
f 4646/4646/4646 4655/4655/4655 4647/4647/4647
f 4647/4647/4647 4655/4655/4655 4656/4656/4656
f 4647/4647/4647 4656/4656/4656 4648/4648/4648
f 4648/4648/4648 4656/4656/4656 4649/4649/4649
f 4648/4648/4648 4649/4649/4649 4641/4641/4641
f 4657/4657/4657 4665/4665/4665 4666/4666/4666
f 4657/4657/4657 4666/4666/4666 4658/4658/4658
f 4658/4658/4658 4666/4666/4666 4667/4667/4667
f 4658/4658/4658 4667/4667/4667 4659/4659/4659
f 4659/4659/4659 4667/4667/4667 4668/4668/4668
f 4659/4659/4659 4668/4668/4668 4660/4660/4660
f 4660/4660/4660 4668/4668/4668 4669/4669/4669
f 4660/4660/4660 4669/4669/4669 4661/4661/4661
f 4661/4661/4661 4669/4669/4669 4670/4670/4670
f 4661/4661/4661 4670/4670/4670 4662/4662/4662
f 4662/4662/4662 4670/4670/4670 4671/4671/4671
f 4662/4662/4662 4671/4671/4671 4663/4663/4663
f 4663/4663/4663 4671/4671/4671 4672/4672/4672
f 4663/4663/4663 4672/4672/4672 4664/4664/4664
f 4664/4664/4664 4672/4672/4672 4665/4665/4665
f 4664/4664/4664 4665/4665/4665 4657/4657/4657
f 4665/4665/4665 4673/4673/4673 4674/4674/4674
f 4665/4665/4665 4674/4674/4674 4666/4666/4666
f 4666/4666/4666 4674/4674/4674 4675/4675/4675
f 4666/4666/4666 4675/4675/4675 4667/4667/4667
f 4667/4667/4667 4675/4675/4675 4676/4676/4676
f 4667/4667/4667 4676/4676/4676 4668/4668/4668
f 4668/4668/4668 4676/4676/4676 4677/4677/4677
f 4668/4668/4668 4677/4677/4677 4669/4669/4669
f 4669/4669/4669 4677/4677/4677 4678/4678/4678
f 4669/4669/4669 4678/4678/4678 4670/4670/4670
f 4670/4670/4670 4678/4678/4678 4679/4679/4679
f 4670/4670/4670 4679/4679/4679 4671/4671/4671
f 4671/4671/4671 4679/4679/4679 4680/4680/4680
f 4671/4671/4671 4680/4680/4680 4672/4672/4672
f 4672/4672/4672 4680/4680/4680 4673/4673/4673
f 4672/4672/4672 4673/4673/4673 4665/4665/4665
f 4673/4673/4673 4681/4681/4681 4682/4682/4682
f 4673/4673/4673 4682/4682/4682 4674/4674/4674
f 4674/4674/4674 4682/4682/4682 4683/4683/4683
f 4674/4674/4674 4683/4683/4683 4675/4675/4675
f 4675/4675/4675 4683/4683/4683 4684/4684/4684
f 4675/4675/4675 4684/4684/4684 4676/4676/4676
f 4676/4676/4676 4684/4684/4684 4685/4685/4685
f 4676/4676/4676 4685/4685/4685 4677/4677/4677
f 4677/4677/4677 4685/4685/4685 4686/4686/4686
f 4677/4677/4677 4686/4686/4686 4678/4678/4678
f 4678/4678/4678 4686/4686/4686 4687/4687/4687
f 4678/4678/4678 4687/4687/4687 4679/4679/4679
f 4679/4679/4679 4687/4687/4687 4688/4688/4688
f 4679/4679/4679 4688/4688/4688 4680/4680/4680
f 4680/4680/4680 4688/4688/4688 4681/4681/4681
f 4680/4680/4680 4681/4681/4681 4673/4673/4673
f 4681/4681/4681 4689/4689/4689 4690/4690/4690
f 4681/4681/4681 4690/4690/4690 4682/4682/4682
f 4682/4682/4682 4690/4690/4690 4691/4691/4691
f 4682/4682/4682 4691/4691/4691 4683/4683/4683
f 4683/4683/4683 4691/4691/4691 4692/4692/4692
f 4683/4683/4683 4692/4692/4692 4684/4684/4684
f 4684/4684/4684 4692/4692/4692 4693/4693/4693
f 4684/4684/4684 4693/4693/4693 4685/4685/4685
f 4685/4685/4685 4693/4693/4693 4694/4694/4694
f 4685/4685/4685 4694/4694/4694 4686/4686/4686
f 4686/4686/4686 4694/4694/4694 4695/4695/4695
f 4686/4686/4686 4695/4695/4695 4687/4687/4687
f 4687/4687/4687 4695/4695/4695 4696/4696/4696
f 4687/4687/4687 4696/4696/4696 4688/4688/4688
f 4688/4688/4688 4696/4696/4696 4689/4689/4689
f 4688/4688/4688 4689/4689/4689 4681/4681/4681
f 4697/4697/4697 4705/4705/4705 4706/4706/4706
f 4697/4697/4697 4706/4706/4706 4698/4698/4698
f 4698/4698/4698 4706/4706/4706 4707/4707/4707
f 4698/4698/4698 4707/4707/4707 4699/4699/4699
f 4699/4699/4699 4707/4707/4707 4708/4708/4708
f 4699/4699/4699 4708/4708/4708 4700/4700/4700
f 4700/4700/4700 4708/4708/4708 4709/4709/4709
f 4700/4700/4700 4709/4709/4709 4701/4701/4701
f 4701/4701/4701 4709/4709/4709 4710/4710/4710
f 4701/4701/4701 4710/4710/4710 4702/4702/4702
f 4702/4702/4702 4710/4710/4710 4711/4711/4711
f 4702/4702/4702 4711/4711/4711 4703/4703/4703
f 4703/4703/4703 4711/4711/4711 4712/4712/4712
f 4703/4703/4703 4712/4712/4712 4704/4704/4704
f 4704/4704/4704 4712/4712/4712 4705/4705/4705
f 4704/4704/4704 4705/4705/4705 4697/4697/4697
f 4705/4705/4705 4713/4713/4713 4714/4714/4714
f 4705/4705/4705 4714/4714/4714 4706/4706/4706
f 4706/4706/4706 4714/4714/4714 4715/4715/4715
f 4706/4706/4706 4715/4715/4715 4707/4707/4707
f 4707/4707/4707 4715/4715/4715 4716/4716/4716
f 4707/4707/4707 4716/4716/4716 4708/4708/4708
f 4708/4708/4708 4716/4716/4716 4717/4717/4717
f 4708/4708/4708 4717/4717/4717 4709/4709/4709
f 4709/4709/4709 4717/4717/4717 4718/4718/4718
f 4709/4709/4709 4718/4718/4718 4710/4710/4710
f 4710/4710/4710 4718/4718/4718 4719/4719/4719
f 4710/4710/4710 4719/4719/4719 4711/4711/4711
f 4711/4711/4711 4719/4719/4719 4720/4720/4720
f 4711/4711/4711 4720/4720/4720 4712/4712/4712
f 4712/4712/4712 4720/4720/4720 4713/4713/4713
f 4712/4712/4712 4713/4713/4713 4705/4705/4705
f 4713/4713/4713 4721/4721/4721 4722/4722/4722
f 4713/4713/4713 4722/4722/4722 4714/4714/4714
f 4714/4714/4714 4722/4722/4722 4723/4723/4723
f 4714/4714/4714 4723/4723/4723 4715/4715/4715
f 4715/4715/4715 4723/4723/4723 4724/4724/4724
f 4715/4715/4715 4724/4724/4724 4716/4716/4716
f 4716/4716/4716 4724/4724/4724 4725/4725/4725
f 4716/4716/4716 4725/4725/4725 4717/4717/4717
f 4717/4717/4717 4725/4725/4725 4726/4726/4726
f 4717/4717/4717 4726/4726/4726 4718/4718/4718
f 4718/4718/4718 4726/4726/4726 4727/4727/4727
f 4718/4718/4718 4727/4727/4727 4719/4719/4719
f 4719/4719/4719 4727/4727/4727 4728/4728/4728
f 4719/4719/4719 4728/4728/4728 4720/4720/4720
f 4720/4720/4720 4728/4728/4728 4721/4721/4721
f 4720/4720/4720 4721/4721/4721 4713/4713/4713
f 4721/4721/4721 4729/4729/4729 4730/4730/4730
f 4721/4721/4721 4730/4730/4730 4722/4722/4722
f 4722/4722/4722 4730/4730/4730 4731/4731/4731
f 4722/4722/4722 4731/4731/4731 4723/4723/4723
f 4723/4723/4723 4731/4731/4731 4732/4732/4732
f 4723/4723/4723 4732/4732/4732 4724/4724/4724
f 4724/4724/4724 4732/4732/4732 4733/4733/4733
f 4724/4724/4724 4733/4733/4733 4725/4725/4725
f 4725/4725/4725 4733/4733/4733 4734/4734/4734
f 4725/4725/4725 4734/4734/4734 4726/4726/4726
f 4726/4726/4726 4734/4734/4734 4735/4735/4735
f 4726/4726/4726 4735/4735/4735 4727/4727/4727
f 4727/4727/4727 4735/4735/4735 4736/4736/4736
f 4727/4727/4727 4736/4736/4736 4728/4728/4728
f 4728/4728/4728 4736/4736/4736 4729/4729/4729
f 4728/4728/4728 4729/4729/4729 4721/4721/4721
f 4737/4737/4737 4745/4745/4745 4746/4746/4746
f 4737/4737/4737 4746/4746/4746 4738/4738/4738
f 4738/4738/4738 4746/4746/4746 4747/4747/4747
f 4738/4738/4738 4747/4747/4747 4739/4739/4739
f 4739/4739/4739 4747/4747/4747 4748/4748/4748
f 4739/4739/4739 4748/4748/4748 4740/4740/4740
f 4740/4740/4740 4748/4748/4748 4749/4749/4749
f 4740/4740/4740 4749/4749/4749 4741/4741/4741
f 4741/4741/4741 4749/4749/4749 4750/4750/4750
f 4741/4741/4741 4750/4750/4750 4742/4742/4742
f 4742/4742/4742 4750/4750/4750 4751/4751/4751
f 4742/4742/4742 4751/4751/4751 4743/4743/4743
f 4743/4743/4743 4751/4751/4751 4752/4752/4752
f 4743/4743/4743 4752/4752/4752 4744/4744/4744
f 4744/4744/4744 4752/4752/4752 4745/4745/4745
f 4744/4744/4744 4745/4745/4745 4737/4737/4737
f 4745/4745/4745 4753/4753/4753 4754/4754/4754
f 4745/4745/4745 4754/4754/4754 4746/4746/4746
f 4746/4746/4746 4754/4754/4754 4755/4755/4755
f 4746/4746/4746 4755/4755/4755 4747/4747/4747
f 4747/4747/4747 4755/4755/4755 4756/4756/4756
f 4747/4747/4747 4756/4756/4756 4748/4748/4748
f 4748/4748/4748 4756/4756/4756 4757/4757/4757
f 4748/4748/4748 4757/4757/4757 4749/4749/4749
f 4749/4749/4749 4757/4757/4757 4758/4758/4758
f 4749/4749/4749 4758/4758/4758 4750/4750/4750
f 4750/4750/4750 4758/4758/4758 4759/4759/4759
f 4750/4750/4750 4759/4759/4759 4751/4751/4751
f 4751/4751/4751 4759/4759/4759 4760/4760/4760
f 4751/4751/4751 4760/4760/4760 4752/4752/4752
f 4752/4752/4752 4760/4760/4760 4753/4753/4753
f 4752/4752/4752 4753/4753/4753 4745/4745/4745
f 4753/4753/4753 4761/4761/4761 4762/4762/4762
f 4753/4753/4753 4762/4762/4762 4754/4754/4754
f 4754/4754/4754 4762/4762/4762 4763/4763/4763
f 4754/4754/4754 4763/4763/4763 4755/4755/4755
f 4755/4755/4755 4763/4763/4763 4764/4764/4764
f 4755/4755/4755 4764/4764/4764 4756/4756/4756
f 4756/4756/4756 4764/4764/4764 4765/4765/4765
f 4756/4756/4756 4765/4765/4765 4757/4757/4757
f 4757/4757/4757 4765/4765/4765 4766/4766/4766
f 4757/4757/4757 4766/4766/4766 4758/4758/4758
f 4758/4758/4758 4766/4766/4766 4767/4767/4767
f 4758/4758/4758 4767/4767/4767 4759/4759/4759
f 4759/4759/4759 4767/4767/4767 4768/4768/4768
f 4759/4759/4759 4768/4768/4768 4760/4760/4760
f 4760/4760/4760 4768/4768/4768 4761/4761/4761
f 4760/4760/4760 4761/4761/4761 4753/4753/4753
f 4761/4761/4761 4769/4769/4769 4770/4770/4770
f 4761/4761/4761 4770/4770/4770 4762/4762/4762
f 4762/4762/4762 4770/4770/4770 4771/4771/4771
f 4762/4762/4762 4771/4771/4771 4763/4763/4763
f 4763/4763/4763 4771/4771/4771 4772/4772/4772
f 4763/4763/4763 4772/4772/4772 4764/4764/4764
f 4764/4764/4764 4772/4772/4772 4773/4773/4773
f 4764/4764/4764 4773/4773/4773 4765/4765/4765
f 4765/4765/4765 4773/4773/4773 4774/4774/4774
f 4765/4765/4765 4774/4774/4774 4766/4766/4766
f 4766/4766/4766 4774/4774/4774 4775/4775/4775
f 4766/4766/4766 4775/4775/4775 4767/4767/4767
f 4767/4767/4767 4775/4775/4775 4776/4776/4776
f 4767/4767/4767 4776/4776/4776 4768/4768/4768
f 4768/4768/4768 4776/4776/4776 4769/4769/4769
f 4768/4768/4768 4769/4769/4769 4761/4761/4761
f 4777/4777/4777 4785/4785/4785 4786/4786/4786
f 4777/4777/4777 4786/4786/4786 4778/4778/4778
f 4778/4778/4778 4786/4786/4786 4787/4787/4787
f 4778/4778/4778 4787/4787/4787 4779/4779/4779
f 4779/4779/4779 4787/4787/4787 4788/4788/4788
f 4779/4779/4779 4788/4788/4788 4780/4780/4780
f 4780/4780/4780 4788/4788/4788 4789/4789/4789
f 4780/4780/4780 4789/4789/4789 4781/4781/4781
f 4781/4781/4781 4789/4789/4789 4790/4790/4790
f 4781/4781/4781 4790/4790/4790 4782/4782/4782
f 4782/4782/4782 4790/4790/4790 4791/4791/4791
f 4782/4782/4782 4791/4791/4791 4783/4783/4783
f 4783/4783/4783 4791/4791/4791 4792/4792/4792
f 4783/4783/4783 4792/4792/4792 4784/4784/4784
f 4784/4784/4784 4792/4792/4792 4785/4785/4785
f 4784/4784/4784 4785/4785/4785 4777/4777/4777
f 4785/4785/4785 4793/4793/4793 4794/4794/4794
f 4785/4785/4785 4794/4794/4794 4786/4786/4786
f 4786/4786/4786 4794/4794/4794 4795/4795/4795
f 4786/4786/4786 4795/4795/4795 4787/4787/4787
f 4787/4787/4787 4795/4795/4795 4796/4796/4796
f 4787/4787/4787 4796/4796/4796 4788/4788/4788
f 4788/4788/4788 4796/4796/4796 4797/4797/4797
f 4788/4788/4788 4797/4797/4797 4789/4789/4789
f 4789/4789/4789 4797/4797/4797 4798/4798/4798
f 4789/4789/4789 4798/4798/4798 4790/4790/4790
f 4790/4790/4790 4798/4798/4798 4799/4799/4799
f 4790/4790/4790 4799/4799/4799 4791/4791/4791
f 4791/4791/4791 4799/4799/4799 4800/4800/4800
f 4791/4791/4791 4800/4800/4800 4792/4792/4792
f 4792/4792/4792 4800/4800/4800 4793/4793/4793
f 4792/4792/4792 4793/4793/4793 4785/4785/4785
f 4793/4793/4793 4801/4801/4801 4802/4802/4802
f 4793/4793/4793 4802/4802/4802 4794/4794/4794
f 4794/4794/4794 4802/4802/4802 4803/4803/4803
f 4794/4794/4794 4803/4803/4803 4795/4795/4795
f 4795/4795/4795 4803/4803/4803 4804/4804/4804
f 4795/4795/4795 4804/4804/4804 4796/4796/4796
f 4796/4796/4796 4804/4804/4804 4805/4805/4805
f 4796/4796/4796 4805/4805/4805 4797/4797/4797
f 4797/4797/4797 4805/4805/4805 4806/4806/4806
f 4797/4797/4797 4806/4806/4806 4798/4798/4798
f 4798/4798/4798 4806/4806/4806 4807/4807/4807
f 4798/4798/4798 4807/4807/4807 4799/4799/4799
f 4799/4799/4799 4807/4807/4807 4808/4808/4808
f 4799/4799/4799 4808/4808/4808 4800/4800/4800
f 4800/4800/4800 4808/4808/4808 4801/4801/4801
f 4800/4800/4800 4801/4801/4801 4793/4793/4793
f 4801/4801/4801 4809/4809/4809 4810/4810/4810
f 4801/4801/4801 4810/4810/4810 4802/4802/4802
f 4802/4802/4802 4810/4810/4810 4811/4811/4811
f 4802/4802/4802 4811/4811/4811 4803/4803/4803
f 4803/4803/4803 4811/4811/4811 4812/4812/4812
f 4803/4803/4803 4812/4812/4812 4804/4804/4804
f 4804/4804/4804 4812/4812/4812 4813/4813/4813
f 4804/4804/4804 4813/4813/4813 4805/4805/4805
f 4805/4805/4805 4813/4813/4813 4814/4814/4814
f 4805/4805/4805 4814/4814/4814 4806/4806/4806
f 4806/4806/4806 4814/4814/4814 4815/4815/4815
f 4806/4806/4806 4815/4815/4815 4807/4807/4807
f 4807/4807/4807 4815/4815/4815 4816/4816/4816
f 4807/4807/4807 4816/4816/4816 4808/4808/4808
f 4808/4808/4808 4816/4816/4816 4809/4809/4809
f 4808/4808/4808 4809/4809/4809 4801/4801/4801
f 4817/4817/4817 4825/4825/4825 4826/4826/4826
f 4817/4817/4817 4826/4826/4826 4818/4818/4818
f 4818/4818/4818 4826/4826/4826 4827/4827/4827
f 4818/4818/4818 4827/4827/4827 4819/4819/4819
f 4819/4819/4819 4827/4827/4827 4828/4828/4828
f 4819/4819/4819 4828/4828/4828 4820/4820/4820
f 4820/4820/4820 4828/4828/4828 4829/4829/4829
f 4820/4820/4820 4829/4829/4829 4821/4821/4821
f 4821/4821/4821 4829/4829/4829 4830/4830/4830
f 4821/4821/4821 4830/4830/4830 4822/4822/4822
f 4822/4822/4822 4830/4830/4830 4831/4831/4831
f 4822/4822/4822 4831/4831/4831 4823/4823/4823
f 4823/4823/4823 4831/4831/4831 4832/4832/4832
f 4823/4823/4823 4832/4832/4832 4824/4824/4824
f 4824/4824/4824 4832/4832/4832 4825/4825/4825
f 4824/4824/4824 4825/4825/4825 4817/4817/4817
f 4825/4825/4825 4833/4833/4833 4834/4834/4834
f 4825/4825/4825 4834/4834/4834 4826/4826/4826
f 4826/4826/4826 4834/4834/4834 4835/4835/4835
f 4826/4826/4826 4835/4835/4835 4827/4827/4827
f 4827/4827/4827 4835/4835/4835 4836/4836/4836
f 4827/4827/4827 4836/4836/4836 4828/4828/4828
f 4828/4828/4828 4836/4836/4836 4837/4837/4837
f 4828/4828/4828 4837/4837/4837 4829/4829/4829
f 4829/4829/4829 4837/4837/4837 4838/4838/4838
f 4829/4829/4829 4838/4838/4838 4830/4830/4830
f 4830/4830/4830 4838/4838/4838 4839/4839/4839
f 4830/4830/4830 4839/4839/4839 4831/4831/4831
f 4831/4831/4831 4839/4839/4839 4840/4840/4840
f 4831/4831/4831 4840/4840/4840 4832/4832/4832
f 4832/4832/4832 4840/4840/4840 4833/4833/4833
f 4832/4832/4832 4833/4833/4833 4825/4825/4825
f 4833/4833/4833 4841/4841/4841 4842/4842/4842
f 4833/4833/4833 4842/4842/4842 4834/4834/4834
f 4834/4834/4834 4842/4842/4842 4843/4843/4843
f 4834/4834/4834 4843/4843/4843 4835/4835/4835
f 4835/4835/4835 4843/4843/4843 4844/4844/4844
f 4835/4835/4835 4844/4844/4844 4836/4836/4836
f 4836/4836/4836 4844/4844/4844 4845/4845/4845
f 4836/4836/4836 4845/4845/4845 4837/4837/4837
f 4837/4837/4837 4845/4845/4845 4846/4846/4846
f 4837/4837/4837 4846/4846/4846 4838/4838/4838
f 4838/4838/4838 4846/4846/4846 4847/4847/4847
f 4838/4838/4838 4847/4847/4847 4839/4839/4839
f 4839/4839/4839 4847/4847/4847 4848/4848/4848
f 4839/4839/4839 4848/4848/4848 4840/4840/4840
f 4840/4840/4840 4848/4848/4848 4841/4841/4841
f 4840/4840/4840 4841/4841/4841 4833/4833/4833
f 4841/4841/4841 4849/4849/4849 4850/4850/4850
f 4841/4841/4841 4850/4850/4850 4842/4842/4842
f 4842/4842/4842 4850/4850/4850 4851/4851/4851
f 4842/4842/4842 4851/4851/4851 4843/4843/4843
f 4843/4843/4843 4851/4851/4851 4852/4852/4852
f 4843/4843/4843 4852/4852/4852 4844/4844/4844
f 4844/4844/4844 4852/4852/4852 4853/4853/4853
f 4844/4844/4844 4853/4853/4853 4845/4845/4845
f 4845/4845/4845 4853/4853/4853 4854/4854/4854
f 4845/4845/4845 4854/4854/4854 4846/4846/4846
f 4846/4846/4846 4854/4854/4854 4855/4855/4855
f 4846/4846/4846 4855/4855/4855 4847/4847/4847
f 4847/4847/4847 4855/4855/4855 4856/4856/4856
f 4847/4847/4847 4856/4856/4856 4848/4848/4848
f 4848/4848/4848 4856/4856/4856 4849/4849/4849
f 4848/4848/4848 4849/4849/4849 4841/4841/4841
f 4857/4857/4857 4865/4865/4865 4866/4866/4866
f 4857/4857/4857 4866/4866/4866 4858/4858/4858
f 4858/4858/4858 4866/4866/4866 4867/4867/4867
f 4858/4858/4858 4867/4867/4867 4859/4859/4859
f 4859/4859/4859 4867/4867/4867 4868/4868/4868
f 4859/4859/4859 4868/4868/4868 4860/4860/4860
f 4860/4860/4860 4868/4868/4868 4869/4869/4869
f 4860/4860/4860 4869/4869/4869 4861/4861/4861
f 4861/4861/4861 4869/4869/4869 4870/4870/4870
f 4861/4861/4861 4870/4870/4870 4862/4862/4862
f 4862/4862/4862 4870/4870/4870 4871/4871/4871
f 4862/4862/4862 4871/4871/4871 4863/4863/4863
f 4863/4863/4863 4871/4871/4871 4872/4872/4872
f 4863/4863/4863 4872/4872/4872 4864/4864/4864
f 4864/4864/4864 4872/4872/4872 4865/4865/4865
f 4864/4864/4864 4865/4865/4865 4857/4857/4857
f 4865/4865/4865 4873/4873/4873 4874/4874/4874
f 4865/4865/4865 4874/4874/4874 4866/4866/4866
f 4866/4866/4866 4874/4874/4874 4875/4875/4875
f 4866/4866/4866 4875/4875/4875 4867/4867/4867
f 4867/4867/4867 4875/4875/4875 4876/4876/4876
f 4867/4867/4867 4876/4876/4876 4868/4868/4868
f 4868/4868/4868 4876/4876/4876 4877/4877/4877
f 4868/4868/4868 4877/4877/4877 4869/4869/4869
f 4869/4869/4869 4877/4877/4877 4878/4878/4878
f 4869/4869/4869 4878/4878/4878 4870/4870/4870
f 4870/4870/4870 4878/4878/4878 4879/4879/4879
f 4870/4870/4870 4879/4879/4879 4871/4871/4871
f 4871/4871/4871 4879/4879/4879 4880/4880/4880
f 4871/4871/4871 4880/4880/4880 4872/4872/4872
f 4872/4872/4872 4880/4880/4880 4873/4873/4873
f 4872/4872/4872 4873/4873/4873 4865/4865/4865
f 4873/4873/4873 4881/4881/4881 4882/4882/4882
f 4873/4873/4873 4882/4882/4882 4874/4874/4874
f 4874/4874/4874 4882/4882/4882 4883/4883/4883
f 4874/4874/4874 4883/4883/4883 4875/4875/4875
f 4875/4875/4875 4883/4883/4883 4884/4884/4884
f 4875/4875/4875 4884/4884/4884 4876/4876/4876
f 4876/4876/4876 4884/4884/4884 4885/4885/4885
f 4876/4876/4876 4885/4885/4885 4877/4877/4877
f 4877/4877/4877 4885/4885/4885 4886/4886/4886
f 4877/4877/4877 4886/4886/4886 4878/4878/4878
f 4878/4878/4878 4886/4886/4886 4887/4887/4887
f 4878/4878/4878 4887/4887/4887 4879/4879/4879
f 4879/4879/4879 4887/4887/4887 4888/4888/4888
f 4879/4879/4879 4888/4888/4888 4880/4880/4880
f 4880/4880/4880 4888/4888/4888 4881/4881/4881
f 4880/4880/4880 4881/4881/4881 4873/4873/4873
f 4881/4881/4881 4889/4889/4889 4890/4890/4890
f 4881/4881/4881 4890/4890/4890 4882/4882/4882
f 4882/4882/4882 4890/4890/4890 4891/4891/4891
f 4882/4882/4882 4891/4891/4891 4883/4883/4883
f 4883/4883/4883 4891/4891/4891 4892/4892/4892
f 4883/4883/4883 4892/4892/4892 4884/4884/4884
f 4884/4884/4884 4892/4892/4892 4893/4893/4893
f 4884/4884/4884 4893/4893/4893 4885/4885/4885
f 4885/4885/4885 4893/4893/4893 4894/4894/4894
f 4885/4885/4885 4894/4894/4894 4886/4886/4886
f 4886/4886/4886 4894/4894/4894 4895/4895/4895
f 4886/4886/4886 4895/4895/4895 4887/4887/4887
f 4887/4887/4887 4895/4895/4895 4896/4896/4896
f 4887/4887/4887 4896/4896/4896 4888/4888/4888
f 4888/4888/4888 4896/4896/4896 4889/4889/4889
f 4888/4888/4888 4889/4889/4889 4881/4881/4881
f 4897/4897/4897 4905/4905/4905 4906/4906/4906
f 4897/4897/4897 4906/4906/4906 4898/4898/4898
f 4898/4898/4898 4906/4906/4906 4907/4907/4907
f 4898/4898/4898 4907/4907/4907 4899/4899/4899
f 4899/4899/4899 4907/4907/4907 4908/4908/4908
f 4899/4899/4899 4908/4908/4908 4900/4900/4900
f 4900/4900/4900 4908/4908/4908 4909/4909/4909
f 4900/4900/4900 4909/4909/4909 4901/4901/4901
f 4901/4901/4901 4909/4909/4909 4910/4910/4910
f 4901/4901/4901 4910/4910/4910 4902/4902/4902
f 4902/4902/4902 4910/4910/4910 4911/4911/4911
f 4902/4902/4902 4911/4911/4911 4903/4903/4903
f 4903/4903/4903 4911/4911/4911 4912/4912/4912
f 4903/4903/4903 4912/4912/4912 4904/4904/4904
f 4904/4904/4904 4912/4912/4912 4905/4905/4905
f 4904/4904/4904 4905/4905/4905 4897/4897/4897
f 4905/4905/4905 4913/4913/4913 4914/4914/4914
f 4905/4905/4905 4914/4914/4914 4906/4906/4906
f 4906/4906/4906 4914/4914/4914 4915/4915/4915
f 4906/4906/4906 4915/4915/4915 4907/4907/4907
f 4907/4907/4907 4915/4915/4915 4916/4916/4916
f 4907/4907/4907 4916/4916/4916 4908/4908/4908
f 4908/4908/4908 4916/4916/4916 4917/4917/4917
f 4908/4908/4908 4917/4917/4917 4909/4909/4909
f 4909/4909/4909 4917/4917/4917 4918/4918/4918
f 4909/4909/4909 4918/4918/4918 4910/4910/4910
f 4910/4910/4910 4918/4918/4918 4919/4919/4919
f 4910/4910/4910 4919/4919/4919 4911/4911/4911
f 4911/4911/4911 4919/4919/4919 4920/4920/4920
f 4911/4911/4911 4920/4920/4920 4912/4912/4912
f 4912/4912/4912 4920/4920/4920 4913/4913/4913
f 4912/4912/4912 4913/4913/4913 4905/4905/4905
f 4913/4913/4913 4921/4921/4921 4922/4922/4922
f 4913/4913/4913 4922/4922/4922 4914/4914/4914
f 4914/4914/4914 4922/4922/4922 4923/4923/4923
f 4914/4914/4914 4923/4923/4923 4915/4915/4915
f 4915/4915/4915 4923/4923/4923 4924/4924/4924
f 4915/4915/4915 4924/4924/4924 4916/4916/4916
f 4916/4916/4916 4924/4924/4924 4925/4925/4925
f 4916/4916/4916 4925/4925/4925 4917/4917/4917
f 4917/4917/4917 4925/4925/4925 4926/4926/4926
f 4917/4917/4917 4926/4926/4926 4918/4918/4918
f 4918/4918/4918 4926/4926/4926 4927/4927/4927
f 4918/4918/4918 4927/4927/4927 4919/4919/4919
f 4919/4919/4919 4927/4927/4927 4928/4928/4928
f 4919/4919/4919 4928/4928/4928 4920/4920/4920
f 4920/4920/4920 4928/4928/4928 4921/4921/4921
f 4920/4920/4920 4921/4921/4921 4913/4913/4913
f 4921/4921/4921 4929/4929/4929 4930/4930/4930
f 4921/4921/4921 4930/4930/4930 4922/4922/4922
f 4922/4922/4922 4930/4930/4930 4931/4931/4931
f 4922/4922/4922 4931/4931/4931 4923/4923/4923
f 4923/4923/4923 4931/4931/4931 4932/4932/4932
f 4923/4923/4923 4932/4932/4932 4924/4924/4924
f 4924/4924/4924 4932/4932/4932 4933/4933/4933
f 4924/4924/4924 4933/4933/4933 4925/4925/4925
f 4925/4925/4925 4933/4933/4933 4934/4934/4934
f 4925/4925/4925 4934/4934/4934 4926/4926/4926
f 4926/4926/4926 4934/4934/4934 4935/4935/4935
f 4926/4926/4926 4935/4935/4935 4927/4927/4927
f 4927/4927/4927 4935/4935/4935 4936/4936/4936
f 4927/4927/4927 4936/4936/4936 4928/4928/4928
f 4928/4928/4928 4936/4936/4936 4929/4929/4929
f 4928/4928/4928 4929/4929/4929 4921/4921/4921
f 4937/4937/4937 4945/4945/4945 4946/4946/4946
f 4937/4937/4937 4946/4946/4946 4938/4938/4938
f 4938/4938/4938 4946/4946/4946 4947/4947/4947
f 4938/4938/4938 4947/4947/4947 4939/4939/4939
f 4939/4939/4939 4947/4947/4947 4948/4948/4948
f 4939/4939/4939 4948/4948/4948 4940/4940/4940
f 4940/4940/4940 4948/4948/4948 4949/4949/4949
f 4940/4940/4940 4949/4949/4949 4941/4941/4941
f 4941/4941/4941 4949/4949/4949 4950/4950/4950
f 4941/4941/4941 4950/4950/4950 4942/4942/4942
f 4942/4942/4942 4950/4950/4950 4951/4951/4951
f 4942/4942/4942 4951/4951/4951 4943/4943/4943
f 4943/4943/4943 4951/4951/4951 4952/4952/4952
f 4943/4943/4943 4952/4952/4952 4944/4944/4944
f 4944/4944/4944 4952/4952/4952 4945/4945/4945
f 4944/4944/4944 4945/4945/4945 4937/4937/4937
f 4945/4945/4945 4953/4953/4953 4954/4954/4954
f 4945/4945/4945 4954/4954/4954 4946/4946/4946
f 4946/4946/4946 4954/4954/4954 4955/4955/4955
f 4946/4946/4946 4955/4955/4955 4947/4947/4947
f 4947/4947/4947 4955/4955/4955 4956/4956/4956
f 4947/4947/4947 4956/4956/4956 4948/4948/4948
f 4948/4948/4948 4956/4956/4956 4957/4957/4957
f 4948/4948/4948 4957/4957/4957 4949/4949/4949
f 4949/4949/4949 4957/4957/4957 4958/4958/4958
f 4949/4949/4949 4958/4958/4958 4950/4950/4950
f 4950/4950/4950 4958/4958/4958 4959/4959/4959
f 4950/4950/4950 4959/4959/4959 4951/4951/4951
f 4951/4951/4951 4959/4959/4959 4960/4960/4960
f 4951/4951/4951 4960/4960/4960 4952/4952/4952
f 4952/4952/4952 4960/4960/4960 4953/4953/4953
f 4952/4952/4952 4953/4953/4953 4945/4945/4945
f 4953/4953/4953 4961/4961/4961 4962/4962/4962
f 4953/4953/4953 4962/4962/4962 4954/4954/4954
f 4954/4954/4954 4962/4962/4962 4963/4963/4963
f 4954/4954/4954 4963/4963/4963 4955/4955/4955
f 4955/4955/4955 4963/4963/4963 4964/4964/4964
f 4955/4955/4955 4964/4964/4964 4956/4956/4956
f 4956/4956/4956 4964/4964/4964 4965/4965/4965
f 4956/4956/4956 4965/4965/4965 4957/4957/4957
f 4957/4957/4957 4965/4965/4965 4966/4966/4966
f 4957/4957/4957 4966/4966/4966 4958/4958/4958
f 4958/4958/4958 4966/4966/4966 4967/4967/4967
f 4958/4958/4958 4967/4967/4967 4959/4959/4959
f 4959/4959/4959 4967/4967/4967 4968/4968/4968
f 4959/4959/4959 4968/4968/4968 4960/4960/4960
f 4960/4960/4960 4968/4968/4968 4961/4961/4961
f 4960/4960/4960 4961/4961/4961 4953/4953/4953
f 4961/4961/4961 4969/4969/4969 4970/4970/4970
f 4961/4961/4961 4970/4970/4970 4962/4962/4962
f 4962/4962/4962 4970/4970/4970 4971/4971/4971
f 4962/4962/4962 4971/4971/4971 4963/4963/4963
f 4963/4963/4963 4971/4971/4971 4972/4972/4972
f 4963/4963/4963 4972/4972/4972 4964/4964/4964
f 4964/4964/4964 4972/4972/4972 4973/4973/4973
f 4964/4964/4964 4973/4973/4973 4965/4965/4965
f 4965/4965/4965 4973/4973/4973 4974/4974/4974
f 4965/4965/4965 4974/4974/4974 4966/4966/4966
f 4966/4966/4966 4974/4974/4974 4975/4975/4975
f 4966/4966/4966 4975/4975/4975 4967/4967/4967
f 4967/4967/4967 4975/4975/4975 4976/4976/4976
f 4967/4967/4967 4976/4976/4976 4968/4968/4968
f 4968/4968/4968 4976/4976/4976 4969/4969/4969
f 4968/4968/4968 4969/4969/4969 4961/4961/4961
f 4977/4977/4977 4985/4985/4985 4986/4986/4986
f 4977/4977/4977 4986/4986/4986 4978/4978/4978
f 4978/4978/4978 4986/4986/4986 4987/4987/4987
f 4978/4978/4978 4987/4987/4987 4979/4979/4979
f 4979/4979/4979 4987/4987/4987 4988/4988/4988
f 4979/4979/4979 4988/4988/4988 4980/4980/4980
f 4980/4980/4980 4988/4988/4988 4989/4989/4989
f 4980/4980/4980 4989/4989/4989 4981/4981/4981
f 4981/4981/4981 4989/4989/4989 4990/4990/4990
f 4981/4981/4981 4990/4990/4990 4982/4982/4982
f 4982/4982/4982 4990/4990/4990 4991/4991/4991
f 4982/4982/4982 4991/4991/4991 4983/4983/4983
f 4983/4983/4983 4991/4991/4991 4992/4992/4992
f 4983/4983/4983 4992/4992/4992 4984/4984/4984
f 4984/4984/4984 4992/4992/4992 4985/4985/4985
f 4984/4984/4984 4985/4985/4985 4977/4977/4977
f 4985/4985/4985 4993/4993/4993 4994/4994/4994
f 4985/4985/4985 4994/4994/4994 4986/4986/4986
f 4986/4986/4986 4994/4994/4994 4995/4995/4995
f 4986/4986/4986 4995/4995/4995 4987/4987/4987
f 4987/4987/4987 4995/4995/4995 4996/4996/4996
f 4987/4987/4987 4996/4996/4996 4988/4988/4988
f 4988/4988/4988 4996/4996/4996 4997/4997/4997
f 4988/4988/4988 4997/4997/4997 4989/4989/4989
f 4989/4989/4989 4997/4997/4997 4998/4998/4998
f 4989/4989/4989 4998/4998/4998 4990/4990/4990
f 4990/4990/4990 4998/4998/4998 4999/4999/4999
f 4990/4990/4990 4999/4999/4999 4991/4991/4991
f 4991/4991/4991 4999/4999/4999 5000/5000/5000
f 4991/4991/4991 5000/5000/5000 4992/4992/4992
f 4992/4992/4992 5000/5000/5000 4993/4993/4993
f 4992/4992/4992 4993/4993/4993 4985/4985/4985
f 4993/4993/4993 5001/5001/5001 5002/5002/5002
f 4993/4993/4993 5002/5002/5002 4994/4994/4994
f 4994/4994/4994 5002/5002/5002 5003/5003/5003
f 4994/4994/4994 5003/5003/5003 4995/4995/4995
f 4995/4995/4995 5003/5003/5003 5004/5004/5004
f 4995/4995/4995 5004/5004/5004 4996/4996/4996
f 4996/4996/4996 5004/5004/5004 5005/5005/5005
f 4996/4996/4996 5005/5005/5005 4997/4997/4997
f 4997/4997/4997 5005/5005/5005 5006/5006/5006
f 4997/4997/4997 5006/5006/5006 4998/4998/4998
f 4998/4998/4998 5006/5006/5006 5007/5007/5007
f 4998/4998/4998 5007/5007/5007 4999/4999/4999
f 4999/4999/4999 5007/5007/5007 5008/5008/5008
f 4999/4999/4999 5008/5008/5008 5000/5000/5000
f 5000/5000/5000 5008/5008/5008 5001/5001/5001
f 5000/5000/5000 5001/5001/5001 4993/4993/4993
f 5001/5001/5001 5009/5009/5009 5010/5010/5010
f 5001/5001/5001 5010/5010/5010 5002/5002/5002
f 5002/5002/5002 5010/5010/5010 5011/5011/5011
f 5002/5002/5002 5011/5011/5011 5003/5003/5003
f 5003/5003/5003 5011/5011/5011 5012/5012/5012
f 5003/5003/5003 5012/5012/5012 5004/5004/5004
f 5004/5004/5004 5012/5012/5012 5013/5013/5013
f 5004/5004/5004 5013/5013/5013 5005/5005/5005
f 5005/5005/5005 5013/5013/5013 5014/5014/5014
f 5005/5005/5005 5014/5014/5014 5006/5006/5006
f 5006/5006/5006 5014/5014/5014 5015/5015/5015
f 5006/5006/5006 5015/5015/5015 5007/5007/5007
f 5007/5007/5007 5015/5015/5015 5016/5016/5016
f 5007/5007/5007 5016/5016/5016 5008/5008/5008
f 5008/5008/5008 5016/5016/5016 5009/5009/5009
f 5008/5008/5008 5009/5009/5009 5001/5001/5001
f 5017/5017/5017 5025/5025/5025 5026/5026/5026
f 5017/5017/5017 5026/5026/5026 5018/5018/5018
f 5018/5018/5018 5026/5026/5026 5027/5027/5027
f 5018/5018/5018 5027/5027/5027 5019/5019/5019
f 5019/5019/5019 5027/5027/5027 5028/5028/5028
f 5019/5019/5019 5028/5028/5028 5020/5020/5020
f 5020/5020/5020 5028/5028/5028 5029/5029/5029
f 5020/5020/5020 5029/5029/5029 5021/5021/5021
f 5021/5021/5021 5029/5029/5029 5030/5030/5030
f 5021/5021/5021 5030/5030/5030 5022/5022/5022
f 5022/5022/5022 5030/5030/5030 5031/5031/5031
f 5022/5022/5022 5031/5031/5031 5023/5023/5023
f 5023/5023/5023 5031/5031/5031 5032/5032/5032
f 5023/5023/5023 5032/5032/5032 5024/5024/5024
f 5024/5024/5024 5032/5032/5032 5025/5025/5025
f 5024/5024/5024 5025/5025/5025 5017/5017/5017
f 5025/5025/5025 5033/5033/5033 5034/5034/5034
f 5025/5025/5025 5034/5034/5034 5026/5026/5026
f 5026/5026/5026 5034/5034/5034 5035/5035/5035
f 5026/5026/5026 5035/5035/5035 5027/5027/5027
f 5027/5027/5027 5035/5035/5035 5036/5036/5036
f 5027/5027/5027 5036/5036/5036 5028/5028/5028
f 5028/5028/5028 5036/5036/5036 5037/5037/5037
f 5028/5028/5028 5037/5037/5037 5029/5029/5029
f 5029/5029/5029 5037/5037/5037 5038/5038/5038
f 5029/5029/5029 5038/5038/5038 5030/5030/5030
f 5030/5030/5030 5038/5038/5038 5039/5039/5039
f 5030/5030/5030 5039/5039/5039 5031/5031/5031
f 5031/5031/5031 5039/5039/5039 5040/5040/5040
f 5031/5031/5031 5040/5040/5040 5032/5032/5032
f 5032/5032/5032 5040/5040/5040 5033/5033/5033
f 5032/5032/5032 5033/5033/5033 5025/5025/5025
f 5033/5033/5033 5041/5041/5041 5042/5042/5042
f 5033/5033/5033 5042/5042/5042 5034/5034/5034
f 5034/5034/5034 5042/5042/5042 5043/5043/5043
f 5034/5034/5034 5043/5043/5043 5035/5035/5035
f 5035/5035/5035 5043/5043/5043 5044/5044/5044
f 5035/5035/5035 5044/5044/5044 5036/5036/5036
f 5036/5036/5036 5044/5044/5044 5045/5045/5045
f 5036/5036/5036 5045/5045/5045 5037/5037/5037
f 5037/5037/5037 5045/5045/5045 5046/5046/5046
f 5037/5037/5037 5046/5046/5046 5038/5038/5038
f 5038/5038/5038 5046/5046/5046 5047/5047/5047
f 5038/5038/5038 5047/5047/5047 5039/5039/5039
f 5039/5039/5039 5047/5047/5047 5048/5048/5048
f 5039/5039/5039 5048/5048/5048 5040/5040/5040
f 5040/5040/5040 5048/5048/5048 5041/5041/5041
f 5040/5040/5040 5041/5041/5041 5033/5033/5033
f 5041/5041/5041 5049/5049/5049 5050/5050/5050
f 5041/5041/5041 5050/5050/5050 5042/5042/5042
f 5042/5042/5042 5050/5050/5050 5051/5051/5051
f 5042/5042/5042 5051/5051/5051 5043/5043/5043
f 5043/5043/5043 5051/5051/5051 5052/5052/5052
f 5043/5043/5043 5052/5052/5052 5044/5044/5044
f 5044/5044/5044 5052/5052/5052 5053/5053/5053
f 5044/5044/5044 5053/5053/5053 5045/5045/5045
f 5045/5045/5045 5053/5053/5053 5054/5054/5054
f 5045/5045/5045 5054/5054/5054 5046/5046/5046
f 5046/5046/5046 5054/5054/5054 5055/5055/5055
f 5046/5046/5046 5055/5055/5055 5047/5047/5047
f 5047/5047/5047 5055/5055/5055 5056/5056/5056
f 5047/5047/5047 5056/5056/5056 5048/5048/5048
f 5048/5048/5048 5056/5056/5056 5049/5049/5049
f 5048/5048/5048 5049/5049/5049 5041/5041/5041
f 5057/5057/5057 5065/5065/5065 5066/5066/5066
f 5057/5057/5057 5066/5066/5066 5058/5058/5058
f 5058/5058/5058 5066/5066/5066 5067/5067/5067
f 5058/5058/5058 5067/5067/5067 5059/5059/5059
f 5059/5059/5059 5067/5067/5067 5068/5068/5068
f 5059/5059/5059 5068/5068/5068 5060/5060/5060
f 5060/5060/5060 5068/5068/5068 5069/5069/5069
f 5060/5060/5060 5069/5069/5069 5061/5061/5061
f 5061/5061/5061 5069/5069/5069 5070/5070/5070
f 5061/5061/5061 5070/5070/5070 5062/5062/5062
f 5062/5062/5062 5070/5070/5070 5071/5071/5071
f 5062/5062/5062 5071/5071/5071 5063/5063/5063
f 5063/5063/5063 5071/5071/5071 5072/5072/5072
f 5063/5063/5063 5072/5072/5072 5064/5064/5064
f 5064/5064/5064 5072/5072/5072 5065/5065/5065
f 5064/5064/5064 5065/5065/5065 5057/5057/5057
f 5065/5065/5065 5073/5073/5073 5074/5074/5074
f 5065/5065/5065 5074/5074/5074 5066/5066/5066
f 5066/5066/5066 5074/5074/5074 5075/5075/5075
f 5066/5066/5066 5075/5075/5075 5067/5067/5067
f 5067/5067/5067 5075/5075/5075 5076/5076/5076
f 5067/5067/5067 5076/5076/5076 5068/5068/5068
f 5068/5068/5068 5076/5076/5076 5077/5077/5077
f 5068/5068/5068 5077/5077/5077 5069/5069/5069
f 5069/5069/5069 5077/5077/5077 5078/5078/5078
f 5069/5069/5069 5078/5078/5078 5070/5070/5070
f 5070/5070/5070 5078/5078/5078 5079/5079/5079
f 5070/5070/5070 5079/5079/5079 5071/5071/5071
f 5071/5071/5071 5079/5079/5079 5080/5080/5080
f 5071/5071/5071 5080/5080/5080 5072/5072/5072
f 5072/5072/5072 5080/5080/5080 5073/5073/5073
f 5072/5072/5072 5073/5073/5073 5065/5065/5065
f 5073/5073/5073 5081/5081/5081 5082/5082/5082
f 5073/5073/5073 5082/5082/5082 5074/5074/5074
f 5074/5074/5074 5082/5082/5082 5083/5083/5083
f 5074/5074/5074 5083/5083/5083 5075/5075/5075
f 5075/5075/5075 5083/5083/5083 5084/5084/5084
f 5075/5075/5075 5084/5084/5084 5076/5076/5076
f 5076/5076/5076 5084/5084/5084 5085/5085/5085
f 5076/5076/5076 5085/5085/5085 5077/5077/5077
f 5077/5077/5077 5085/5085/5085 5086/5086/5086
f 5077/5077/5077 5086/5086/5086 5078/5078/5078
f 5078/5078/5078 5086/5086/5086 5087/5087/5087
f 5078/5078/5078 5087/5087/5087 5079/5079/5079
f 5079/5079/5079 5087/5087/5087 5088/5088/5088
f 5079/5079/5079 5088/5088/5088 5080/5080/5080
f 5080/5080/5080 5088/5088/5088 5081/5081/5081
f 5080/5080/5080 5081/5081/5081 5073/5073/5073
f 5081/5081/5081 5089/5089/5089 5090/5090/5090
f 5081/5081/5081 5090/5090/5090 5082/5082/5082
f 5082/5082/5082 5090/5090/5090 5091/5091/5091
f 5082/5082/5082 5091/5091/5091 5083/5083/5083
f 5083/5083/5083 5091/5091/5091 5092/5092/5092
f 5083/5083/5083 5092/5092/5092 5084/5084/5084
f 5084/5084/5084 5092/5092/5092 5093/5093/5093
f 5084/5084/5084 5093/5093/5093 5085/5085/5085
f 5085/5085/5085 5093/5093/5093 5094/5094/5094
f 5085/5085/5085 5094/5094/5094 5086/5086/5086
f 5086/5086/5086 5094/5094/5094 5095/5095/5095
f 5086/5086/5086 5095/5095/5095 5087/5087/5087
f 5087/5087/5087 5095/5095/5095 5096/5096/5096
f 5087/5087/5087 5096/5096/5096 5088/5088/5088
f 5088/5088/5088 5096/5096/5096 5089/5089/5089
f 5088/5088/5088 5089/5089/5089 5081/5081/5081
f 5097/5097/5097 5105/5105/5105 5106/5106/5106
f 5097/5097/5097 5106/5106/5106 5098/5098/5098
f 5098/5098/5098 5106/5106/5106 5107/5107/5107
f 5098/5098/5098 5107/5107/5107 5099/5099/5099
f 5099/5099/5099 5107/5107/5107 5108/5108/5108
f 5099/5099/5099 5108/5108/5108 5100/5100/5100
f 5100/5100/5100 5108/5108/5108 5109/5109/5109
f 5100/5100/5100 5109/5109/5109 5101/5101/5101
f 5101/5101/5101 5109/5109/5109 5110/5110/5110
f 5101/5101/5101 5110/5110/5110 5102/5102/5102
f 5102/5102/5102 5110/5110/5110 5111/5111/5111
f 5102/5102/5102 5111/5111/5111 5103/5103/5103
f 5103/5103/5103 5111/5111/5111 5112/5112/5112
f 5103/5103/5103 5112/5112/5112 5104/5104/5104
f 5104/5104/5104 5112/5112/5112 5105/5105/5105
f 5104/5104/5104 5105/5105/5105 5097/5097/5097
f 5105/5105/5105 5113/5113/5113 5114/5114/5114
f 5105/5105/5105 5114/5114/5114 5106/5106/5106
f 5106/5106/5106 5114/5114/5114 5115/5115/5115
f 5106/5106/5106 5115/5115/5115 5107/5107/5107
f 5107/5107/5107 5115/5115/5115 5116/5116/5116
f 5107/5107/5107 5116/5116/5116 5108/5108/5108
f 5108/5108/5108 5116/5116/5116 5117/5117/5117
f 5108/5108/5108 5117/5117/5117 5109/5109/5109
f 5109/5109/5109 5117/5117/5117 5118/5118/5118
f 5109/5109/5109 5118/5118/5118 5110/5110/5110
f 5110/5110/5110 5118/5118/5118 5119/5119/5119
f 5110/5110/5110 5119/5119/5119 5111/5111/5111
f 5111/5111/5111 5119/5119/5119 5120/5120/5120
f 5111/5111/5111 5120/5120/5120 5112/5112/5112
f 5112/5112/5112 5120/5120/5120 5113/5113/5113
f 5112/5112/5112 5113/5113/5113 5105/5105/5105
f 5113/5113/5113 5121/5121/5121 5122/5122/5122
f 5113/5113/5113 5122/5122/5122 5114/5114/5114
f 5114/5114/5114 5122/5122/5122 5123/5123/5123
f 5114/5114/5114 5123/5123/5123 5115/5115/5115
f 5115/5115/5115 5123/5123/5123 5124/5124/5124
f 5115/5115/5115 5124/5124/5124 5116/5116/5116
f 5116/5116/5116 5124/5124/5124 5125/5125/5125
f 5116/5116/5116 5125/5125/5125 5117/5117/5117
f 5117/5117/5117 5125/5125/5125 5126/5126/5126
f 5117/5117/5117 5126/5126/5126 5118/5118/5118
f 5118/5118/5118 5126/5126/5126 5127/5127/5127
f 5118/5118/5118 5127/5127/5127 5119/5119/5119
f 5119/5119/5119 5127/5127/5127 5128/5128/5128
f 5119/5119/5119 5128/5128/5128 5120/5120/5120
f 5120/5120/5120 5128/5128/5128 5121/5121/5121
f 5120/5120/5120 5121/5121/5121 5113/5113/5113
f 5121/5121/5121 5129/5129/5129 5130/5130/5130
f 5121/5121/5121 5130/5130/5130 5122/5122/5122
f 5122/5122/5122 5130/5130/5130 5131/5131/5131
f 5122/5122/5122 5131/5131/5131 5123/5123/5123
f 5123/5123/5123 5131/5131/5131 5132/5132/5132
f 5123/5123/5123 5132/5132/5132 5124/5124/5124
f 5124/5124/5124 5132/5132/5132 5133/5133/5133
f 5124/5124/5124 5133/5133/5133 5125/5125/5125
f 5125/5125/5125 5133/5133/5133 5134/5134/5134
f 5125/5125/5125 5134/5134/5134 5126/5126/5126
f 5126/5126/5126 5134/5134/5134 5135/5135/5135
f 5126/5126/5126 5135/5135/5135 5127/5127/5127
f 5127/5127/5127 5135/5135/5135 5136/5136/5136
f 5127/5127/5127 5136/5136/5136 5128/5128/5128
f 5128/5128/5128 5136/5136/5136 5129/5129/5129
f 5128/5128/5128 5129/5129/5129 5121/5121/5121
f 5137/5137/5137 5145/5145/5145 5146/5146/5146
f 5137/5137/5137 5146/5146/5146 5138/5138/5138
f 5138/5138/5138 5146/5146/5146 5147/5147/5147
f 5138/5138/5138 5147/5147/5147 5139/5139/5139
f 5139/5139/5139 5147/5147/5147 5148/5148/5148
f 5139/5139/5139 5148/5148/5148 5140/5140/5140
f 5140/5140/5140 5148/5148/5148 5149/5149/5149
f 5140/5140/5140 5149/5149/5149 5141/5141/5141
f 5141/5141/5141 5149/5149/5149 5150/5150/5150
f 5141/5141/5141 5150/5150/5150 5142/5142/5142
f 5142/5142/5142 5150/5150/5150 5151/5151/5151
f 5142/5142/5142 5151/5151/5151 5143/5143/5143
f 5143/5143/5143 5151/5151/5151 5152/5152/5152
f 5143/5143/5143 5152/5152/5152 5144/5144/5144
f 5144/5144/5144 5152/5152/5152 5145/5145/5145
f 5144/5144/5144 5145/5145/5145 5137/5137/5137
f 5145/5145/5145 5153/5153/5153 5154/5154/5154
f 5145/5145/5145 5154/5154/5154 5146/5146/5146
f 5146/5146/5146 5154/5154/5154 5155/5155/5155
f 5146/5146/5146 5155/5155/5155 5147/5147/5147
f 5147/5147/5147 5155/5155/5155 5156/5156/5156
f 5147/5147/5147 5156/5156/5156 5148/5148/5148
f 5148/5148/5148 5156/5156/5156 5157/5157/5157
f 5148/5148/5148 5157/5157/5157 5149/5149/5149
f 5149/5149/5149 5157/5157/5157 5158/5158/5158
f 5149/5149/5149 5158/5158/5158 5150/5150/5150
f 5150/5150/5150 5158/5158/5158 5159/5159/5159
f 5150/5150/5150 5159/5159/5159 5151/5151/5151
f 5151/5151/5151 5159/5159/5159 5160/5160/5160
f 5151/5151/5151 5160/5160/5160 5152/5152/5152
f 5152/5152/5152 5160/5160/5160 5153/5153/5153
f 5152/5152/5152 5153/5153/5153 5145/5145/5145
f 5153/5153/5153 5161/5161/5161 5162/5162/5162
f 5153/5153/5153 5162/5162/5162 5154/5154/5154
f 5154/5154/5154 5162/5162/5162 5163/5163/5163
f 5154/5154/5154 5163/5163/5163 5155/5155/5155
f 5155/5155/5155 5163/5163/5163 5164/5164/5164
f 5155/5155/5155 5164/5164/5164 5156/5156/5156
f 5156/5156/5156 5164/5164/5164 5165/5165/5165
f 5156/5156/5156 5165/5165/5165 5157/5157/5157
f 5157/5157/5157 5165/5165/5165 5166/5166/5166
f 5157/5157/5157 5166/5166/5166 5158/5158/5158
f 5158/5158/5158 5166/5166/5166 5167/5167/5167
f 5158/5158/5158 5167/5167/5167 5159/5159/5159
f 5159/5159/5159 5167/5167/5167 5168/5168/5168
f 5159/5159/5159 5168/5168/5168 5160/5160/5160
f 5160/5160/5160 5168/5168/5168 5161/5161/5161
f 5160/5160/5160 5161/5161/5161 5153/5153/5153
f 5161/5161/5161 5169/5169/5169 5170/5170/5170
f 5161/5161/5161 5170/5170/5170 5162/5162/5162
f 5162/5162/5162 5170/5170/5170 5171/5171/5171
f 5162/5162/5162 5171/5171/5171 5163/5163/5163
f 5163/5163/5163 5171/5171/5171 5172/5172/5172
f 5163/5163/5163 5172/5172/5172 5164/5164/5164
f 5164/5164/5164 5172/5172/5172 5173/5173/5173
f 5164/5164/5164 5173/5173/5173 5165/5165/5165
f 5165/5165/5165 5173/5173/5173 5174/5174/5174
f 5165/5165/5165 5174/5174/5174 5166/5166/5166
f 5166/5166/5166 5174/5174/5174 5175/5175/5175
f 5166/5166/5166 5175/5175/5175 5167/5167/5167
f 5167/5167/5167 5175/5175/5175 5176/5176/5176
f 5167/5167/5167 5176/5176/5176 5168/5168/5168
f 5168/5168/5168 5176/5176/5176 5169/5169/5169
f 5168/5168/5168 5169/5169/5169 5161/5161/5161
o gold
usemtl gold
v -0.94000 0.18500 0.10000
v -0.94000 0.18500 0.10000
v -0.94000 0.18500 0.10000
v -0.94000 0.18500 0.10000
v -0.94000 0.18500 0.10000
v -0.94000 0.18500 0.10000
v -0.94000 0.18500 0.10000
v -0.94000 0.18500 0.10000
v -0.94000 0.17475 0.12828
v -0.91236 0.17475 0.11763
v -0.90553 0.17475 0.09371
v -0.92466 0.17475 0.07452
v -0.95534 0.17475 0.07452
v -0.97447 0.17475 0.09371
v -0.96764 0.17475 0.11763
v -0.94000 0.17475 0.12828
v -0.94000 0.15000 0.14000
v -0.90091 0.15000 0.12494
v -0.89125 0.15000 0.09110
v -0.91831 0.15000 0.06396
v -0.96169 0.15000 0.06396
v -0.98875 0.15000 0.09110
v -0.97909 0.15000 0.12494
v -0.94000 0.15000 0.14000
v -0.94000 0.12525 0.12828
v -0.91236 0.12525 0.11763
v -0.90553 0.12525 0.09371
v -0.92466 0.12525 0.07452
v -0.95534 0.12525 0.07452
v -0.97447 0.12525 0.09371
v -0.96764 0.12525 0.11763
v -0.94000 0.12525 0.12828
v -0.94000 0.11500 0.10000
v -0.94000 0.11500 0.10000
v -0.94000 0.11500 0.10000
v -0.94000 0.11500 0.10000
v -0.94000 0.11500 0.10000
v -0.94000 0.11500 0.10000
v -0.94000 0.11500 0.10000
v -0.94000 0.11500 0.10000
v 0.94000 0.18500 0.10000
v 0.94000 0.18500 0.10000
v 0.94000 0.18500 0.10000
v 0.94000 0.18500 0.10000
v 0.94000 0.18500 0.10000
v 0.94000 0.18500 0.10000
v 0.94000 0.18500 0.10000
v 0.94000 0.18500 0.10000
v 0.94000 0.17475 0.12828
v 0.96764 0.17475 0.11763
v 0.97447 0.17475 0.09371
v 0.95534 0.17475 0.07452
v 0.92466 0.17475 0.07452
v 0.90553 0.17475 0.09371
v 0.91236 0.17475 0.11763
v 0.94000 0.17475 0.12828
v 0.94000 0.15000 0.14000
v 0.97909 0.15000 0.12494
v 0.98875 0.15000 0.09110
v 0.96169 0.15000 0.06396
v 0.91831 0.15000 0.06396
v 0.89125 0.15000 0.09110
v 0.90091 0.15000 0.12494
v 0.94000 0.15000 0.14000
v 0.94000 0.12525 0.12828
v 0.96764 0.12525 0.11763
v 0.97447 0.12525 0.09371
v 0.95534 0.12525 0.07452
v 0.92466 0.12525 0.07452
v 0.90553 0.12525 0.09371
v 0.91236 0.12525 0.11763
v 0.94000 0.12525 0.12828
v 0.94000 0.11500 0.10000
v 0.94000 0.11500 0.10000
v 0.94000 0.11500 0.10000
v 0.94000 0.11500 0.10000
v 0.94000 0.11500 0.10000
v 0.94000 0.11500 0.10000
v 0.94000 0.11500 0.10000
v 0.94000 0.11500 0.10000
vt 0.00000 0.00000
vt 0.14286 0.00000
vt 0.28571 0.00000
vt 0.42857 0.00000
vt 0.57143 0.00000
vt 0.71429 0.00000
vt 0.85714 0.00000
vt 1.00000 0.00000
vt 0.00000 0.25000
vt 0.14286 0.25000
vt 0.28571 0.25000
vt 0.42857 0.25000
vt 0.57143 0.25000
vt 0.71429 0.25000
vt 0.85714 0.25000
vt 1.00000 0.25000
vt 0.00000 0.50000
vt 0.14286 0.50000
vt 0.28571 0.50000
vt 0.42857 0.50000
vt 0.57143 0.50000
vt 0.71429 0.50000
vt 0.85714 0.50000
vt 1.00000 0.50000
vt 0.00000 0.75000
vt 0.14286 0.75000
vt 0.28571 0.75000
vt 0.42857 0.75000
vt 0.57143 0.75000
vt 0.71429 0.75000
vt 0.85714 0.75000
vt 1.00000 0.75000
vt 0.00000 1.00000
vt 0.14286 1.00000
vt 0.28571 1.00000
vt 0.42857 1.00000
vt 0.57143 1.00000
vt 0.71429 1.00000
vt 0.85714 1.00000
vt 1.00000 1.00000
vt 0.00000 0.00000
vt 0.14286 0.00000
vt 0.28571 0.00000
vt 0.42857 0.00000
vt 0.57143 0.00000
vt 0.71429 0.00000
vt 0.85714 0.00000
vt 1.00000 0.00000
vt 0.00000 0.25000
vt 0.14286 0.25000
vt 0.28571 0.25000
vt 0.42857 0.25000
vt 0.57143 0.25000
vt 0.71429 0.25000
vt 0.85714 0.25000
vt 1.00000 0.25000
vt 0.00000 0.50000
vt 0.14286 0.50000
vt 0.28571 0.50000
vt 0.42857 0.50000
vt 0.57143 0.50000
vt 0.71429 0.50000
vt 0.85714 0.50000
vt 1.00000 0.50000
vt 0.00000 0.75000
vt 0.14286 0.75000
vt 0.28571 0.75000
vt 0.42857 0.75000
vt 0.57143 0.75000
vt 0.71429 0.75000
vt 0.85714 0.75000
vt 1.00000 0.75000
vt 0.00000 1.00000
vt 0.14286 1.00000
vt 0.28571 1.00000
vt 0.42857 1.00000
vt 0.57143 1.00000
vt 0.71429 1.00000
vt 0.85714 1.00000
vt 1.00000 1.00000
vn 0.13016 0.93216 0.33785
vn 0.29828 0.95068 0.08510
vn 0.23709 0.94230 -0.23634
vn 0.00000 0.92775 -0.37321
vn -0.23709 0.94230 -0.23634
vn -0.29828 0.95068 0.08510
vn -0.13016 0.93216 0.33785
vn 0.00000 0.00000 0.00000
vn 0.28704 0.60209 0.74505
vn 0.55924 0.72900 0.39473
vn 0.60272 0.73776 -0.30404
vn 0.17052 0.67774 -0.71526
vn -0.34974 0.69500 -0.62822
vn -0.65929 0.74996 -0.05384
vn -0.41777 0.70449 0.57373
vn -0.24591 0.72947 0.63828
vn 0.35713 -0.11462 0.92699
vn 0.70822 0.00000 0.70599
vn 0.96163 0.00000 -0.27436
vn 0.35950 0.00000 -0.93314
vn -0.35950 0.00000 -0.93314
vn -0.96163 0.00000 -0.27436
vn -0.70822 0.00000 0.70599
vn -0.35713 0.11462 0.92699
vn 0.24591 -0.72947 0.63828
vn 0.41777 -0.70449 0.57373
vn 0.65929 -0.74996 -0.05384
vn 0.34974 -0.69500 -0.62822
vn -0.17052 -0.67774 -0.71526
vn -0.60272 -0.73776 -0.30404
vn -0.55924 -0.72900 0.39473
vn -0.28704 -0.60209 0.74505
vn 0.00000 0.00000 0.00000
vn 0.13016 -0.93216 0.33785
vn 0.29828 -0.95068 0.08510
vn 0.23709 -0.94230 -0.23634
vn 0.00000 -0.92775 -0.37321
vn -0.23709 -0.94230 -0.23634
vn -0.29828 -0.95068 0.08510
vn -0.13016 -0.93216 0.33785
vn 0.13016 0.93216 0.33785
vn 0.29828 0.95068 0.08510
vn 0.23709 0.94230 -0.23634
vn 0.00000 0.92775 -0.37321
vn -0.23709 0.94230 -0.23634
vn -0.29828 0.95068 0.08510
vn -0.13016 0.93216 0.33785
vn 0.00000 0.00000 0.00000
vn 0.28704 0.60209 0.74505
vn 0.55924 0.72900 0.39473
vn 0.60272 0.73776 -0.30404
vn 0.17052 0.67774 -0.71526
vn -0.34974 0.69500 -0.62822
vn -0.65929 0.74996 -0.05384
vn -0.41777 0.70449 0.57373
vn -0.24591 0.72947 0.63828
vn 0.35713 -0.11462 0.92699
vn 0.70822 0.00000 0.70599
vn 0.96163 0.00000 -0.27436
vn 0.35950 0.00000 -0.93314
vn -0.35950 0.00000 -0.93314
vn -0.96163 0.00000 -0.27436
vn -0.70822 0.00000 0.70599
vn -0.35713 0.11462 0.92699
vn 0.24591 -0.72947 0.63828
vn 0.41777 -0.70449 0.57373
vn 0.65929 -0.74996 -0.05384
vn 0.34974 -0.69500 -0.62822
vn -0.17052 -0.67774 -0.71526
vn -0.60272 -0.73776 -0.30404
vn -0.55924 -0.72900 0.39473
vn -0.28704 -0.60209 0.74505
vn 0.00000 0.00000 0.00000
vn 0.13016 -0.93216 0.33785
vn 0.29828 -0.95068 0.08510
vn 0.23709 -0.94230 -0.23634
vn 0.00000 -0.92775 -0.37321
vn -0.23709 -0.94230 -0.23634
vn -0.29828 -0.95068 0.08510
vn -0.13016 -0.93216 0.33785
f 5177/5177/5177 5185/5185/5185 5186/5186/5186
f 5177/5177/5177 5186/5186/5186 5178/5178/5178
f 5178/5178/5178 5186/5186/5186 5187/5187/5187
f 5178/5178/5178 5187/5187/5187 5179/5179/5179
f 5179/5179/5179 5187/5187/5187 5188/5188/5188
f 5179/5179/5179 5188/5188/5188 5180/5180/5180
f 5180/5180/5180 5188/5188/5188 5189/5189/5189
f 5180/5180/5180 5189/5189/5189 5181/5181/5181
f 5181/5181/5181 5189/5189/5189 5190/5190/5190
f 5181/5181/5181 5190/5190/5190 5182/5182/5182
f 5182/5182/5182 5190/5190/5190 5191/5191/5191
f 5182/5182/5182 5191/5191/5191 5183/5183/5183
f 5183/5183/5183 5191/5191/5191 5192/5192/5192
f 5183/5183/5183 5192/5192/5192 5184/5184/5184
f 5184/5184/5184 5192/5192/5192 5185/5185/5185
f 5184/5184/5184 5185/5185/5185 5177/5177/5177
f 5185/5185/5185 5193/5193/5193 5194/5194/5194
f 5185/5185/5185 5194/5194/5194 5186/5186/5186
f 5186/5186/5186 5194/5194/5194 5195/5195/5195
f 5186/5186/5186 5195/5195/5195 5187/5187/5187
f 5187/5187/5187 5195/5195/5195 5196/5196/5196
f 5187/5187/5187 5196/5196/5196 5188/5188/5188
f 5188/5188/5188 5196/5196/5196 5197/5197/5197
f 5188/5188/5188 5197/5197/5197 5189/5189/5189
f 5189/5189/5189 5197/5197/5197 5198/5198/5198
f 5189/5189/5189 5198/5198/5198 5190/5190/5190
f 5190/5190/5190 5198/5198/5198 5199/5199/5199
f 5190/5190/5190 5199/5199/5199 5191/5191/5191
f 5191/5191/5191 5199/5199/5199 5200/5200/5200
f 5191/5191/5191 5200/5200/5200 5192/5192/5192
f 5192/5192/5192 5200/5200/5200 5193/5193/5193
f 5192/5192/5192 5193/5193/5193 5185/5185/5185
f 5193/5193/5193 5201/5201/5201 5202/5202/5202
f 5193/5193/5193 5202/5202/5202 5194/5194/5194
f 5194/5194/5194 5202/5202/5202 5203/5203/5203
f 5194/5194/5194 5203/5203/5203 5195/5195/5195
f 5195/5195/5195 5203/5203/5203 5204/5204/5204
f 5195/5195/5195 5204/5204/5204 5196/5196/5196
f 5196/5196/5196 5204/5204/5204 5205/5205/5205
f 5196/5196/5196 5205/5205/5205 5197/5197/5197
f 5197/5197/5197 5205/5205/5205 5206/5206/5206
f 5197/5197/5197 5206/5206/5206 5198/5198/5198
f 5198/5198/5198 5206/5206/5206 5207/5207/5207
f 5198/5198/5198 5207/5207/5207 5199/5199/5199
f 5199/5199/5199 5207/5207/5207 5208/5208/5208
f 5199/5199/5199 5208/5208/5208 5200/5200/5200
f 5200/5200/5200 5208/5208/5208 5201/5201/5201
f 5200/5200/5200 5201/5201/5201 5193/5193/5193
f 5201/5201/5201 5209/5209/5209 5210/5210/5210
f 5201/5201/5201 5210/5210/5210 5202/5202/5202
f 5202/5202/5202 5210/5210/5210 5211/5211/5211
f 5202/5202/5202 5211/5211/5211 5203/5203/5203
f 5203/5203/5203 5211/5211/5211 5212/5212/5212
f 5203/5203/5203 5212/5212/5212 5204/5204/5204
f 5204/5204/5204 5212/5212/5212 5213/5213/5213
f 5204/5204/5204 5213/5213/5213 5205/5205/5205
f 5205/5205/5205 5213/5213/5213 5214/5214/5214
f 5205/5205/5205 5214/5214/5214 5206/5206/5206
f 5206/5206/5206 5214/5214/5214 5215/5215/5215
f 5206/5206/5206 5215/5215/5215 5207/5207/5207
f 5207/5207/5207 5215/5215/5215 5216/5216/5216
f 5207/5207/5207 5216/5216/5216 5208/5208/5208
f 5208/5208/5208 5216/5216/5216 5209/5209/5209
f 5208/5208/5208 5209/5209/5209 5201/5201/5201
f 5217/5217/5217 5225/5225/5225 5226/5226/5226
f 5217/5217/5217 5226/5226/5226 5218/5218/5218
f 5218/5218/5218 5226/5226/5226 5227/5227/5227
f 5218/5218/5218 5227/5227/5227 5219/5219/5219
f 5219/5219/5219 5227/5227/5227 5228/5228/5228
f 5219/5219/5219 5228/5228/5228 5220/5220/5220
f 5220/5220/5220 5228/5228/5228 5229/5229/5229
f 5220/5220/5220 5229/5229/5229 5221/5221/5221
f 5221/5221/5221 5229/5229/5229 5230/5230/5230
f 5221/5221/5221 5230/5230/5230 5222/5222/5222
f 5222/5222/5222 5230/5230/5230 5231/5231/5231
f 5222/5222/5222 5231/5231/5231 5223/5223/5223
f 5223/5223/5223 5231/5231/5231 5232/5232/5232
f 5223/5223/5223 5232/5232/5232 5224/5224/5224
f 5224/5224/5224 5232/5232/5232 5225/5225/5225
f 5224/5224/5224 5225/5225/5225 5217/5217/5217
f 5225/5225/5225 5233/5233/5233 5234/5234/5234
f 5225/5225/5225 5234/5234/5234 5226/5226/5226
f 5226/5226/5226 5234/5234/5234 5235/5235/5235
f 5226/5226/5226 5235/5235/5235 5227/5227/5227
f 5227/5227/5227 5235/5235/5235 5236/5236/5236
f 5227/5227/5227 5236/5236/5236 5228/5228/5228
f 5228/5228/5228 5236/5236/5236 5237/5237/5237
f 5228/5228/5228 5237/5237/5237 5229/5229/5229
f 5229/5229/5229 5237/5237/5237 5238/5238/5238
f 5229/5229/5229 5238/5238/5238 5230/5230/5230
f 5230/5230/5230 5238/5238/5238 5239/5239/5239
f 5230/5230/5230 5239/5239/5239 5231/5231/5231
f 5231/5231/5231 5239/5239/5239 5240/5240/5240
f 5231/5231/5231 5240/5240/5240 5232/5232/5232
f 5232/5232/5232 5240/5240/5240 5233/5233/5233
f 5232/5232/5232 5233/5233/5233 5225/5225/5225
f 5233/5233/5233 5241/5241/5241 5242/5242/5242
f 5233/5233/5233 5242/5242/5242 5234/5234/5234
f 5234/5234/5234 5242/5242/5242 5243/5243/5243
f 5234/5234/5234 5243/5243/5243 5235/5235/5235
f 5235/5235/5235 5243/5243/5243 5244/5244/5244
f 5235/5235/5235 5244/5244/5244 5236/5236/5236
f 5236/5236/5236 5244/5244/5244 5245/5245/5245
f 5236/5236/5236 5245/5245/5245 5237/5237/5237
f 5237/5237/5237 5245/5245/5245 5246/5246/5246
f 5237/5237/5237 5246/5246/5246 5238/5238/5238
f 5238/5238/5238 5246/5246/5246 5247/5247/5247
f 5238/5238/5238 5247/5247/5247 5239/5239/5239
f 5239/5239/5239 5247/5247/5247 5248/5248/5248
f 5239/5239/5239 5248/5248/5248 5240/5240/5240
f 5240/5240/5240 5248/5248/5248 5241/5241/5241
f 5240/5240/5240 5241/5241/5241 5233/5233/5233
f 5241/5241/5241 5249/5249/5249 5250/5250/5250
f 5241/5241/5241 5250/5250/5250 5242/5242/5242
f 5242/5242/5242 5250/5250/5250 5251/5251/5251
f 5242/5242/5242 5251/5251/5251 5243/5243/5243
f 5243/5243/5243 5251/5251/5251 5252/5252/5252
f 5243/5243/5243 5252/5252/5252 5244/5244/5244
f 5244/5244/5244 5252/5252/5252 5253/5253/5253
f 5244/5244/5244 5253/5253/5253 5245/5245/5245
f 5245/5245/5245 5253/5253/5253 5254/5254/5254
f 5245/5245/5245 5254/5254/5254 5246/5246/5246
f 5246/5246/5246 5254/5254/5254 5255/5255/5255
f 5246/5246/5246 5255/5255/5255 5247/5247/5247
f 5247/5247/5247 5255/5255/5255 5256/5256/5256
f 5247/5247/5247 5256/5256/5256 5248/5248/5248
f 5248/5248/5248 5256/5256/5256 5249/5249/5249
f 5248/5248/5248 5249/5249/5249 5241/5241/5241
o leather
usemtl leather
v -0.96000 0.15000 -0.15000
v -0.94000 0.18464 -0.15000
v -0.90000 0.18464 -0.15000
v -0.88000 0.15000 -0.15000
v -0.90000 0.11536 -0.15000
v -0.94000 0.11536 -0.15000
v -0.96000 0.15000 -0.05000
v -0.94000 0.18464 -0.05000
v -0.90000 0.18464 -0.05000
v -0.88000 0.15000 -0.05000
v -0.90000 0.11536 -0.05000
v -0.94000 0.11536 -0.05000
v -0.96000 0.15000 0.05000
v -0.94000 0.18464 0.05000
v -0.90000 0.18464 0.05000
v -0.88000 0.15000 0.05000
v -0.90000 0.11536 0.05000
v -0.94000 0.11536 0.05000
v -0.96000 0.15000 0.15000
v -0.94000 0.18464 0.15000
v -0.90000 0.18464 0.15000
v -0.88000 0.15000 0.15000
v -0.90000 0.11536 0.15000
v -0.94000 0.11536 0.15000
v -0.96000 0.15000 0.25000
v -0.94000 0.18464 0.25000
v -0.90000 0.18464 0.25000
v -0.88000 0.15000 0.25000
v -0.90000 0.11536 0.25000
v -0.94000 0.11536 0.25000
v -0.96000 0.15000 0.35000
v -0.94000 0.18464 0.35000
v -0.90000 0.18464 0.35000
v -0.88000 0.15000 0.35000
v -0.90000 0.11536 0.35000
v -0.94000 0.11536 0.35000
v 0.88000 0.15000 -0.15000
v 0.90000 0.18464 -0.15000
v 0.94000 0.18464 -0.15000
v 0.96000 0.15000 -0.15000
v 0.94000 0.11536 -0.15000
v 0.90000 0.11536 -0.15000
v 0.88000 0.15000 -0.05000
v 0.90000 0.18464 -0.05000
v 0.94000 0.18464 -0.05000
v 0.96000 0.15000 -0.05000
v 0.94000 0.11536 -0.05000
v 0.90000 0.11536 -0.05000
v 0.88000 0.15000 0.05000
v 0.90000 0.18464 0.05000
v 0.94000 0.18464 0.05000
v 0.96000 0.15000 0.05000
v 0.94000 0.11536 0.05000
v 0.90000 0.11536 0.05000
v 0.88000 0.15000 0.15000
v 0.90000 0.18464 0.15000
v 0.94000 0.18464 0.15000
v 0.96000 0.15000 0.15000
v 0.94000 0.11536 0.15000
v 0.90000 0.11536 0.15000
v 0.88000 0.15000 0.25000
v 0.90000 0.18464 0.25000
v 0.94000 0.18464 0.25000
v 0.96000 0.15000 0.25000
v 0.94000 0.11536 0.25000
v 0.90000 0.11536 0.25000
v 0.88000 0.15000 0.35000
v 0.90000 0.18464 0.35000
v 0.94000 0.18464 0.35000
v 0.96000 0.15000 0.35000
v 0.94000 0.11536 0.35000
v 0.90000 0.11536 0.35000
vt 0.00000 0.00000
vt 0.16667 0.00000
vt 0.33333 0.00000
vt 0.50000 0.00000
vt 0.66667 0.00000
vt 0.83333 0.00000
vt 0.00000 0.20000
vt 0.16667 0.20000
vt 0.33333 0.20000
vt 0.50000 0.20000
vt 0.66667 0.20000
vt 0.83333 0.20000
vt 0.00000 0.40000
vt 0.16667 0.40000
vt 0.33333 0.40000
vt 0.50000 0.40000
vt 0.66667 0.40000
vt 0.83333 0.40000
vt 0.00000 0.60000
vt 0.16667 0.60000
vt 0.33333 0.60000
vt 0.50000 0.60000
vt 0.66667 0.60000
vt 0.83333 0.60000
vt 0.00000 0.80000
vt 0.16667 0.80000
vt 0.33333 0.80000
vt 0.50000 0.80000
vt 0.66667 0.80000
vt 0.83333 0.80000
vt 0.00000 1.00000
vt 0.16667 1.00000
vt 0.33333 1.00000
vt 0.50000 1.00000
vt 0.66667 1.00000
vt 0.83333 1.00000
vt 0.00000 0.00000
vt 0.16667 0.00000
vt 0.33333 0.00000
vt 0.50000 0.00000
vt 0.66667 0.00000
vt 0.83333 0.00000
vt 0.00000 0.20000
vt 0.16667 0.20000
vt 0.33333 0.20000
vt 0.50000 0.20000
vt 0.66667 0.20000
vt 0.83333 0.20000
vt 0.00000 0.40000
vt 0.16667 0.40000
vt 0.33333 0.40000
vt 0.50000 0.40000
vt 0.66667 0.40000
vt 0.83333 0.40000
vt 0.00000 0.60000
vt 0.16667 0.60000
vt 0.33333 0.60000
vt 0.50000 0.60000
vt 0.66667 0.60000
vt 0.83333 0.60000
vt 0.00000 0.80000
vt 0.16667 0.80000
vt 0.33333 0.80000
vt 0.50000 0.80000
vt 0.66667 0.80000
vt 0.83333 0.80000
vt 0.00000 1.00000
vt 0.16667 1.00000
vt 0.33333 1.00000
vt 0.50000 1.00000
vt 0.66667 1.00000
vt 0.83333 1.00000
vn -0.98198 0.18898 0.00000
vn -0.32733 0.94491 0.00000
vn 0.65465 0.75593 0.00000
vn 0.98198 -0.18898 0.00000
vn 0.32733 -0.94491 0.00000
vn -0.65465 -0.75593 0.00000
vn -1.00000 0.00000 0.00000
vn -0.50000 0.86603 0.00000
vn 0.50000 0.86603 0.00000
vn 1.00000 0.00000 0.00000
vn 0.50000 -0.86603 0.00000
vn -0.50000 -0.86603 0.00000
vn -1.00000 -0.00000 0.00000
vn -0.50000 0.86603 0.00000
vn 0.50000 0.86603 0.00000
vn 1.00000 0.00000 0.00000
vn 0.50000 -0.86603 0.00000
vn -0.50000 -0.86603 0.00000
vn -1.00000 0.00000 0.00000
vn -0.50000 0.86603 0.00000
vn 0.50000 0.86603 0.00000
vn 1.00000 -0.00000 0.00000
vn 0.50000 -0.86603 0.00000
vn -0.50000 -0.86603 0.00000
vn -1.00000 -0.00000 0.00000
vn -0.50000 0.86603 0.00000
vn 0.50000 0.86603 0.00000
vn 1.00000 0.00000 0.00000
vn 0.50000 -0.86603 0.00000
vn -0.50000 -0.86603 0.00000
vn -0.98198 -0.18898 0.00000
vn -0.65465 0.75593 0.00000
vn 0.32733 0.94491 0.00000
vn 0.98198 0.18898 0.00000
vn 0.65465 -0.75593 0.00000
vn -0.32733 -0.94491 0.00000
vn -0.98198 0.18898 0.00000
vn -0.32733 0.94491 0.00000
vn 0.65465 0.75593 0.00000
vn 0.98198 -0.18898 0.00000
vn 0.32733 -0.94491 0.00000
vn -0.65465 -0.75593 0.00000
vn -1.00000 0.00000 0.00000
vn -0.50000 0.86603 0.00000
vn 0.50000 0.86603 0.00000
vn 1.00000 0.00000 0.00000
vn 0.50000 -0.86603 0.00000
vn -0.50000 -0.86603 0.00000
vn -1.00000 -0.00000 0.00000
vn -0.50000 0.86603 0.00000
vn 0.50000 0.86603 0.00000
vn 1.00000 0.00000 0.00000
vn 0.50000 -0.86603 0.00000
vn -0.50000 -0.86603 0.00000
vn -1.00000 0.00000 0.00000
vn -0.50000 0.86603 0.00000
vn 0.50000 0.86603 0.00000
vn 1.00000 -0.00000 0.00000
vn 0.50000 -0.86603 0.00000
vn -0.50000 -0.86603 0.00000
vn -1.00000 -0.00000 0.00000
vn -0.50000 0.86603 0.00000
vn 0.50000 0.86603 0.00000
vn 1.00000 0.00000 0.00000
vn 0.50000 -0.86603 0.00000
vn -0.50000 -0.86603 0.00000
vn -0.98198 -0.18898 0.00000
vn -0.65465 0.75593 0.00000
vn 0.32733 0.94491 0.00000
vn 0.98198 0.18898 0.00000
vn 0.65465 -0.75593 0.00000
vn -0.32733 -0.94491 0.00000
f 5257/5257/5257 5263/5263/5263 5264/5264/5264
f 5257/5257/5257 5264/5264/5264 5258/5258/5258
f 5258/5258/5258 5264/5264/5264 5265/5265/5265
f 5258/5258/5258 5265/5265/5265 5259/5259/5259
f 5259/5259/5259 5265/5265/5265 5266/5266/5266
f 5259/5259/5259 5266/5266/5266 5260/5260/5260
f 5260/5260/5260 5266/5266/5266 5267/5267/5267
f 5260/5260/5260 5267/5267/5267 5261/5261/5261
f 5261/5261/5261 5267/5267/5267 5268/5268/5268
f 5261/5261/5261 5268/5268/5268 5262/5262/5262
f 5262/5262/5262 5268/5268/5268 5263/5263/5263
f 5262/5262/5262 5263/5263/5263 5257/5257/5257
f 5263/5263/5263 5269/5269/5269 5270/5270/5270
f 5263/5263/5263 5270/5270/5270 5264/5264/5264
f 5264/5264/5264 5270/5270/5270 5271/5271/5271
f 5264/5264/5264 5271/5271/5271 5265/5265/5265
f 5265/5265/5265 5271/5271/5271 5272/5272/5272
f 5265/5265/5265 5272/5272/5272 5266/5266/5266
f 5266/5266/5266 5272/5272/5272 5273/5273/5273
f 5266/5266/5266 5273/5273/5273 5267/5267/5267
f 5267/5267/5267 5273/5273/5273 5274/5274/5274
f 5267/5267/5267 5274/5274/5274 5268/5268/5268
f 5268/5268/5268 5274/5274/5274 5269/5269/5269
f 5268/5268/5268 5269/5269/5269 5263/5263/5263
f 5269/5269/5269 5275/5275/5275 5276/5276/5276
f 5269/5269/5269 5276/5276/5276 5270/5270/5270
f 5270/5270/5270 5276/5276/5276 5277/5277/5277
f 5270/5270/5270 5277/5277/5277 5271/5271/5271
f 5271/5271/5271 5277/5277/5277 5278/5278/5278
f 5271/5271/5271 5278/5278/5278 5272/5272/5272
f 5272/5272/5272 5278/5278/5278 5279/5279/5279
f 5272/5272/5272 5279/5279/5279 5273/5273/5273
f 5273/5273/5273 5279/5279/5279 5280/5280/5280
f 5273/5273/5273 5280/5280/5280 5274/5274/5274
f 5274/5274/5274 5280/5280/5280 5275/5275/5275
f 5274/5274/5274 5275/5275/5275 5269/5269/5269
f 5275/5275/5275 5281/5281/5281 5282/5282/5282
f 5275/5275/5275 5282/5282/5282 5276/5276/5276
f 5276/5276/5276 5282/5282/5282 5283/5283/5283
f 5276/5276/5276 5283/5283/5283 5277/5277/5277
f 5277/5277/5277 5283/5283/5283 5284/5284/5284
f 5277/5277/5277 5284/5284/5284 5278/5278/5278
f 5278/5278/5278 5284/5284/5284 5285/5285/5285
f 5278/5278/5278 5285/5285/5285 5279/5279/5279
f 5279/5279/5279 5285/5285/5285 5286/5286/5286
f 5279/5279/5279 5286/5286/5286 5280/5280/5280
f 5280/5280/5280 5286/5286/5286 5281/5281/5281
f 5280/5280/5280 5281/5281/5281 5275/5275/5275
f 5281/5281/5281 5287/5287/5287 5288/5288/5288
f 5281/5281/5281 5288/5288/5288 5282/5282/5282
f 5282/5282/5282 5288/5288/5288 5289/5289/5289
f 5282/5282/5282 5289/5289/5289 5283/5283/5283
f 5283/5283/5283 5289/5289/5289 5290/5290/5290
f 5283/5283/5283 5290/5290/5290 5284/5284/5284
f 5284/5284/5284 5290/5290/5290 5291/5291/5291
f 5284/5284/5284 5291/5291/5291 5285/5285/5285
f 5285/5285/5285 5291/5291/5291 5292/5292/5292
f 5285/5285/5285 5292/5292/5292 5286/5286/5286
f 5286/5286/5286 5292/5292/5292 5287/5287/5287
f 5286/5286/5286 5287/5287/5287 5281/5281/5281
f 5293/5293/5293 5299/5299/5299 5300/5300/5300
f 5293/5293/5293 5300/5300/5300 5294/5294/5294
f 5294/5294/5294 5300/5300/5300 5301/5301/5301
f 5294/5294/5294 5301/5301/5301 5295/5295/5295
f 5295/5295/5295 5301/5301/5301 5302/5302/5302
f 5295/5295/5295 5302/5302/5302 5296/5296/5296
f 5296/5296/5296 5302/5302/5302 5303/5303/5303
f 5296/5296/5296 5303/5303/5303 5297/5297/5297
f 5297/5297/5297 5303/5303/5303 5304/5304/5304
f 5297/5297/5297 5304/5304/5304 5298/5298/5298
f 5298/5298/5298 5304/5304/5304 5299/5299/5299
f 5298/5298/5298 5299/5299/5299 5293/5293/5293
f 5299/5299/5299 5305/5305/5305 5306/5306/5306
f 5299/5299/5299 5306/5306/5306 5300/5300/5300
f 5300/5300/5300 5306/5306/5306 5307/5307/5307
f 5300/5300/5300 5307/5307/5307 5301/5301/5301
f 5301/5301/5301 5307/5307/5307 5308/5308/5308
f 5301/5301/5301 5308/5308/5308 5302/5302/5302
f 5302/5302/5302 5308/5308/5308 5309/5309/5309
f 5302/5302/5302 5309/5309/5309 5303/5303/5303
f 5303/5303/5303 5309/5309/5309 5310/5310/5310
f 5303/5303/5303 5310/5310/5310 5304/5304/5304
f 5304/5304/5304 5310/5310/5310 5305/5305/5305
f 5304/5304/5304 5305/5305/5305 5299/5299/5299
f 5305/5305/5305 5311/5311/5311 5312/5312/5312
f 5305/5305/5305 5312/5312/5312 5306/5306/5306
f 5306/5306/5306 5312/5312/5312 5313/5313/5313
f 5306/5306/5306 5313/5313/5313 5307/5307/5307
f 5307/5307/5307 5313/5313/5313 5314/5314/5314
f 5307/5307/5307 5314/5314/5314 5308/5308/5308
f 5308/5308/5308 5314/5314/5314 5315/5315/5315
f 5308/5308/5308 5315/5315/5315 5309/5309/5309
f 5309/5309/5309 5315/5315/5315 5316/5316/5316
f 5309/5309/5309 5316/5316/5316 5310/5310/5310
f 5310/5310/5310 5316/5316/5316 5311/5311/5311
f 5310/5310/5310 5311/5311/5311 5305/5305/5305
f 5311/5311/5311 5317/5317/5317 5318/5318/5318
f 5311/5311/5311 5318/5318/5318 5312/5312/5312
f 5312/5312/5312 5318/5318/5318 5319/5319/5319
f 5312/5312/5312 5319/5319/5319 5313/5313/5313
f 5313/5313/5313 5319/5319/5319 5320/5320/5320
f 5313/5313/5313 5320/5320/5320 5314/5314/5314
f 5314/5314/5314 5320/5320/5320 5321/5321/5321
f 5314/5314/5314 5321/5321/5321 5315/5315/5315
f 5315/5315/5315 5321/5321/5321 5322/5322/5322
f 5315/5315/5315 5322/5322/5322 5316/5316/5316
f 5316/5316/5316 5322/5322/5322 5317/5317/5317
f 5316/5316/5316 5317/5317/5317 5311/5311/5311
f 5317/5317/5317 5323/5323/5323 5324/5324/5324
f 5317/5317/5317 5324/5324/5324 5318/5318/5318
f 5318/5318/5318 5324/5324/5324 5325/5325/5325
f 5318/5318/5318 5325/5325/5325 5319/5319/5319
f 5319/5319/5319 5325/5325/5325 5326/5326/5326
f 5319/5319/5319 5326/5326/5326 5320/5320/5320
f 5320/5320/5320 5326/5326/5326 5327/5327/5327
f 5320/5320/5320 5327/5327/5327 5321/5321/5321
f 5321/5321/5321 5327/5327/5327 5328/5328/5328
f 5321/5321/5321 5328/5328/5328 5322/5322/5322
f 5322/5322/5322 5328/5328/5328 5323/5323/5323
f 5322/5322/5322 5323/5323/5323 5317/5317/5317
